"campaignid","sample","latitude","longitude","depth","depth.multibeam","slope","aspect","roughness","tpi","flowdir","detrended"
"2020-06_south-west_stereo-BRUVs","01",-34.128599,114.930865,46.7,47.4797134399414,0.0555727742612362,4.79111480712891,0.547453999519348,-0.0651882737874985,16,-3.20522594451904
"2020-06_south-west_stereo-BRUVs","02",-34.125316,114.928838,44.4,45.1958084106445,0.0496233701705933,0.844672918319702,0.546893239021301,0.00855654664337635,1,-0.580976068973541
"2020-06_south-west_stereo-BRUVs","03",-34.126906,114.925945,39.3,40.2618675231934,0.0870457291603088,5.08118295669556,0.901534616947174,-0.0303972065448761,16,4.00337600708008
"2020-06_south-west_stereo-BRUVs","04",-34.122634,114.920337,44.1,45.5152435302734,0.00527942134067416,4.21239185333252,0.0663362219929695,-0.027452178299427,4,-1.06260538101196
"2020-06_south-west_stereo-BRUVs","05",-34.131497,114.915753,44.1,44.2462730407715,0.00257452391088009,6.24385786056519,0.0452103689312935,-0.0148035427555442,32,-1.17071223258972
"2020-06_south-west_stereo-BRUVs","06",-34.132842,114.912405,43.2,44.1712760925293,0.00608334364369512,2.55073308944702,0.0743396729230881,0.0191150102764368,1,-1.38399052619934
"2020-06_south-west_stereo-BRUVs","07",-34.134771,114.910241,43.9,44.3988380432129,0.00236326595768332,2.22338032722473,0.058172307908535,0.0105492249131203,1,-1.80646884441376
"2020-06_south-west_stereo-BRUVs","08",-34.129352,114.911755,39.6,41.0257835388184,0.160393059253693,3.11744499206543,1.79340493679047,0.0956711024045944,16,2.00835418701172
"2020-06_south-west_stereo-BRUVs","09",-34.119541,114.916105,43.8,44.8568687438965,0.0171171668916941,0.246698305010796,0.221910074353218,0.0177089478820562,1,-0.30343958735466
"2020-06_south-west_stereo-BRUVs","10",-34.117294,114.918685,45.7,46.7235488891602,0.0427488386631012,0.555694401264191,0.420584291219711,-0.10969565063715,1,-1.66758036613464
"2020-06_south-west_stereo-BRUVs","11",-34.117752,114.92306,45.08,46.6423110961914,0.012820091098547,0.376470923423767,0.262039422988892,-0.130563974380493,16,-1.33685755729675
"2020-06_south-west_stereo-BRUVs","12",-34.132262,114.928545,40.1,40.0310287475586,0.0558522343635559,3.14711999893188,0.533334016799927,0.100559093058109,16,3.7294545173645
"2020-06_south-west_stereo-BRUVs","13",-34.128506,114.930547,45.2,46.9983139038086,0.196070551872253,1.60546064376831,1.6631383895874,0.118448741734028,1,-2.72138381004333
"2020-06_south-west_stereo-BRUVs","14",-34.128381,114.925457,35,37.0380210876465,0.138590648770332,0.462677180767059,1.37394464015961,0.0955904647707939,1,7.01488351821899
"2020-06_south-west_stereo-BRUVs","15",-34.125012,114.91032,43,43.7839584350586,0.120717614889145,3.27855157852173,1.44986534118652,0.121169224381447,1,-0.36316442489624
"2020-06_south-west_stereo-BRUVs","16",-34.126181,114.906548,40.9,43.624698638916,0.12195710837841,2.24533796310425,1.22358381748199,0.0901490747928619,1,-0.524068117141724
"2020-06_south-west_stereo-BRUVs","17",-34.132142,114.92083,40.2,41.5524291992188,0.109106674790382,2.92102718353271,1.06109070777893,0.0958095341920853,1,1.791255235672
"2020-06_south-west_stereo-BRUVs","18",-34.128679,114.924078,35.8,36.1955490112305,0.0246960036456585,5.14682245254517,0.281069546937943,0.050883661955595,16,7.73628520965576
"2020-06_south-west_stereo-BRUVs","20",-34.130219,114.820233,51.7,52.6652565002441,0.0225472021847963,5.51938915252686,0.197806462645531,0.0211992673575878,16,0.195996358990669
"2020-06_south-west_stereo-BRUVs","21",-34.128151,114.817448,52.4,52.7222518920898,0.0104595348238945,5.92639207839966,0.123128719627857,0.0492234192788601,16,0.447963327169418
"2020-06_south-west_stereo-BRUVs","22",-34.126271,114.819552,51.9,52.7560882568359,0.00756106711924076,6.16169309616089,0.077839270234108,-0.0280629303306341,32,-0.536510705947876
"2020-06_south-west_stereo-BRUVs","23",-34.124217,114.817017,51.3,52.6917495727539,0.032309103757143,5.25280857086182,0.404467165470123,-0.0708637982606888,64,-0.208098590373993
"2020-06_south-west_stereo-BRUVs","24",-34.118739,114.826402,49.8,50.2355155944824,0.00334377051331103,3.38142395019531,0.052878625690937,0.0183858927339315,16,-0.428386300802231
"2020-06_south-west_stereo-BRUVs","25",-34.116829,114.828432,48.4,49.6295890808105,0.00778982043266296,3.69658660888672,0.104789063334465,-0.0310216750949621,4,-0.337080121040344
"2020-06_south-west_stereo-BRUVs","26",-34.120881,114.828907,48.4,49.8594207763672,0.0762365907430649,1.42335116863251,0.69279408454895,-0.0705940723419189,1,-0.330067038536072
"2020-06_south-west_stereo-BRUVs","27",-34.121824,114.832898,47.8,48.0381278991699,0.0061937477439642,2.2938916683197,0.0894938111305237,0.0496774315834045,1,0.815145015716553
"2020-06_south-west_stereo-BRUVs","28",-34.112916,114.852137,44.7,44.7076530456543,0.00264507881365716,0.0615939944982529,0.218783304095268,0.058922003954649,1,-0.427327871322632
"2020-06_south-west_stereo-BRUVs","29",-34.111084,114.855648,43,44.6790351867676,0.0099295349791646,3.02002573013306,0.165702775120735,-0.071789488196373,2,-1.02348756790161
"2020-06_south-west_stereo-BRUVs","30",-34.112094,114.85946,42.9,44.5010261535645,0.0289961658418179,0.290490031242371,0.265856087207794,-0.0339890457689762,1,-1.17089807987213
"2020-06_south-west_stereo-BRUVs","31",-34.116007,114.860738,44.4,44.3971252441406,0.0475980415940285,5.87649345397949,0.497400850057602,0.0568328946828842,16,-0.884761035442352
"2020-06_south-west_stereo-BRUVs","32",-34.130076,114.86109,43.2,44.2820472717285,0.0104147139936686,4.89211416244507,0.130573451519012,-0.0450236536562443,64,0.549505829811096
"2020-06_south-west_stereo-BRUVs","33",-34.133067,114.8627,43.6,44.1517639160156,0.00112629833165556,6.21295261383057,0.062193725258112,-0.0394057147204876,64,0.783392012119293
"2020-06_south-west_stereo-BRUVs","34",-34.131334,114.866053,42.7,44.3274917602539,0.00248564081266522,1.41518700122833,0.0496698431670666,0.00740935606881976,1,0.0335719771683216
"2020-06_south-west_stereo-BRUVs","35",-34.134801,114.869348,43.8,43.7988090515137,0.0282502043992281,5.83792924880981,0.31948646903038,0.0146322231739759,16,0.499473601579666
"2020-06_south-west_stereo-BRUVs","36",-34.130484,114.878263,42.2,42.6771087646484,0.00661533325910568,4.8821587562561,0.347261607646942,-0.188021197915077,16,0.587494134902954
"2020-06_south-west_stereo-BRUVs","37",-34.126354,114.878937,41.2,42.9754600524902,0.00650046160444617,4.76165914535522,0.127465009689331,0.0625854581594467,16,0.160662069916725
"2020-06_south-west_stereo-BRUVs","38",-34.127912,114.883938,41.8,42.6322326660156,0.00867035333067179,0.189330294728279,0.0891804099082947,0.0271209757775068,1,0.321686148643494
"2020-06_south-west_stereo-BRUVs","39",-34.132294,114.884797,42.2,42.7178649902344,0.00696979509666562,6.04023456573486,0.0805319026112556,0.0086384667083621,16,0.212171867489815
"2020-06_south-west_stereo-BRUVs","40",-34.133669,114.880443,41.2,42.7340507507324,0.00730094313621521,0.762133181095123,0.0730073153972626,-0.00310669117607176,1,0.498070776462555
"2020-10_south-west_stereo-BRUVs","IO1",-34.07868897,114.7788721,64.6,65.6674957275391,0.0431446768343449,1.15633881092072,0.52597314119339,-0.143256038427353,1,1.87606859207153
"2020-10_south-west_stereo-BRUVs","IO100",-34.07618897,114.9088721,43.6,45.0910873413086,0.0112025616690516,2.68355751037598,0.102293722331524,0.0275074914097786,1,0.0347711853682995
"2020-10_south-west_stereo-BRUVs","IO101",-34.07868897,114.8963721,43.5,43.679988861084,0.00687466934323311,2.47570037841797,0.211391478776932,0.139415368437767,16,0.78760826587677
"2020-10_south-west_stereo-BRUVs","IO102",-34.07118897,114.9113721,45.2,47.0694580078125,0.00549482274800539,4.14322710037231,0.103398732841015,-0.00245452392846346,16,-1.75378715991974
"2020-10_south-west_stereo-BRUVs","IO113",-34.05868897,114.7388721,111,112.577453613281,0.0148628521710634,4.61365175247192,0.139174088835716,-0.0156077891588211,16,-2.28028225898743
"2020-10_south-west_stereo-BRUVs","IO115",-34.05368897,114.7363721,112,113.642753601074,0.00110156566370279,4.06704330444336,0.0411942899227142,0.0222100131213665,16,-1.83569133281708
"2020-10_south-west_stereo-BRUVs","IO117",-34.06368897,114.7388721,115,113.879768371582,0.0104874419048429,4.59193706512451,0.147990956902504,-0.0516542494297028,16,-2.30789971351624
"2020-10_south-west_stereo-BRUVs","IO119",-34.07618897,114.9038721,43.8,44.696044921875,0.0116848172619939,1.06971180438995,0.12452057749033,-0.0387625955045223,1,0.183357790112495
"2020-10_south-west_stereo-BRUVs","IO122",-34.11618897,114.8263721,57.4,50.4696960449219,0.0172675345093012,3.95606184005737,0.180318027734756,0.00675179436802864,16,-0.839992046356201
"2020-10_south-west_stereo-BRUVs","IO123",-34.10618897,114.8188721,49.1,50.9112434387207,0.00730342464521527,3.16468596458435,0.137288480997086,-0.0129145178943872,1,-0.168066024780273
"2020-10_south-west_stereo-BRUVs","IO125",-34.10868897,114.8263721,55.8,50.4277305603027,0.00144854793325067,4.76830339431763,0.0800388902425766,-0.0011867790017277,4,-0.962883353233337
"2020-10_south-west_stereo-BRUVs","IO126",-34.11368897,114.8188721,58.2,50.2694892883301,0.0277976859360933,4.4094090461731,0.272008001804352,0.000508562137838453,16,0.573253989219666
"2020-10_south-west_stereo-BRUVs","IO15",-34.06118897,114.8663721,40.8,41.6138381958008,0.0125653007999063,4.50707340240479,0.138964518904686,0.0512776114046574,16,0.60516220331192
"2020-10_south-west_stereo-BRUVs","IO153",-34.04618897,114.8888721,42.6,44.0345077514648,0.011098706163466,0.4918292760849,0.166476517915726,-0.0894761085510254,32,-0.0892726331949234
"2020-10_south-west_stereo-BRUVs","IO155",-34.04368897,114.8838721,41.9,43.3107223510742,0.00372268864884973,1.09329891204834,0.0561608225107193,0.0150177730247378,1,-0.119619816541672
"2020-10_south-west_stereo-BRUVs","IO16",-34.07368897,114.8688721,41.4,42.2464141845703,0.0151782501488924,0.669108986854553,0.187644988298416,-0.0100833503529429,1,0.281866103410721
"2020-10_south-west_stereo-BRUVs","IO164",-34.03368897,114.9038721,44.1,45.528190612793,0.00185369083192199,6.04321146011353,0.0751663222908974,-0.0395506210625172,2,1.61172640323639
"2020-10_south-west_stereo-BRUVs","IO165",-34.04368897,114.8988721,42.6,44.6251945495605,0.00765587948262691,1.34976744651794,0.0914602130651474,0.00277754967100918,1,1.32727372646332
"2020-10_south-west_stereo-BRUVs","IO17",-34.06368897,114.8763721,41.1,41.8505020141602,0.00768694840371609,2.10043692588806,0.193832382559776,0.00814539566636086,2,0.801787853240967
"2020-10_south-west_stereo-BRUVs","IO184",-34.04118897,114.9038721,45.9,46.1635208129883,0.00756509229540825,1.39638924598694,0.147029384970665,0.000379144883481786,1,0.977124154567719
"2020-10_south-west_stereo-BRUVs","IO195",-34.09368897,114.8588721,43.4,44.4779396057129,0.00848811864852905,0.749370753765106,0.264085441827774,-0.0857414901256561,128,-1.58781111240387
"2020-10_south-west_stereo-BRUVs","IO199",-34.08618897,114.8613721,42.1,43.6505317687988,0.00562915857881308,1.75496971607208,0.125424206256866,-0.03463039919734,64,-0.904768943786621
"2020-10_south-west_stereo-BRUVs","IO201",-34.05618897,114.8338721,45.3,46.3686332702637,0.00168202619533986,5.37563276290894,0.0420740395784378,-0.00192121008876711,64,-0.392403036355972
"2020-10_south-west_stereo-BRUVs","IO204",-34.06618897,114.7863721,61.5,61.809455871582,0.0214835405349731,4.76703214645386,0.199199438095093,0.0778786092996597,16,-2.86980724334717
"2020-10_south-west_stereo-BRUVs","IO206",-34.06368897,114.7913721,58.2,59.5322723388672,0.0291665811091661,4.56142520904541,0.307464212179184,-0.0519588254392147,16,-3.34140801429749
"2020-10_south-west_stereo-BRUVs","IO207",-34.06118897,114.7863721,60.4,61.4954719543457,0.0103847375139594,0.868234395980835,0.116135582327843,-0.000762558251153678,1,-3.07608079910278
"2020-10_south-west_stereo-BRUVs","IO210",-34.09118897,114.8738721,43.5,43.5444564819336,0.0204819329082966,2.63784766197205,0.271453410387039,0.0927882120013237,1,-0.571295261383057
"2020-10_south-west_stereo-BRUVs","IO211",-34.05618897,114.9063721,43.5,45.161506652832,0.0441244319081306,3.03247237205505,0.465435028076172,0.209395498037338,1,1.11560535430908
"2020-10_south-west_stereo-BRUVs","IOC06",-34.048689,114.876372,41.5,43.0109443664551,0.0151884146034718,2.70702147483826,0.153023704886436,-0.0390498898923397,1,-0.533647358417511
"2020-10_south-west_stereo-BRUVs","IO216",-34.06118897,114.9163721,47.5,49.1489028930664,0.0147570194676518,2.1850905418396,0.189138561487198,-0.0105741480365396,1,-2.67233324050903
"2020-10_south-west_stereo-BRUVs","IO217",-34.06618897,114.9188721,47.1,48.9898262023926,0.00512141780927777,5.5519380569458,0.102575033903122,0.0278605781495571,16,-3.05967783927917
"2020-10_south-west_stereo-BRUVs","IO218",-34.07368897,114.9213721,46.8,48.042423248291,0.0100928610190749,4.44660997390747,0.14501228928566,0.00308661721646786,16,-2.57749199867249
"2020-10_south-west_stereo-BRUVs","IO220",-34.05618897,114.8438721,43.7,45.2445335388184,0.00368701037950814,5.43181753158569,0.0561291500926018,-0.0160788297653198,64,-1.39459085464478
"2020-10_south-west_stereo-BRUVs","IO222",-34.06618897,114.8313721,45,47.0668029785156,0.00867082830518484,0.659488797187805,0.113450415432453,0.0277473758906126,1,0.787986934185028
"2020-10_south-west_stereo-BRUVs","IO223",-34.07118897,114.8463721,42.9,44.5804786682129,0.0448356680572033,0.238639011979103,0.492157727479935,0.0375465825200081,1,-0.038769107311964
"2020-10_south-west_stereo-BRUVs","IO224",-34.06118897,114.8388721,43.6,45.5779113769531,0.0128636034205556,2.30205941200256,0.162884503602982,-0.0223447512835264,1,-0.25942263007164
"2020-10_south-west_stereo-BRUVs","IO225",-34.07118897,114.8338721,44.9,46.7266235351562,0.00801679212599993,5.51101779937744,0.114013098180294,-0.0320116728544235,64,1.04481339454651
"2020-10_south-west_stereo-BRUVs","IO226",-34.06368897,114.8438721,42.8,45.0395240783691,0.00807511061429977,5.21813488006592,0.173603385686874,0.044159509241581,16,-0.581985473632812
"2020-10_south-west_stereo-BRUVs","IO235",-34.06618897,114.9138721,46.5,48.3635025024414,0.0220952089875937,5.03687810897827,0.184455037117004,-0.000980594893917441,16,-2.59898567199707
"2020-10_south-west_stereo-BRUVs","IO236",-34.08118897,114.9238721,46.8,47.212718963623,0.00311262207105756,0.646905064582825,0.159580409526825,0.0852798745036125,1,-1.68795800209045
"2020-10_south-west_stereo-BRUVs","IO237",-34.08118897,114.9363721,43.2,44.6443290710449,0.0157771427184343,5.27653551101685,0.198263421654701,0.063244953751564,16,0.414495438337326
"2020-10_south-west_stereo-BRUVs","IO239",-34.09118897,114.9313721,45.9,46.4702949523926,0.00912100728601217,3.50116109848022,0.174415841698647,0.0293895453214645,1,-0.514435231685638
"2020-10_south-west_stereo-BRUVs","IO264",-34.01868897,114.8738721,42,43.5122833251953,0.0155911520123482,4.78934240341187,0.177388116717339,0.0103508364409208,16,-0.975126564502716
"2020-10_south-west_stereo-BRUVs","IO266",-34.02118897,114.7588721,67.3,68.8574523925781,0.00560329342260957,5.2212119102478,0.0464423522353172,0.00187039631418884,16,3.27504992485046
"2020-10_south-west_stereo-BRUVs","IO267",-34.02618897,114.7638721,62.5,64.5450592041016,0.0143635999411345,4.42311429977417,0.156918227672577,0.059410136193037,16,3.29358506202698
"2020-10_south-west_stereo-BRUVs","IO291",-34.08368897,114.7488721,109,110.938209533691,0.00927691720426083,4.9156379699707,0.200377628207207,0.0597576498985291,16,-3.365483045578
"2020-10_south-west_stereo-BRUVs","IO293",-34.08868897,114.7588721,111,97.463249206543,0.0199352130293846,5.13522577285767,0.339440584182739,0.143855795264244,16,0.789582312107086
"2020-10_south-west_stereo-BRUVs","IO294",-34.08368897,114.7538721,114,103.135696411133,0.0162508990615606,3.4193217754364,0.18002100288868,0.0649144053459167,16,-1.00631070137024
"2020-10_south-west_stereo-BRUVs","IO295",-34.10368897,114.7538721,109,111.865882873535,0.0157812368124723,4.36691617965698,0.169879496097565,-0.0167573560029268,16,-1.10815346240997
"2020-10_south-west_stereo-BRUVs","IO297",-34.10618897,114.7488721,114,116.420806884766,0.00548155466094613,5.5842604637146,0.0740857496857643,0.00101594324223697,16,-0.275159150362015
"2020-10_south-west_stereo-BRUVs","IO3",-34.07618897,114.7838721,62,63.8271942138672,0.00905114784836769,2.00000262260437,0.149193525314331,-0.0159253906458616,1,-1.72064554691315
"2020-10_south-west_stereo-BRUVs","IO306",-34.10118897,114.7338721,124,123.75318145752,0.0133850704878569,4.97723627090454,0.143818244338036,-0.0350492559373379,16,0.116119660437107
"2020-10_south-west_stereo-BRUVs","IO308",-34.11118897,114.7288721,126,127.938461303711,0.00161183113232255,3.63153648376465,0.147516831755638,-0.0999175533652306,64,1.11299633979797
"2020-10_south-west_stereo-BRUVs","IO310",-34.05868897,114.7738721,64.7,66.4332122802734,0.018620016053319,3.72022199630737,0.193088635802269,0.00485529284924269,16,1.15599095821381
"2020-10_south-west_stereo-BRUVs","IO311",-34.05618897,114.7688721,66.1,68.142951965332,0.05435436591506,4.29347658157349,0.546657025814056,0.0095237772911787,16,3.83554482460022
"2020-10_south-west_stereo-BRUVs","IO312",-34.05868897,114.7788721,61.2,62.5155296325684,0.0388182066380978,0.122407585382462,0.34496146440506,-0.0110633885487914,1,0.607216000556946
"2020-10_south-west_stereo-BRUVs","IO313",-34.09618897,114.7563721,108,105.474250793457,0.020100574940443,4.69585800170898,0.212352320551872,0.0320427864789963,16,-0.561267375946045
"2020-10_south-west_stereo-BRUVs","IO319",-34.09368897,114.7313721,124,123.514381408691,0.0117351999506354,3.2642560005188,0.173707202076912,-0.0418502502143383,4,-0.255840301513672
"2020-10_south-west_stereo-BRUVs","IO327",-34.02946667,114.7623833,65.4,68.0822677612305,0.0626635253429413,3.62614631652832,0.738942325115204,-0.0700967609882355,16,1.84452152252197
"2020-10_south-west_stereo-BRUVs","IO329",-34.06481667,114.7266333,121,119.754028320312,0.00909778289496899,2.71583080291748,0.100801154971123,0.0154979806393385,1,3.43991255760193
"2020-10_south-west_stereo-BRUVs","IO330",-34.08833333,114.7545,116,104.475830078125,0.0308287795633078,3.90981388092041,0.334849119186401,-0.0128930862993002,16,-1.0078661441803
"2020-10_south-west_stereo-BRUVs","IO331",-34.0984,114.75005,112,113.951141357422,0.00443462887778878,2.51235389709473,0.100793793797493,-0.0703336969017982,8,-1.53672111034393
"2020-10_south-west_stereo-BRUVs","IO332",-34.09718333,114.7344833,124,122.686325073242,0.0121352719143033,4.92943048477173,0.127494350075722,-0.0614568963646889,32,-0.219289839267731
"2020-10_south-west_stereo-BRUVs","IO333",-34.11301667,114.7251333,127,129.646667480469,0.0250718370079994,1.80177927017212,0.266453981399536,-0.0631539449095726,1,1.8761899471283
"2020-10_south-west_stereo-BRUVs","IO334",-34.06155,114.7753667,64,64.3121871948242,0.0103932656347752,4.89234781265259,0.121318489313126,-0.0428724735975266,16,2.56419444084167
"2020-10_south-west_stereo-BRUVs","IO335",-34.06686667,114.7939833,58,55.6530609130859,0.0187101755291224,1.86122357845306,0.183412149548531,0.0176261533051729,1,-0.32679095864296
"2020-10_south-west_stereo-BRUVs","IO336",-34.0924,114.8663667,43.2,43.8465003967285,0.0139455068856478,2.61396932601929,0.218288093805313,-0.0223465152084827,1,-1.1989198923111
"2020-10_south-west_stereo-BRUVs","IO339",-34.01461667,114.8785,41.1,43.1958847045898,0.120608262717724,2.66976475715637,1.08627915382385,-0.0573793612420559,1,-0.540106177330017
"2020-10_south-west_stereo-BRUVs","IO34",-34.06118897,114.8713721,41.3,41.6334991455078,0.0037939737085253,4.41403007507324,0.051752120256424,-0.00730139994993806,16,0.710711061954498
"2020-10_south-west_stereo-BRUVs","IO353",-34.05436667,114.8390667,44.1,45.7797164916992,0.00811530090868473,2.96181225776672,0.0995716899633408,0.00396050466224551,1,-1.13807332515717
"2020-10_south-west_stereo-BRUVs","IO354",-34.06605,114.84,45,45.2560234069824,0.0484213158488274,1.09929704666138,0.711502254009247,0.166377916932106,1,0.319853603839874
"2020-10_south-west_stereo-BRUVs","IO355",-34.05473333,114.9111,45,48.2121391296387,0.0124946748837829,2.10110330581665,0.123001247644424,0.0227356590330601,1,-1.16762435436249
"2020-10_south-west_stereo-BRUVs","IO356",-34.06956667,114.9184667,46.8,48.0400314331055,0.0629106312990189,3.18541526794434,0.650116205215454,-0.151162832975388,16,-2.40649914741516
"2020-10_south-west_stereo-BRUVs","IO357",-34.08496667,114.928,45.9,46.9443626403809,0.0270079486072063,3.51379728317261,0.293936163187027,-0.0441990569233894,16,-1.29723262786865
"2020-10_south-west_stereo-BRUVs","IO365",-34.02368897,114.7538721,73.7,74.8368835449219,0.044084545224905,3.27218174934387,0.460404813289642,-0.0234606489539146,1,3.36517739295959
"2020-10_south-west_stereo-BRUVs","IO4",-34.09118897,114.7813721,65.6,66.2459106445312,0.0103950127959251,3.76189374923706,0.155126079916954,0.00698157493025064,16,1.96548807621002
"2020-10_south-west_stereo-BRUVs","IO5",-34.08868897,114.7763721,66.7,67.9530410766602,0.0581219382584095,5.25726509094238,0.771015584468842,-0.289277821779251,32,5.7736439704895
"2020-10_south-west_stereo-BRUVs","IO62",-34.13368897,114.7663721,105,107.089500427246,0.0288272947072983,4.55966567993164,0.251429378986359,0.0118069527670741,16,-4.74608469009399
"2020-10_south-west_stereo-BRUVs","IO66",-34.01618897,114.8813721,42.8,43.9862594604492,0.00477563636377454,1.98938608169556,0.0963488444685936,0.0495943836867809,1,-1.2844831943512
"2020-10_south-west_stereo-BRUVs","IO72",-34.03618897,114.8463721,43.6,44.8937377929688,0.00777726480737329,1.96941900253296,0.144326627254486,-0.0370512716472149,4,-1.04367566108704
"2020-10_south-west_stereo-BRUVs","IO73",-34.02868897,114.8588721,40.4,42.7724189758301,0.00659455312415957,4.85594987869263,0.117185570299625,-0.0391493700444698,32,0.329768925905228
"2020-10_south-west_stereo-BRUVs","IO74",-34.02868897,114.8513721,42.2,43.6176948547363,0.0401049293577671,3.93464469909668,0.443297833204269,0.126659348607063,16,0.317104399204254
"2020-10_south-west_stereo-BRUVs","IO75",-34.03368897,114.8538721,42.2,43.3397064208984,0.0105760274454951,3.87344694137573,0.343008130788803,-0.127494648098946,4,-0.124360449612141
"2020-10_south-west_stereo-BRUVs","IO80",-34.09368897,114.8888721,41.6,43.3240814208984,0.00773208681493998,5.75593757629395,0.173669368028641,0.0024007314350456,32,0.949510753154755
"2020-10_south-west_stereo-BRUVs","IO81",-34.09868897,114.8913721,42,43.4842071533203,0.00425382424145937,6.09019327163696,0.0805202722549438,0.0449133813381195,16,0.984733760356903
"2020-10_south-west_stereo-BRUVs","IO91",-34.09368897,114.8938721,43.5,43.9561996459961,0.00301470863632858,2.96203684806824,0.0483486987650394,0.00642768992111087,1,0.726822257041931
"2020-10_south-west_stereo-BRUVs","IO92",-34.09868897,114.8863721,42.3,43.1557731628418,0.00519266398623586,0.651881873607635,0.232062593102455,0.114127837121487,1,0.88773250579834
"2020-10_south-west_stereo-BRUVs","IOC04",-34.08755,114.749265,109,111.827835083008,0.0155314318835735,4.23333549499512,0.174964338541031,0.0258505064994097,16,-3.08182239532471
"2020-10_south-west_stereo-BRUVs","IOC05",-34.05394,114.899843,43.2,44.5112724304199,0.00568532384932041,5.06285905838013,0.0818845257163048,0.0359132997691631,16,1.01801919937134
"2020-10_south-west_stereo-BRUVs","IO215",-34.06868897,114.9263721,46.7,47.6453475952148,0.0114597426727414,4.37252950668335,0.11937602609396,0.000983458943665028,16,-2.01162123680115
"2020-10_south-west_BOSS","C01",-34.015,114.8891,NA,43.6002769470215,0.0934786275029182,6.04647159576416,0.847292721271515,0.043855793774128,16,-0.224335327744484
"2020-10_south-west_BOSS","216",-34.0612,114.9164,47.5,49.230842590332,0.00848374702036381,3.72414040565491,0.161967203021049,-0.0682459026575089,4,-2.75753998756409
"2020-10_south-west_BOSS","235",-34.0912,114.9364,47,44.6184616088867,0.0111631257459521,3.88093590736389,0.139260947704315,0.0125269629061222,16,1.06314873695374
"2020-10_south-west_BOSS","217",-34.0662,114.9139,46.3,48.2671127319336,0.00719131110236049,0.55404657125473,0.137657314538956,0.0378586016595364,1,-2.50395488739014
"2020-10_south-west_BOSS","215",-34.0662,114.9189,46.9,49.0032424926758,0.0176688116043806,3.48800325393677,0.1745535582304,0.038767047226429,16,-3.07678294181824
"2020-10_south-west_BOSS","356",-34.0687,114.9264,47.2,47.603645324707,0.0102883651852608,4.32673835754395,0.0989065766334534,0.00368986860848963,16,-1.9713944196701
"2020-10_south-west_BOSS","218",-34.0696,114.9185,46.5,48.0942077636719,0.037733618170023,3.3787202835083,0.378514468669891,-0.0344265550374985,4,-2.46237921714783
"2020-10_south-west_BOSS","102",-34.0737,114.9214,46.4,48.042423248291,0.0100928610190749,4.44660997390747,0.14501228928566,0.00308661721646786,16,-2.57749199867249
"2020-10_south-west_BOSS","100",-34.0712,114.9114,44.5,47.0960121154785,0.00724186189472675,1.50198066234589,0.130739077925682,-0.0310235396027565,1,-1.78180658817291
"2020-10_south-west_BOSS","119",-34.0762,114.9089,43.5,45.0910873413086,0.0112025616690516,2.68355751037598,0.102293722331524,0.0275074914097786,1,0.0347711853682995
"2020-10_south-west_BOSS","101",-34.0762,114.9039,43.4,44.7014083862305,0.00842415168881416,5.7658166885376,0.107054360210896,-0.0324675180017948,64,0.180387139320374
"2020-10_south-west_BOSS","236",-34.0787,114.8964,46,43.8172836303711,0.0055755409412086,1.72036755084991,0.230195820331573,0.00934472028166056,2,0.653239727020264
"2020-10_south-west_BOSS","237",-34.0812,114.9239,43.2,47.251838684082,0.00378117896616459,3.78483629226685,0.159580409526825,0.0336231291294098,32,-1.72745454311371
"2020-10_south-west_BOSS","C02",-34.0812,114.9364,45,44.6405220031738,0.0041362140327692,0.625551581382751,0.102926775813103,0.0349650532007217,1,0.4155233502388
"2020-10_south-west_BOSS","235REDO",-34.0854,114.9279,44.3,46.8418464660645,0.0331958644092083,4.86035013198853,0.470424026250839,-0.138291954994202,16,-1.16507422924042
"2020-10_south-west_BOSS","239",-34.0912,114.9364,45.3,44.6184616088867,0.0111631257459521,3.88093590736389,0.139260947704315,0.0125269629061222,16,1.06314873695374
"2020-10_south-west_BOSS","91",-34.0912,114.9314,42.7,46.561107635498,0.0100434776395559,2.85265851020813,0.159352287650108,-0.0938188433647156,8,-0.60696542263031
"2020-10_south-west_BOSS","80",-34.0937,114.8939,43.1,43.9565849304199,0.00491535849869251,4.25009965896606,0.0940881818532944,0.0198906343430281,16,0.730134427547455
"2020-10_south-west_BOSS","81",-34.0937,114.8889,43.3,43.340404510498,0.0224056728184223,3.16222882270813,0.307799011468887,0.0183604210615158,4,0.937126278877258
"2020-10_south-west_BOSS","92",-34.0987,114.8914,41.3,43.4842071533203,0.00425382424145937,6.09019327163696,0.0805202722549438,0.0449133813381195,16,0.984733760356903
"2020-10_south-west_BOSS","210",-34.0987,114.8864,43.9,43.2670783996582,0.0154014099389315,0.768531024456024,0.232062593102455,0.00268259295262396,64,0.780187487602234
"2020-10_south-west_BOSS","336",-34.0912,114.8739,43.1,43.5444564819336,0.0204819329082966,2.63784766197205,0.271453410387039,0.0927882120013237,1,-0.571295261383057
"2020-10_south-west_BOSS","195",-34.0924,114.8664,44.4,43.8799438476562,0.0140008898451924,2.13632297515869,0.140899941325188,-0.0117027387022972,1,-1.23185074329376
"2020-10_south-west_BOSS","199",-34.0937,114.8589,42.7,44.3770866394043,0.00390511215664446,3.82619547843933,0.119710773229599,0.0482925288379192,16,-1.49050521850586
"2020-10_south-west_BOSS","16",-34.0862,114.8614,41.4,43.6505317687988,0.00562915857881308,1.75496971607208,0.125424206256866,-0.03463039919734,64,-0.904768943786621
"2020-10_south-west_BOSS","17",-34.0737,114.8689,41,42.247501373291,0.0153290359303355,5.05386066436768,0.209882393479347,-0.0285277236253023,32,0.281683176755905
"2020-10_south-west_BOSS","34",-34.0637,114.8764,41.4,41.8122253417969,0.0197577122598886,1.89085876941681,0.260031372308731,0.127104192972183,1,0.842844247817993
"2020-10_south-west_BOSS","15",-34.0612,114.8714,41.6,41.6451606750488,0.00465090619400144,2.44970417022705,0.133556827902794,-0.00625040708109736,2,0.699703812599182
"2020-10_south-west_BOSS","223",-34.0612,114.8664,44.2,41.6439666748047,0.0150912487879395,3.20387482643127,0.199501112103462,0.0120581584051251,16,0.576163589954376
"2020-10_south-west_BOSS","225",-34.0712,114.8464,45.2,44.4651298522949,0.0267889276146889,0.589247524738312,0.286041259765625,0.05095249786973,1,0.0696689262986183
"2020-10_south-west_BOSS","222",-34.0712,114.8339,46.9,46.6884994506836,0.00636529829353094,5.32500982284546,0.084151528775692,-0.00302430940791965,16,1.08677911758423
"2020-10_south-west_BOSS","C03.1",-34.0662,114.8314,42.4,47.0988960266113,0.0149581488221884,1.17034268379211,0.138666823506355,0.00408452097326517,1,0.749053061008453
"2020-10_south-west_BOSS","C03.2",-34.0664,114.8398,43.4,45.0200500488281,0.172267749905586,2.79654765129089,1.53221595287323,0.0027279753703624,1,0.636890053749084
"2020-10_south-west_BOSS","226",-34.0664,114.8398,44,45.0200500488281,0.172267749905586,2.79654765129089,1.53221595287323,0.0027279753703624,1,0.636890053749084
"2020-10_south-west_BOSS","224",-34.0637,114.8439,44.9,45.0395240783691,0.00807511061429977,5.21813488006592,0.173603385686874,0.044159509241581,16,-0.581985473632812
"2020-10_south-west_BOSS","220",-34.0612,114.8389,43.9,45.5825233459473,0.00213382299989462,5.26167011260986,0.0308763068169355,0.000571010168641806,16,-0.270251452922821
"2020-10_south-west_BOSS","353",-34.0562,114.8439,45,45.2445335388184,0.00368701037950814,5.43181753158569,0.0561291500926018,-0.0160788297653198,64,-1.39459085464478
"2020-10_south-west_BOSS","201",-34.0544,114.8391,46.3,45.8545036315918,0.0106089729815722,3.50810408592224,0.13726170361042,-0.046461645513773,8,-1.21030163764954
"2020-10_south-west_BOSS","72",-34.0562,114.8339,43.3,46.3686332702637,0.00168202619533986,5.37563276290894,0.0420740395784378,-0.00192121008876711,64,-0.392403036355972
"2020-10_south-west_BOSS","75",-34.0362,114.8464,42.6,44.8657379150391,0.00887977797538042,4.12541484832764,0.147303059697151,0.0013964488171041,16,-1.021235704422
"2020-10_south-west_BOSS","74",-34.0337,114.8539,43.2,43.3397064208984,0.0105760274454951,3.87344694137573,0.343008130788803,-0.127494648098946,4,-0.124360449612141
"2020-10_south-west_BOSS","73",-34.0287,114.8514,42.2,43.595817565918,0.0219686683267355,3.06990790367126,0.262021005153656,0.0844578444957733,1,0.333615303039551
"2020-10_south-west_BOSS","264",-34.0287,114.8589,42.4,42.7159385681152,0.0148233557119966,4.68858861923218,0.167455792427063,-0.0287145748734474,16,0.382077604532242
"2020-10_south-west_BOSS","66",-34.0187,114.8739,42.5,43.5122833251953,0.0155911520123482,4.78934240341187,0.177388116717339,0.0103508364409208,16,-0.975126564502716
"2020-10_south-west_BOSS","339",-34.0162,114.8814,42.1,44.0416717529297,0.0127652231603861,2.75924682617188,0.127898156642914,0.0106864366680384,1,-1.34072351455688
"2020-10_south-west_BOSS","262",-34.0146,114.8785,42.1,42.7960815429688,0.0307733397930861,1.76760852336884,0.714179635047913,0.17601490020752,1,-0.139076858758926
"2020-10_south-west_BOSS","333",-34.1112,114.7289,125,127.889373779297,0.00794493034482002,3.15254187583923,0.163164705038071,-0.0112881008535624,4,1.17170214653015
"2020-10_south-west_BOSS","307",-34.113,114.7251,119,129.646667480469,0.0250718370079994,1.80177927017212,0.266453981399536,-0.0631539449095726,1,1.8761899471283
"2020-10_south-west_BOSS","297",-34.1337,114.7664,115,107.117645263672,0.0300544649362564,4.5954442024231,0.259910255670547,-0.00518224248662591,16,-4.77086210250854
"2020-10_south-west_BOSS","295",-34.1062,114.7489,112,116.381767272949,0.00792513974010944,4.51474285125732,0.114733643829823,0.0498071871697903,16,-0.224800571799278
"2020-10_south-west_BOSS","331",-34.1037,114.7539,111,111.782264709473,0.0185079257935286,4.27529525756836,0.189979895949364,0.0130169643089175,16,-1.06898176670074
"2020-10_south-west_BOSS","313",-34.0984,114.7501,105,113.921836853027,0.0144724156707525,4.70077514648438,0.152938172221184,-0.0647526979446411,16,-1.54652154445648
"2020-10_south-west_BOSS","117",-34.0648,114.7266,112,119.745513916016,0.00911418348550797,2.679856300354,0.116327427327633,0.00499910628423095,1,3.48491430282593
"2020-10_south-west_BOSS","113",-34.0637,114.7389,111,113.879768371582,0.0104874419048429,4.59193706512451,0.147990956902504,-0.0516542494297028,16,-2.30789971351624
"2020-10_south-west_BOSS","115",-34.0587,114.7389,111,112.577453613281,0.0148628521710634,4.61365175247192,0.139174088835716,-0.0156077891588211,16,-2.28028225898743
"2020-10_south-west_BOSS","4",-34.0537,114.7364,60,113.647598266602,0.00352538679726422,4.61911392211914,0.0658587738871574,0.00445878505706787,8,-1.88998079299927
"2020-10_south-west_BOSS","5",-34.0912,114.7814,66,66.2342834472656,0.0122135020792484,4.80056953430176,0.1547671854496,-0.0300292428582907,16,1.92509210109711
"2020-10_south-west_BOSS","1",-34.0887,114.7764,62.6,67.4480743408203,0.0822347924113274,5.18703079223633,0.793366432189941,0.196734622120857,16,6.29158449172974
"2020-10_south-west_BOSS","3",-34.0762,114.7839,61.4,63.8725357055664,0.00649965042248368,3.3373908996582,0.135971859097481,-0.0622106194496155,4,-1.80305457115173
"2020-10_south-west_BOSS","335",-34.0669,114.794,54.9,55.6605377197266,0.0153454253450036,1.55780327320099,0.158319085836411,0.021224606782198,1,-0.332771360874176
"2020-10_south-west_BOSS","206",-34.0637,114.7914,58.2,59.3092651367188,0.0661261379718781,4.7314829826355,0.576105654239655,-0.0101750986650586,16,-3.13646245002747
"2020-10_south-west_BOSS","204",-34.0662,114.7864,60.6,61.8436546325684,0.0215407479554415,4.555335521698,0.199199438095093,0.0386498421430588,16,-2.90027809143066
"2020-10_south-west_BOSS","207",-34.0612,114.7864,60.2,61.4721565246582,0.00521143013611436,0.864576697349548,0.0676104500889778,0.00289226649329066,1,-3.04897356033325
"2020-10_south-west_BOSS","312",-34.05868897,114.7788721,65.2,62.5155296325684,0.0388182066380978,0.122407585382462,0.34496146440506,-0.0110633885487914,1,0.607216000556946
"2020-10_south-west_BOSS","334",-34.0616,114.7754,63,64.1870956420898,0.0145247764885426,5.88338232040405,0.160189896821976,0.0150041598826647,16,2.70773124694824
"2020-10_south-west_BOSS","310",-34.0587,114.7739,64.1,66.3684158325195,0.0200515184551477,4.05696392059326,0.23883655667305,0.0157017596065998,16,1.17856454849243
"2020-10_south-west_BOSS","311",-34.0562,114.7689,67.2,68.142951965332,0.05435436591506,4.29347658157349,0.546657025814056,0.0095237772911787,16,3.83554482460022
"2020-10_south-west_BOSS","327",-34.0295,114.7624,64.9,68.2405319213867,0.0250201188027859,3.31932592391968,0.416246145963669,-0.0651155561208725,1,1.6946005821228
"2020-10_south-west_BOSS","267",-34.0262,114.7639,62.7,64.6006164550781,0.00548606412485242,3.8777642250061,0.0770881399512291,-0.0370682403445244,16,3.20294165611267
"2020-10_south-west_BOSS","365",-34.0237,114.7539,72,74.8395690917969,0.0474336817860603,3.30941653251648,0.404383927583694,-0.0667383819818497,8,3.31058359146118
"2020-10_south-west_BOSS","266",-34.0212,114.7589,67.3,68.8376846313477,0.00843902211636305,5.31341981887817,0.11943630874157,0.0068545751273632,16,3.29891657829285
"2020-10_south-west_BOSS","J11",-34.1178,114.9231,39.7,46.4190444946289,0.0525568872690201,0.217524945735931,0.48321744799614,0.0153302159160376,1,-1.11823189258575
"2020-10_south-west_BOSS","J12",-34.1323,114.9285,44.7,40.3992538452148,0.0848432332277298,3.7708101272583,0.889054000377655,0.0661816447973251,16,3.35550427436829
"2020-10_south-west_BOSS","J9",-34.1195,114.9161,44.1,44.9173965454102,0.00993421580642462,1.05293655395508,0.146183729171753,-0.0122218951582909,1,-0.358980894088745
"2020-10_south-west_BOSS","J10",-34.1173,114.9187,38.7,46.7538108825684,0.0487957112491131,0.150676101446152,0.469383209943771,-0.0725003480911255,128,-1.69456040859222
"2020-10_south-west_BOSS","J1",-34.1286,114.9309,44.3,47.0647621154785,0.104999870061874,4.93464994430542,1.0213440656662,0.0777991563081741,16,-2.78897786140442
"2020-10_south-west_BOSS","J2",-34.1253,114.9288,44.4,45.2073097229004,0.0645049288868904,0.328908324241638,0.691279768943787,0.10324751585722,1,-0.589608669281006
"2020-10_south-west_BOSS","J3",-34.1269,114.9259,44.4,40.6019744873047,0.100670382380486,5.17427062988281,1.08871972560883,-0.0266077499836683,16,3.66075253486633
"2020-10_south-west_BOSS","J4",-34.1226,114.9203,42.9,45.4812812805176,0.00849153846502304,2.1023383140564,0.0913572907447815,-0.0105575630441308,1,-1.02696168422699
"2020-10_south-west_BOSS","J8",-34.1294,114.9118,43.4,42.0721778869629,0.138566642999649,2.74607110023499,1.25312268733978,-0.299914956092834,1,0.960905015468597
"2020-10_south-west_BOSS","J6",-34.1328,114.9124,37.1,44.1649169921875,0.00171246926765889,0.985820531845093,0.034770805388689,0.0162950418889523,1,-1.37523758411407
"2020-10_south-west_BOSS","J5",-34.1315,114.9158,42.7,44.2202644348145,0.00576404621824622,4.98318767547607,0.0587473772466183,-0.000517321401275694,16,-1.1451632976532
"2020-10_south-west_BOSS","J7",-34.1348,114.9102,43.3,44.4098320007324,0.00172615004703403,3.02937507629395,0.0280351229012012,0.00331075047142804,16,-1.81913673877716
"2020-10_south-west_BOSS","J17",-34.1321,114.9208,40.6,41.122200012207,0.122936837375164,3.375412940979,1.16971135139465,0.0740970224142075,16,2.22208833694458
"2020-10_south-west_BOSS","J14",-34.1284,114.9255,41.7,37.4969253540039,0.157916516065598,0.612882435321808,1.44096076488495,-0.118174813687801,1,6.55855464935303
"2020-10_south-west_BOSS","J16",-34.1262,114.9065,41.2,43.3259353637695,0.0815886855125427,2.10647821426392,1.02887606620789,0.088636226952076,1,-0.227122813463211
"2020-10_south-west_BOSS","J15",-34.125,114.9103,40.8,43.7839584350586,0.120717614889145,3.27855157852173,1.44986534118652,0.121169224381447,1,-0.36316442489624
"2020-10_south-west_BOSS","J13",-34.1285,114.9305,42.3,46.3746871948242,0.0873596295714378,1.51766443252563,0.768189787864685,0.199016407132149,1,-2.09915995597839
"2020-10_south-west_BOSS","J18",-34.1287,114.9241,41.4,36.1709747314453,0.00890512298792601,2.48416709899902,0.164094820618629,0.0339772962033749,1,7.75934982299805
"2020-10_south-west_BOSS","J24",-34.1187,114.8264,42.4,50.2270622253418,0.00210483511909842,4.91427612304688,0.0581425465643406,0.0238457191735506,16,-0.422877788543701
"2020-10_south-west_BOSS","J26",-34.1209,114.8289,42.6,49.8594207763672,0.0762365907430649,1.42335116863251,0.69279408454895,-0.0705940723419189,1,-0.330067038536072
"2020-10_south-west_BOSS","J25",-34.1168,114.8284,43,49.5945129394531,0.00710339983925223,2.10753154754639,0.0941263735294342,-0.0181119553744793,2,-0.296136885881424
"2020-10_south-west_BOSS","J32",-34.1301,114.8611,42.9,44.1833419799805,0.00611965730786324,4.7882661819458,0.175792276859283,0.0627530887722969,16,0.646499633789062
"2020-10_south-west_BOSS","J30",-34.1121,114.8595,42.5,44.3723831176758,0.0282484386116266,0.128886193037033,0.281398147344589,0.0453787259757519,1,-1.04350805282593
"2020-10_south-west_BOSS","J28",-34.1129,114.8521,42.9,44.7574272155762,0.0217363554984331,5.90057563781738,0.265046089887619,0.00618010200560093,16,-0.470242738723755
"2020-10_south-west_BOSS","J29",-34.1111,114.8556,43.8,44.6518745422363,0.0178100075572729,4.09564161300659,0.198941424489021,0.0412883087992668,16,-0.988657772541046
"2020-10_south-west_BOSS","J31",-34.116,114.8607,43.4,44.6268539428711,0.045224841684103,5.93898296356201,0.497400850057602,-0.165852427482605,64,-1.11093938350677
"2020-10_south-west_BOSS","J27",-34.1218,114.8329,43.5,48.0447235107422,0.00197555427439511,2.92782545089722,0.106669045984745,0.0232743918895721,1,0.80482006072998
"2020-10_south-west_BOSS","J19",-34.1225,114.9278,45.9,46.4303398132324,0.00543179595842957,1.34913957118988,0.0787897929549217,0.0326360501348972,1,-1.49359440803528
"2020-10_south-west_BOSS","J21",-34.1282,114.8174,48.2,52.8043556213379,0.0103221740573645,4.17086935043335,0.118288308382034,-0.00983310583978891,16,0.39445436000824
"2020-10_south-west_BOSS","J22",-34.1263,114.8196,49.6,52.702449798584,0.00432369019836187,3.63968086242676,0.0687627419829369,0.025887381285429,1,-0.486758947372437
"2020-10_south-west_BOSS","J34",-34.1313,114.8661,49.6,44.3425979614258,0.00419006729498506,0.66722559928894,0.0510973520576954,0.00676268339157104,1,0.0104186004027724
"2020-10_south-west_BOSS","J36",-34.1305,114.8783,49.3,42.4077186584473,0.0319062918424606,4.30189085006714,0.488882422447205,0.111988179385662,16,0.855359792709351
"2020-10_south-west_BOSS","J35",-34.1348,114.8693,52,43.8737983703613,0.0255668926984072,5.78884077072144,0.31948646903038,-0.0283440183848143,64,0.42930880188942
"2020-10_south-west_BOSS","J33",-34.1331,114.8627,51.3,44.1182670593262,0.00657510943710804,3.69488143920898,0.126737639307976,0.0207576416432858,8,0.820693552494049
"2020-10_south-west_BOSS","J38",-34.1279,114.8839,51,42.6449699401855,0.00794686749577522,0.444387793540955,0.0891804099082947,-0.00636105053126812,128,0.310462862253189
"2020-10_south-west_BOSS","J37",-34.1264,114.8789,49.3,43.0044822692871,0.00349199562333524,0.248115256428719,0.121675938367844,0.0137993525713682,1,0.132129594683647
"2020-10_south-west_BOSS","J20",-34.1302,114.8202,48,52.758903503418,0.0175696089863777,3.64079284667969,0.230246245861053,-0.0332282520830631,16,0.105923600494862
"2020-10_south-west_BOSS","122",-34.1162,114.8264,49.4,50.5349578857422,0.0180911738425493,4.37364292144775,0.161464169621468,-0.0328973904252052,16,-0.903201282024384
"2020-10_south-west_BOSS","125",-34.1087,114.8264,48.3,50.4277305603027,0.00144854793325067,4.76830339431763,0.0800388902425766,-0.0011867790017277,4,-0.962883353233337
"2020-10_south-west_BOSS","123",-34.1062,114.8189,49.1,50.865406036377,0.0177965592592955,0.349828451871872,0.221834078431129,0.0436792932450771,1,-0.129465341567993
"2020-10_south-west_BOSS","126",-34.1137,114.8189,48.8,50.1683120727539,0.0225089974701405,4.42722368240356,0.211867168545723,0.0079709580168128,16,0.666618049144745
"2020-10_south-west_BOSS","293",-34.0887,114.7589,95.2,97.6352996826172,0.0075047998689115,4.69308757781982,0.312326043844223,-0.104780040681362,32,0.634793519973755
"2020-10_south-west_BOSS","330",-34.0883,114.7545,116,104.475830078125,0.0308287795633078,3.90981388092041,0.334849119186401,-0.0128930862993002,16,-1.0078661441803
"2020-10_south-west_BOSS","C04",-34.0876,114.7493,110,111.763710021973,0.0241058319807053,4.9934229850769,0.2871453166008,0.0246829185634851,16,-3.04546618461609
"2020-10_south-west_BOSS","291",-34.0837,114.7489,108,110.997222900391,0.0240474995225668,3.85681557655334,0.270616084337234,0.0273215752094984,16,-3.41032791137695
"2020-10_south-west_BOSS","294",-34.0837,114.7539,102,103.264862060547,0.0174183901399374,3.13384890556335,0.174075096845627,-0.0409156158566475,4,-1.17036092281342
"2021-03_West-Coast_BOSS","148",-34.0518,114.925,46.6,48.6064300537109,0.0225354172289371,6.04973459243774,0.314443022012711,0.179710164666176,16,-0.586004734039307
"2021-03_West-Coast_BOSS","2",-34.0604,114.924,47.3,48.9218826293945,0.0423611886799335,4.13919925689697,0.477385550737381,-0.0353736877441406,16,-2.26083040237427
"2021-03_West-Coast_BOSS","99",-34.0555,114.916,47.2,49.0374946594238,0.00439033750444651,0.968702375888824,0.073315791785717,-0.0299423150718212,128,-1.69195652008057
"2021-03_West-Coast_BOSS","127",-34.0545,114.91,44,46.2981109619141,0.0298471562564373,0.203874811530113,0.500425159931183,0.0675293132662773,1,0.653820157051086
"2021-03_West-Coast_BOSS","43",-34.0521,114.909,45.5,46.2688598632812,0.0419099517166615,0.499979734420776,0.537062406539917,0.129193857312202,1,0.880612015724182
"2021-03_West-Coast_BOSS","110",-34.0505,114.907,45,46.4092903137207,0.0683312341570854,1.20989167690277,0.827652871608734,-0.0958281382918358,1,0.633598029613495
"2021-03_West-Coast_BOSS","139",-34.0616,114.898,44,44.5480537414551,0.00767748896032572,2.88439154624939,0.0815132334828377,-0.00963347591459751,1,0.218727290630341
"2021-03_West-Coast_BOSS","133",-34.075,114.911,44,46.0350151062012,0.0109854694455862,1.15674877166748,0.131347507238388,-0.0473098009824753,64,-0.823309123516083
"2021-03_West-Coast_BOSS","52",-34.0826,114.915,46.1,46.4090385437012,0.0738256350159645,0.102230943739414,0.684227764606476,0.127872779965401,1,-0.91576474905014
"2021-03_West-Coast_BOSS","91",-34.0807,114.928,44.8,46.4495086669922,0.0234822444617748,4.18757343292236,0.338193148374557,-0.0431726761162281,16,-1.02103400230408
"2021-03_West-Coast_BOSS","47",-34.0832,114.926,45.1,46.2821273803711,0.0426972955465317,4.94440841674805,0.484084874391556,-0.0880685597658157,16,-0.69193422794342
"2021-03_West-Coast_BOSS","16",-34.0848,114.924,44.1,45.1357765197754,0.00369374360889196,4.86680030822754,0.162455469369888,0.0215955972671509,1,0.563821136951447
"2021-03_West-Coast_BOSS","38",-34.0904,114.917,45.4,46.6516609191895,0.0587911903858185,1.05897212028503,0.722575306892395,0.0982353314757347,1,-0.712427616119385
"2021-03_West-Coast_BOSS","71",-34.0923,114.908,43.5,44.6132545471191,0.0219277702271938,1.77831315994263,0.227902889251709,0.0107324868440628,1,1.00930607318878
"2021-03_West-Coast_BOSS","14",-34.0979,114.913,43.6,44.9098358154297,0.0137554341927171,2.04733371734619,0.177218586206436,-0.0658698007464409,1,1.09927141666412
"2021-03_West-Coast_BOSS","150",-34.1,114.917,44.6,45.8956680297852,0.0127182835713029,1.85571944713593,0.289979368448257,0.0360825285315514,1,0.326594054698944
"2021-03_West-Coast_BOSS","92",-34.101,114.918,44.3,47.0936508178711,0.171128436923027,1.64604890346527,1.45343971252441,-0.089261032640934,1,-0.828782618045807
"2021-03_West-Coast_BOSS","28",-34.0995,114.923,47,46.903491973877,0.0354936569929123,2.45535898208618,0.404839485883713,0.0356818661093712,1,-0.477154403924942
"2021-03_West-Coast_BOSS","124",-34.1003,114.929,45,45.7994079589844,0.0118457293137908,3.26066780090332,0.170478984713554,-0.0611724592745304,16,0.664207518100739
"2021-03_West-Coast_BOSS","53",-34.1047,114.92,45.4,46.0529098510742,0.0200216714292765,0.976644396781921,0.232979372143745,0.107336312532425,1,0.225695699453354
"2021-03_West-Coast_BOSS","6",-34.1073,114.918,44.4,45.8915977478027,0.0176032241433859,5.3049635887146,0.178241401910782,-0.0566105172038078,16,0.150844290852547
"2021-03_West-Coast_BOSS","149",-34.1135,114.931,45.1,46.3345680236816,0.0315257087349892,4.70608997344971,0.312505543231964,0.053562305867672,16,-0.317042231559753
"2021-03_West-Coast_BOSS","32",-34.1125,114.921,45.1,46.1661682128906,0.00379090057685971,3.07194018363953,0.0507186651229858,0.00564273959025741,2,-0.376615077257156
"2021-03_West-Coast_BOSS","116",-34.1138,114.919,45.1,45.0311698913574,0.0232140459120274,1.70585000514984,0.219976037740707,0.0609653443098068,1,0.48503702878952
"2021-03_West-Coast_BOSS","69",-34.1187,114.911,43.7,44.7206344604492,0.0199497248977423,5.97480010986328,0.326399862766266,0.0886847674846649,1,-0.440635293722153
"2021-03_West-Coast_BOSS","138",-34.119,114.912,41.8,45.4997367858887,0.00957387406378984,4.37438058853149,0.14840267598629,-0.0066223363392055,16,-1.18609476089478
"2021-03_West-Coast_BOSS","76",-34.1217,114.916,43.3,44.6552047729492,0.00630598003044724,2.11509323120117,0.13215759396553,-0.0183501839637756,2,-0.411493867635727
"2021-03_West-Coast_BOSS","144",-34.1221,114.92,43.2,45.2322044372559,0.0786888226866722,0.791846394538879,0.67667955160141,-0.00190585036762059,1,-0.731265962123871
"2021-03_West-Coast_BOSS","5",-34.125,114.93,45.2,45.1056900024414,0.0544954501092434,1.55559360980988,0.657055974006653,0.176118656992912,1,-0.405630320310593
"2021-03_West-Coast_BOSS","107",-34.1347,114.94,44.4,44.6224670410156,0.0237435735762119,0.903162181377411,0.223300948739052,0.0236080884933472,1,-1.03724205493927
"2021-03_West-Coast_BOSS","37",-34.1303,114.931,46.5,47.9074516296387,0.0328951776027679,2.17163610458374,0.487685322761536,-0.0732079669833183,1,-3.83276629447937
"2021-03_West-Coast_BOSS","102",-34.1305,114.926,35.3,36.239387512207,0.0380495823919773,4.24182033538818,0.424057722091675,0.00185699702706188,16,7.59314012527466
"2021-03_West-Coast_BOSS","57",-34.1341,114.924,44.4,41.6764259338379,0.148503169417381,1.24232363700867,1.51079392433167,0.15855361521244,1,1.67413008213043
"2021-03_West-Coast_BOSS","24",-34.1347,114.923,39.9,41.5058670043945,0.0973735079169273,4.07919502258301,0.986918747425079,0.0292286537587643,16,1.7387707233429
"2021-03_West-Coast_BOSS","70",-34.1321,114.922,38.7,41.1866149902344,0.121241569519043,3.94098305702209,1.07540714740753,0.145177274942398,16,2.23577451705933
"2021-03_West-Coast_BOSS","62",-34.1281,114.919,40.4,41.5070304870605,0.0505945309996605,2.44632363319397,0.5339674949646,-0.068572148680687,1,2.13541769981384
"2021-03_West-Coast_BOSS","104",-34.1255,114.918,41.8,44.1493453979492,0.0567115359008312,0.0986041575670242,0.522055387496948,-0.1032739803195,64,-0.263014495372772
"2021-03_West-Coast_BOSS","30",-34.1256,114.915,41.7,42.4784317016602,0.0175856929272413,0.909786343574524,0.229466751217842,0.0609155222773552,1,1.17122650146484
"2021-03_West-Coast_BOSS","95",-34.1229,114.91,41.2,41.7961921691895,0.162108078598976,0.130092158913612,1.41590261459351,0.273583680391312,1,1.86216330528259
"2021-03_West-Coast_BOSS","106",-34.1313,114.875,43.9,42.8744163513184,0.0766380801796913,3.44277739524841,0.686776340007782,-0.0302339680492878,16,0.65049546957016
"2021-03_West-Coast_BOSS","39",-34.1301,114.877,42.3,42.8600845336914,0.0234726779162884,3.88710570335388,0.32479402422905,0.210998043417931,16,0.47163137793541
"2021-03_West-Coast_BOSS","140",-34.1163,114.882,42.4,42.6109580993652,0.0199597366154194,0.812698185443878,0.202792212367058,-0.00608530314639211,1,0.61208975315094
"2021-03_West-Coast_BOSS","10",-34.1084,114.886,41.5,43.1094017028809,0.0069690216332674,6.21915245056152,0.0799976289272308,0.00619258033111691,1,0.628981709480286
"2021-03_West-Coast_BOSS","147",-34.0908,114.895,43.3,43.7651519775391,0.0123411249369383,4.32491111755371,0.17057229578495,-0.00779732083901763,16,0.963349282741547
"2021-03_West-Coast_BOSS","23",-34.0829,114.899,43.2,44.199878692627,0.00570867862552404,4.97521448135376,0.106609359383583,0.000666619162075222,16,0.570074677467346
"2021-03_West-Coast_BOSS","Old Point",-34.050194,114.869122,42.3,42.2538299560547,0.000934220443014055,3.55721402168274,0.035136628895998,-0.0152075309306383,2,-0.121377475559711
"2021-03_West-Coast_BOSS","41",-34.0596,114.877,41.4,42.4872093200684,0.0113682188093662,4.10443305969238,0.166347146034241,-0.002159777097404,16,0.145336076617241
"2021-03_West-Coast_BOSS","33",-34.0742,114.871,46.7,42.1612586975098,0.0128613654524088,2.1961681842804,0.190799996256828,-0.0365054793655872,1,0.43682125210762
"2021-03_West-Coast_BOSS","86",-34.0774,114.865,41.2,42.971923828125,0.0124492030590773,5.09456968307495,0.154676616191864,0.00459066405892372,16,-0.399560332298279
"2021-03_West-Coast_BOSS","56",-34.0782,114.873,41.6,42.2210388183594,0.00672138575464487,5.6743426322937,0.230741828680038,-0.140047147870064,32,0.534997165203094
"2021-03_West-Coast_BOSS","65",-34.0813,114.884,41.6,42.6401405334473,0.0168535001575947,1.73029339313507,0.265460819005966,0.106059208512306,1,0.961841762065887
"2021-03_West-Coast_BOSS","137",-34.0854,114.877,42.1,42.8940734863281,0.0232314728200436,2.58745932579041,0.280677407979965,0.0403385646641254,1,0.239387348294258
"2021-03_West-Coast_BOSS","48",-34.0891,114.882,42.1,43.4557189941406,0.00759942689910531,5.7483868598938,0.217188835144043,-0.00526133133098483,16,0.15727224946022
"2021-03_West-Coast_BOSS","67",-34.0899,114.873,42.5,43.6187744140625,0.0241149235516787,5.54020595550537,0.220280051231384,-0.0115785887464881,16,-0.716108977794647
"2021-03_West-Coast_BOSS","126",-34.0912,114.87,43.1,43.6654510498047,0.00769385788589716,2.57424378395081,0.207945555448532,0.0576561018824577,1,-0.917499721050262
"2021-03_West-Coast_BOSS","44",-34.0931,114.858,43.8,44.1591339111328,0.0113258063793182,4.8598051071167,0.131061017513275,0.0300254803150892,16,-1.19203472137451
"2021-03_West-Coast_BOSS","35",-34.0959,114.852,43.5,44.6132164001465,0.0160099659115076,3.7785222530365,0.214744701981544,0.0578750520944595,16,-0.840876936912537
"2021-03_West-Coast_BOSS","100",-34.0961,114.847,43.4,45.7032737731934,0.0145493848249316,2.53908157348633,0.233884885907173,-0.123895771801472,2,-0.90490335226059
"2021-03_West-Coast_BOSS","7",-34.0995,114.853,44.2,44.7831192016602,0.0182969775050879,1.61088049411774,0.198661684989929,0.0110609345138073,1,-1.17198383808136
"2021-03_West-Coast_BOSS","108",-34.1001,114.85,44.1,44.9833297729492,0.0223312620073557,3.20591235160828,0.284756898880005,0.0678977593779564,16,-0.838006496429443
"2021-03_West-Coast_BOSS","26",-34.1003,114.844,44.2,45.9962959289551,0.0126890419051051,3.01947355270386,0.139548659324646,-0.00387695408426225,4,-0.512727975845337
"2021-03_West-Coast_BOSS","125",-34.104,114.847,45.8,45.5527458190918,0.0070174066349864,4.92778444290161,0.162325471639633,-0.0338148511946201,16,-0.739721536636353
"2021-03_West-Coast_BOSS","98",-34.1139,114.856,43.5,44.5221099853516,0.0391681008040905,4.21975803375244,0.397436827421188,0.104097053408623,16,-0.701451778411865
"2021-03_West-Coast_BOSS","1",-34.1318,114.853,44.1,45.4906044006348,0.014008866623044,5.06351280212402,0.190255030989647,0.0108233829960227,16,0.762604117393494
"2021-03_West-Coast_BOSS","83",-34.1341,114.838,47.9,48.2241096496582,0.0170307625085115,6.10719871520996,0.216122210025787,0.0294486284255981,16,1.29139757156372
"2021-03_West-Coast_BOSS","88",-34.1351,114.827,50.3,51.2934417724609,0.0096488893032074,0.195122718811035,0.139010146260262,-0.0392822623252869,64,0.906684279441833
"2021-03_West-Coast_BOSS","36",-34.1317,114.822,50.7,52.4571151733398,0.0019758699927479,3.1153666973114,0.0743181928992271,-0.0259541179984808,1,0.263538062572479
"2021-03_West-Coast_BOSS","130",-34.1213,114.83,48.1,49.7320747375488,0.0263314042240381,4.89954423904419,0.30644965171814,-0.0367720983922482,16,-0.370667666196823
"2021-03_West-Coast_BOSS","46",-34.119,114.831,48.1,48.6684494018555,0.00888888631016016,2.73065447807312,0.0948135480284691,0.0158809535205364,1,0.292823374271393
"2021-03_West-Coast_BOSS","93",-34.1196,114.845,45.1,46.2425994873047,0.00588006200268865,4.08988857269287,0.148706167936325,-0.0830830261111259,4,-0.0540593452751637
"2021-03_West-Coast_BOSS","78",-34.1182,114.841,46.7,47.0036849975586,0.00749739492312074,4.85447692871094,0.218094825744629,0.00221708347089589,8,-0.136678889393806
"2021-03_West-Coast_BOSS","50",-34.1143,114.842,45.7,46.3581008911133,0.0679081901907921,1.58507883548737,0.609202444553375,0.0408581532537937,1,-0.00904580764472485
"2021-03_West-Coast_BOSS","80",-34.1034,114.832,46.6,47.5310935974121,0.00487682037055492,1.07356476783752,0.0722649469971657,0.0233965553343296,1,0.9084752202034
"2021-03_West-Coast_BOSS","114",-34.0969,114.834,46.4,47.4376640319824,0.0208147913217545,1.0144464969635,0.285818159580231,-0.0674401968717575,1,0.774425506591797
"2021-03_West-Coast_BOSS","64",-34.0937,114.84,47.7,46.6150894165039,0.0242263674736023,3.5620276927948,0.251345545053482,-0.00478555448353291,16,0.0556627325713634
"2021-03_West-Coast_BOSS","136",-34.0891,114.833,46,47.4192581176758,0.0171562507748604,3.93491101264954,0.181171864271164,0.0170560404658318,16,1.35696256160736
"2021-03_West-Coast_BOSS","97",-34.0872,114.842,44.8,45.8089561462402,0.0203808955848217,3.52872180938721,0.227413177490234,0.00223683123476803,8,0.40691015124321
"2021-03_West-Coast_BOSS","121",-34.0836,114.853,42.8,44.175724029541,0.00533254956826568,0.315266132354736,0.114172913134098,-0.0592687465250492,128,-0.512058556079865
"2021-03_West-Coast_BOSS","3",-34.0789,114.851,43.5,44.0889167785645,0.0232799537479877,0.940798342227936,0.2253487855196,-0.0284976791590452,1,-0.136650934815407
"2021-03_West-Coast_BOSS","73",-34.0802,114.848,43.4,44.7898864746094,0.0206434223800898,5.8286075592041,0.262941271066666,-0.0782506242394447,16,-0.190918207168579
"2021-03_West-Coast_BOSS","118",-34.0714,114.826,47.3,48.0022087097168,0.0310659632086754,1.97265577316284,0.294552981853485,0.00571405841037631,1,1.88610661029816
"2021-03_West-Coast_BOSS","128",-34.0694,114.823,47.8,49.0612869262695,0.0182562042027712,3.48806571960449,0.287646263837814,-0.07754185795784,4,1.28551232814789
"2021-03_West-Coast_BOSS","60",-34.0652,114.821,48.7,49.8592681884766,0.0151545908302069,4.65488815307617,0.207524642348289,-0.0574813447892666,8,0.396746039390564
"2021-03_West-Coast_BOSS","134",-34.0631,114.857,41.7,42.9865684509277,0.0149244470521808,2.29158186912537,0.157021507620811,0.00339753925800323,1,-0.434054434299469
"2021-03_West-Coast_BOSS","120",-34.0617,114.861,41.2,42.4700927734375,0.0098651684820652,1.73160338401794,0.167416706681252,-0.00794877018779516,128,-0.175637677311897
"2021-03_West-Coast_BOSS","8",-34.0554,114.851,42.5,43.1615562438965,0.0141043523326516,1.39078390598297,0.133860975503922,0.00813389290124178,1,-0.357292920351028
"2021-03_West-Coast_BOSS","68",-34.05,114.859,41.1,42.4568901062012,0.0136327231302857,1.25290954113007,0.325215101242065,-0.0105772288516164,1,-0.279894918203354
"2021-03_West-Coast_BOSS","117",-34.0681,114.76,87.6,90.5419616699219,0.00817469041794538,4.51496839523315,0.0795441791415215,-0.0122622381895781,16,-2.98729038238525
"2021-03_West-Coast_BOSS","17",-34.0742,114.757,92.2,94.0916366577148,0.00748163321986794,3.65573692321777,0.111441604793072,0.0454548262059689,16,0.0373405925929546
"2021-03_West-Coast_BOSS","40",-34.0784,114.754,97,99.4485931396484,0.0300920605659485,4.58867835998535,0.291467249393463,-0.0267376024276018,16,0.247832551598549
"2021-03_West-Coast_BOSS","72",-34.0685,114.747,105,107.149070739746,0.0114162750542164,3.81253385543823,0.143616423010826,0.0149191496893764,16,-3.04556798934937
"2021-03_West-Coast_BOSS","109",-34.0839,114.741,114,116.548057556152,0.0244263615459204,4.79109048843384,0.355889946222305,-0.0598899088799953,8,-1.91671109199524
"2021-03_West-Coast_BOSS","145",-34.0891,114.732,121,122.621841430664,0.00817442499101162,3.43795228004456,0.235007554292679,0.0106847239658237,16,-0.750864744186401
"2021-03_West-Coast_BOSS","90",-34.1003,114.731,122,124.884239196777,0.0406382493674755,4.73874521255493,0.382226407527924,0.00293605797924101,16,0.227153047919273
"2021-03_West-Coast_BOSS","22",-34.1033,114.745,116,117.893753051758,0.0165682509541512,3.35839152336121,0.17454107105732,-0.0473706386983395,4,0.237371280789375
"2021-03_West-Coast_BOSS","77",-34.0979,114.75,111,113.697151184082,0.0199381224811077,4.65042352676392,0.211675107479095,0.0411280691623688,16,-1.43988537788391
"2021-03_West-Coast_BOSS","82",-34.0964,114.759,100,100.849411010742,0.0180693436414003,4.5106372833252,0.167988181114197,-0.00599313946440816,16,0.913817167282104
"2021-03_West-Coast_BOSS","49",-34.103,114.762,96.4,97.9748306274414,0.0551957227289677,1.6407687664032,0.724096119403839,0.390921473503113,1,2.77414798736572
"2021-03_West-Coast_BOSS","141",-34.1175,114.762,105,106.65234375,0.0201849229633808,4.47294092178345,0.206212356686592,-0.0262663904577494,16,-1.08902823925018
"2021-03_West-Coast_BOSS","11",-34.1163,114.775,87.5,85.9827651977539,0.005460518412292,3.90858006477356,0.0723969265818596,0.00912212021648884,16,0.642836511135101
"2021-03_West-Coast_BOSS","146",-34.1099,114.79,62.1,63.306568145752,0.0302826408296824,1.28223919868469,0.316311925649643,-0.014948065392673,1,0.933320343494415
"2021-03_West-Coast_BOSS","18",-34.1078,114.787,61.6,62.4261245727539,0.129035338759422,1.48051047325134,1.21555662155151,0.137074992060661,1,4.4378776550293
"2021-03_West-Coast_BOSS","42",-34.106,114.781,70.1,71.3448028564453,0.00508040748536587,2.52485609054565,0.0784170776605606,-0.0421429425477982,8,2.50597047805786
"2021-03_West-Coast_BOSS","84",-34.1034,114.78,69,71.8963775634766,0.0610455833375454,3.97595643997192,0.701150357723236,-0.0893494859337807,16,2.34463763237
"2021-03_West-Coast_BOSS","20",-34.1018,114.784,63.7,65.0119018554688,0.0335269458591938,1.03243207931519,0.340323895215988,0.0425619818270206,1,3.40473413467407
"2021-03_West-Coast_BOSS","55",-34.1011,114.778,71.7,72.293701171875,0.0970535352826118,3.45107412338257,0.895057797431946,-0.00661480007693172,16,3.93879246711731
"2021-03_West-Coast_BOSS","115",-34.1013,114.774,80.2,82.1624069213867,0.109175130724907,3.16175937652588,0.986798167228699,0.134012743830681,1,0.0781208872795105
"2021-03_West-Coast_BOSS","96",-34.0975,114.776,71.4,74.5938720703125,0.0187570303678513,4.12363719940186,0.227096483111382,-0.00484404060989618,8,3.08045363426208
"2021-03_West-Coast_BOSS","89",-34.0945,114.775,72.3,73.7035827636719,0.0864180848002434,4.07587051391602,0.862395167350769,0.0250660888850689,16,4.20113468170166
"2021-03_West-Coast_BOSS","131",-34.0906,114.773,73.4,74.2261428833008,0.0111402506008744,4.33485555648804,0.106604874134064,0.00726977828890085,16,4.93700647354126
"2021-03_West-Coast_BOSS","112",-34.0897,114.779,64.3,66.5414886474609,0.0111190406605601,1.52933287620544,0.147470414638519,0.0443270690739155,1,4.13918972015381
"2021-03_West-Coast_BOSS","101",-34.0917,114.782,65.1,66.2622833251953,0.0180809404700994,1.15772092342377,0.350095510482788,-0.157113447785378,128,1.32632422447205
"2021-03_West-Coast_BOSS","12",-34.0901,114.783,64.1,67.0383377075195,0.00845079310238361,5.14709901809692,0.133937001228333,0.0385167598724365,16,-1.0446263551712
"2021-03_West-Coast_BOSS","54",-34.0925,114.789,61.4,63.6613693237305,0.00993518810719252,1.91082537174225,0.166262537240982,-0.0245936755090952,64,-2.99809598922729
"2021-03_West-Coast_BOSS","94",-34.0889,114.787,62.7,63.909538269043,0.0155819291248918,4.43032073974609,0.161356210708618,0.0456776730716228,16,-2.2240195274353
"2021-03_West-Coast_BOSS","4",-34.0862,114.785,63.5,64.1744689941406,0.0235904417932034,3.80444741249084,0.260524868965149,-0.00659209629520774,16,-1.1915043592453
"2021-03_West-Coast_BOSS","79",-34.0875,114.783,63.5,65.5975646972656,0.0125844217836857,5.16697978973389,0.295182794332504,-0.0290040522813797,64,-0.28935506939888
"2021-03_West-Coast_BOSS","103",-34.0866,114.774,69.1,70.4158401489258,0.0339177027344704,4.0356068611145,0.459978431463242,0.159635528922081,16,5.76161766052246
"2021-03_West-Coast_BOSS","129",-34.0839,114.772,71.8,72.6638488769531,0.0128629086539149,4.39700365066528,0.224554479122162,-0.0262235756963491,16,5.19722604751587
"2021-03_West-Coast_BOSS","45",-34.0816,114.771,74.4,76.4305648803711,0.025899825617671,1.87849068641663,0.272942125797272,0.121829994022846,1,1.8873838186264
"2021-03_West-Coast_BOSS","143",-34.0833,114.776,63.3,65.7057037353516,0.0103972787037492,1.46856081485748,0.10816628485918,-0.0311807096004486,2,6.66722631454468
"2021-03_West-Coast_BOSS","113",-34.0809,114.78,64.4,65.211181640625,0.00512487813830376,5.85888719558716,0.171343222260475,0.0102806072682142,16,1.66805994510651
"2021-03_West-Coast_BOSS","122",-34.0789,114.777,66.4,67.5230407714844,0.0147670274600387,4.74904632568359,0.30413293838501,-0.00520074460655451,16,2.24018359184265
"2021-03_West-Coast_BOSS","27",-34.0521,114.789,54.2,56.9731063842773,0.0192189812660217,4.79635906219482,0.166373535990715,-0.0329655222594738,16,-0.656400978565216
"2021-03_West-Coast_BOSS","135",-34.0516,114.77,64.6,66.9853820800781,0.0145517224445939,5.73146104812622,0.219316437840462,0.0208349749445915,16,2.25137233734131
"2021-03_West-Coast_BOSS","74",-34.0513,114.769,64.9,66.6680679321289,0.0695000439882278,4.30924558639526,0.673842549324036,0.0524715296924114,16,3.48744010925293
"2021-03_West-Coast_BOSS","105",-34.0534,114.76,79.3,82.0001983642578,0.0710693746805191,4.03428030014038,0.731478273868561,-0.126994386315346,16,-0.545427143573761
"2021-03_West-Coast_BOSS","63",-34.056,114.761,79.6,81.2791976928711,0.0220772922039032,3.88728713989258,0.230452686548233,0.0127347325906157,16,-0.00674564344808459
"2021-03_West-Coast_BOSS","25",-34.0626,114.765,75.4,75.4615783691406,0.0593244694173336,4.67280101776123,0.558203816413879,-0.138912737369537,16,3.45320773124695
"2021-03_West-Coast_BOSS","59",-34.062,114.766,70,73.0505905151367,0.0733234956860542,3.28084659576416,0.700290501117706,-0.0926882326602936,16,4.39872550964355
"2021-03_West-Coast_BOSS","123",-34.0614,114.785,60.4,62.0302886962891,0.0161621812731028,3.0457239151001,0.214230760931969,-0.0639192089438438,8,-2.77625703811646
"2021-03_West-Coast_BOSS","119",-34.0634,114.771,64.8,67.8727035522461,0.0125938337296247,3.7742977142334,0.152016401290894,-0.0407602526247501,16,4.13761281967163
"2021-03_West-Coast_BOSS","15",-34.0656,114.769,70.3,72.5359268188477,0.0497219450771809,3.38493347167969,0.583207666873932,0.0705214664340019,16,2.53074908256531
"2021-03_West-Coast_BOSS","85",-34.0701,114.767,76.3,77.7704467773438,0.0824665799736977,4.47673177719116,0.994812905788422,-0.21642030775547,16,1.469846367836
"2021-03_West-Coast_BOSS","81",-34.0726,114.775,67.3,69.0506973266602,0.0322344303131104,4.84693384170532,0.268552392721176,0.040185708552599,16,1.20097625255585
"2021-03_West-Coast_BOSS","29",-34.1266,114.784,74,74.6808166503906,0.113166287541389,4.20828914642334,1.16949307918549,0.0492920428514481,16,2.60385417938232
"2021-03_West-Coast_BOSS","61",-34.1305,114.783,80.9,80.5954895019531,0.0280127059668303,4.95298147201538,0.283887177705765,-0.060261107981205,16,-0.693205595016479
"2021-03_West-Coast_BOSS","21",-34.1285,114.797,62.5,63.4316749572754,0.0107535170391202,0.802316427230835,0.119965575635433,-0.00186188844963908,1,0.536264002323151
"2021-03_West-Coast_BOSS","58",-34.1219,114.794,62.1,63.8747024536133,0.0066304518841207,0.10842103511095,0.0807917639613152,-0.001961765345186,1,0.340447723865509
"2021-03_West-Coast_BOSS","87",-34.1259,114.805,59.2,60.6755828857422,0.025429954752326,4.65212535858154,0.224316865205765,-0.0218190513551235,16,-3.18037891387939
"2021-03_West-Coast_BOSS","132",-34.1162,114.808,54.3,55.3606185913086,0.00982682406902313,5.40266799926758,0.112135954201221,0.0280670393258333,16,-1.5294029712677
"2021-03_West-Coast_BOSS","9",-34.1175,114.813,51.7,52.2497978210449,0.0206488873809576,1.87234687805176,0.203384846448898,-0.0122925657778978,1,0.211076557636261
"2021-03_West-Coast_BOSS","111",-34.1035,114.812,49.9,51.5341148376465,0.0124053172767162,4.46723556518555,0.179283827543259,-0.0463187098503113,4,0.282951354980469
"2021-03_West-Coast_BOSS","142",-34.0971,114.814,49.3,50.942798614502,0.0196352321654558,5.51883411407471,0.282864183187485,0.0488784685730934,16,0.791798710823059
"2021-03_West-Coast_BOSS","66",-34.0855,114.807,51,52.1873245239258,0.0194416809827089,5.51384210586548,0.243842855095863,0.0733848959207535,16,0.682329773902893
"2021-03_West-Coast_BOSS","34",-34.0829,114.798,56.3,57.1176719665527,0.0339741744101048,4.6665997505188,0.309174239635468,0.0152217000722885,16,-2.52404189109802
"2021-03_West-Coast_BOSS","19",-34.0802,114.806,50.6,52.0246124267578,0.0362758450210094,5.86436462402344,0.356976598501205,0.0166043788194656,16,1.01957488059998
"2021-03_West-Coast_BOSS","75",-34.0836,114.816,49.6,51.0206108093262,0.00899989996105433,5.8358793258667,0.161308392882347,-0.10184270888567,64,1.19448232650757
"2021-03_West-Coast_BOSS","51",-34.0709,114.814,49.7,51.2406044006348,0.0107630956918001,6.06318855285645,0.159153878688812,-0.0103050079196692,16,0.75265234708786
"2021-03_West-Coast_BOSS","31",-34.061,114.806,50.5,51.2729415893555,0.00338021735660732,5.45086765289307,0.155835166573524,-0.0226235147565603,32,1.11175227165222
"2021-03_West-Coast_BOSS","13",-34.051,114.813,49.6,50.6689949035645,0.00642262771725655,4.53561305999756,0.127457171678543,-0.0203911513090134,32,-0.143751189112663
