"sample","latitude","longitude","date","time.bottom","site","location","successful.count","depth","fov.facing.up","fov.limited","fov.open","fov.total.points.annotated","broad.ascidians","broad.bryozoa","broad.consolidated","broad.crinoids","broad.hydroids","broad.invertebrate.complex","broad.macroalgae","broad.octocoral.black","broad.seagrasses","broad.sponges","broad.stony.corals","broad.unconsolidated"
"FH92",-33.8437,114.8714,20201020,08:34:48,NA,NA,NA,44.1,0,0,80,80,0,0,46.551724137931,0,0,0,10.3448275862069,0,13.7931034482759,15.5172413793103,0,13.7931034482759
"FH61",-33.8412,114.8639,20201020,09:06:40,NA,NA,NA,NA,0,0,80,80,0,0,52.3076923076923,0,0,0,16.9230769230769,0,23.0769230769231,3.07692307692308,0,4.61538461538462
"FH27",-33.8362,114.8714,20201020,09:32:24,NA,NA,NA,42.8,0,1,79,80,0,0,52.2388059701493,0,0,1.49253731343284,22.3880597014925,0,4.47761194029851,10.4477611940298,0,8.95522388059701
"FH17",-33.8337,114.8764,20201020,09:46:43,NA,NA,NA,NA,0,0,80,80,0,0,25,0,0,0,22.5,0,1.25,1.25,0,50
"FH56",-33.8312,114.8664,20201020,10:00:37,NA,NA,NA,41.9,0,0,80,80,0,0,39.7058823529412,0,0,0,17.6470588235294,0,16.1764705882353,2.94117647058824,0,23.5294117647059
"FH96",-33.8187,114.8339,20201020,10:40:01,NA,NA,NA,NA,0,0,80,80,0,0,37.5,0,0,0,37.5,0,12.5,1.25,0,11.25
"FH60",-33.8162,114.8214,20201020,10:54:30,NA,NA,NA,44.4,0,0,80,80,0,0,49.2307692307692,0,0,0,15.3846153846154,0,0,3.07692307692308,0,32.3076923076923
"FH26",-33.8112,114.8289,20201020,11:05:07,NA,NA,NA,43.9,0,1,79,80,0,0,37.3333333333333,0,0,0,28,0,2.66666666666667,10.6666666666667,0,21.3333333333333
"FH110",-33.8087,114.8214,20201020,11:17:02,NA,NA,NA,44.9,0,0,80,80,0,1.28205128205128,29.4871794871795,0,0,0,12.8205128205128,0,1.28205128205128,7.69230769230769,0,47.4358974358974
"FH48",-33.7962,114.8139,20201020,11:30:39,NA,NA,NA,45,0,0,80,80,0,0,69.8630136986301,0,0,0,13.6986301369863,0,9.58904109589041,1.36986301369863,0,5.47945205479452
"FH21",-33.7937,114.8089,20201020,11:41:29,NA,NA,NA,46.3,0,0,80,80,0,0,47.0588235294118,0,0,0,19.1176470588235,0,25,2.94117647058824,0,5.88235294117647
"FH18",-33.7912,114.8214,20201020,11:55:54,NA,NA,NA,45.1,0,0,80,80,0,0,25.3731343283582,0,0,0,38.8059701492537,0,4.47761194029851,2.98507462686567,0,28.3582089552239
"FH106",-33.7887,114.8164,20201020,12:06:58,NA,NA,NA,46.2,0,0,80,80,0,0,10.2564102564103,0,0,0,51.2820512820513,0,0,1.28205128205128,0,37.1794871794872
"FH57",-33.7887,114.8114,20201020,12:18:13,NA,NA,NA,44.2,0,3,77,80,0,0,54.5454545454545,0,0,0,19.4805194805195,0,9.09090909090909,1.2987012987013,0,15.5844155844156
"FH34",-33.7862,114.8839,20201020,12:51:20,NA,NA,NA,44.6,0,0,80,80,0,0,37.6623376623377,0,0,1.2987012987013,18.1818181818182,0,9.09090909090909,5.19480519480519,0,28.5714285714286
"FH7",-33.7837,114.8789,20201020,13:04:33,NA,NA,NA,45.2,0,1,79,80,0,0,31.1688311688312,0,0,0,36.3636363636364,0,0,15.5844155844156,0,16.8831168831169
"FH20",-33.7827,114.8727,20201020,13:17:56,NA,NA,NA,42.4,0,0,80,80,0,0,60.7594936708861,0,0,0,3.79746835443038,0,11.3924050632911,7.59493670886076,0,16.4556962025316
"FH93",-33.7762,114.8689,20201020,13:32:44,NA,NA,NA,44.3,0,0,80,80,0,0,49.3506493506493,0,0,0,12.987012987013,0,16.8831168831169,18.1818181818182,0,2.5974025974026
"FH44",-33.7712,114.8639,20201020,13:46:18,NA,NA,NA,44.5,0,0,80,80,0,0,33.3333333333333,0,0,0,7.69230769230769,0,21.7948717948718,3.84615384615385,0,33.3333333333333
"FH14",-33.7662,114.8714,20201020,13:59:42,NA,NA,NA,44.9,0,0,80,80,0,0,5,0,0,0,22.5,0,0,1.25,0,71.25
"FH95",-33.7587,114.8914,20201020,14:17:10,NA,NA,NA,NA,0,0,80,80,0,0,6.66666666666667,0,0,0,50.6666666666667,0,0,4,0,38.6666666666667
"FH62",-33.7562,114.8814,20201020,14:32:04,NA,NA,NA,45.2,0,2,78,80,0,0,15.7894736842105,0,0,2.63157894736842,27.6315789473684,0,2.63157894736842,25,0,26.3157894736842
"FH30",-33.7512,114.8889,20201020,14:44:05,NA,NA,NA,NA,0,0,80,80,0,0,6.66666666666667,0,0,0,69.3333333333333,0,0,0,0,24
"261",-33.9762,114.9214,20201030,07:00:38,NA,NA,NA,46.5,0,0,80,80,0,0,19.2307692307692,0,0,1.28205128205128,17.9487179487179,0,0,39.7435897435897,0,21.7948717948718
"338",-33.9723,114.9225,20201030,07:16:01,NA,NA,NA,46,0,0,80,80,0,0,5.26315789473684,0,0,5.26315789473684,14.4736842105263,0,0,15.7894736842105,0,59.2105263157895
"260",-33.9712,114.9164,20201030,07:25:21,NA,NA,NA,46.1,0,0,80,80,0,0,50.6493506493506,0,0,0,15.5844155844156,0,6.49350649350649,7.79220779220779,0,19.4805194805195
"259",-33.9687,114.9214,20201030,07:39:07,NA,NA,NA,46.3,0,1,79,80,0,0,36.6197183098592,0,0,0,14.0845070422535,0,2.8169014084507,42.2535211267606,0,4.22535211267606
"258",-33.9662,114.9139,20201030,07:48:52,NA,NA,NA,46.2,0,0,80,80,0,0,20,0,0,0,37.3333333333333,0,10.6666666666667,30.6666666666667,0,1.33333333333333
"FH10",-33.9862,114.8864,20201030,08:08:24,NA,NA,NA,NA,0,0,80,80,0,0,67.6470588235294,0,0,0,11.7647058823529,0,1.47058823529412,0,0,19.1176470588235
"FH111",-33.9862,114.8789,20201030,08:17:49,NA,NA,NA,NA,0,0,80,80,0,0,1.25,0,0,0,25,0,5,1.25,0,67.5
"130",-33.9812,114.8764,20201030,08:30:30,NA,NA,NA,NA,0,0,80,80,0,0,26.9230769230769,0,0,0,43.5897435897436,0,25.6410256410256,3.84615384615385,0,0
"152",-33.9812,114.8689,20201030,08:39:18,NA,NA,NA,41.9,0,0,80,80,0,0,52.0547945205479,0,0,0,23.2876712328767,0,5.47945205479452,1.36986301369863,0,17.8082191780822
"134",-33.9837,114.8614,20201030,08:47:50,NA,NA,NA,41.3,0,0,80,80,0,0,19.1176470588235,0,0,0,54.4117647058823,0,7.35294117647059,4.41176470588235,0,14.7058823529412
"133",-33.9912,114.8664,20201030,08:58:26,NA,NA,NA,40.5,0,0,80,80,0,0,17.910447761194,0,0,0,44.7761194029851,0,31.3432835820896,5.97014925373134,0,0
"132",-33.9912,114.8714,20201030,09:07:01,NA,NA,NA,42.7,0,0,80,80,0,0,12.1621621621622,0,0,0,51.3513513513513,0,28.3783783783784,0,0,8.10810810810811
"FH77",-33.9962,114.8764,20201030,09:18:46,NA,NA,NA,42,0,0,80,80,0,0,8.75,0,0,0,63.75,0,1.25,1.25,0,25
"FH52",-33.9912,114.8889,20201030,09:28:26,NA,NA,NA,42.8,0,0,80,80,0,0,46.7532467532467,0,0,0,10.3896103896104,0,18.1818181818182,0,0,24.6753246753247
"244",-34.0037,114.9064,20201030,09:46:06,NA,NA,NA,45.6,0,1,79,80,0,0,14.2857142857143,0,0,0,28.5714285714286,0,0,18.5714285714286,0,38.5714285714286
"245",-34.0087,114.9014,20201030,09:55:54,NA,NA,NA,45.5,0,0,80,80,0,0,24,0,0,0,28,0,1.33333333333333,6.66666666666667,0,40
"64",-34.0137,114.8964,20201030,10:06:10,NA,NA,NA,NA,0,0,79,79,0,0,21.25,0,0,0,36.25,0,0,8.75,0,33.75
"C01",-34.015,114.8891,20201030,10:16:53,NA,NA,NA,NA,0,1,79,80,0,0,13.9240506329114,0,0,0,84.8101265822785,0,0,1.26582278481013,0,0
"65",-34.0112,114.8889,20201030,10:25:08,NA,NA,NA,NA,0,0,80,80,0,0,55.6962025316456,0,0,0,20.253164556962,0,2.53164556962025,0,0,21.5189873417722
"272",-34.0087,114.8139,20201030,10:52:55,NA,NA,NA,50.1,0,0,80,80,0,0,13.1578947368421,0,0,0,56.578947368421,0,0,9.21052631578947,0,21.0526315789474
"337",-34.0054,114.8202,20201030,11:01:29,NA,NA,NA,43.8,0,2,78,80,0,0,9.21052631578947,0,0,0,89.4736842105263,0,0,1.31578947368421,0,0
"273",-33.9987,114.8214,20201030,11:09:00,NA,NA,NA,46,0,0,80,80,0,1.31578947368421,34.2105263157895,0,0,0,51.3157894736842,0,1.31578947368421,6.57894736842105,0,5.26315789473684
"328",-33.9936,114.8214,20201030,11:16:15,NA,NA,NA,44.8,0,0,80,80,0,0,22.5,0,0,0,62.5,0,6.25,1.25,0,7.5
"269",-33.9887,114.8139,20201030,11:26:27,NA,NA,NA,47.7,0,0,80,80,0,0,32.0512820512821,0,0,0,48.7179487179487,0,0,12.8205128205128,0,6.41025641025641
"145",-33.9862,114.8239,20201030,11:36:14,NA,NA,NA,44.3,0,0,80,80,0,0,24.6376811594203,0,0,0,56.5217391304348,0,1.44927536231884,4.34782608695652,0,13.0434782608696
"147",-33.9812,114.8314,20201030,11:45:03,NA,NA,NA,43.6,0,0,80,80,0,0,14.0845070422535,0,0,0,42.2535211267606,0,0,0,0,43.6619718309859
"158",-33.9812,114.8189,20201030,11:57:31,NA,NA,NA,46.1,0,0,80,80,0,0,43.5897435897436,0,0,0,2.56410256410256,0,0,0,0,53.8461538461538
"146",-33.9762,114.8214,20201030,12:05:43,NA,NA,NA,45.3,0,0,80,80,0,0,45.5696202531646,0,0,0,15.1898734177215,0,10.126582278481,0,0,29.1139240506329
"157",-33.9712,114.8239,20201030,12:14:40,NA,NA,NA,44.7,0,0,80,80,0,2.56410256410256,19.2307692307692,0,0,1.28205128205128,42.3076923076923,0,6.41025641025641,8.97435897435897,0,19.2307692307692
"OMR1",-33.9676,114.9582,20201030,13:03:59,NA,NA,"Y",35.6,0,1,78,79,0,0,13.9240506329114,0,0,0,30.379746835443,0,0,0,0,55.6962025316456
"OMR2",-33.9679,114.9551,20201030,13:15:35,NA,NA,"Y",38,0,0,80,80,0,0,0,0,0,0,0,0,0,0,0,100
"OMR3",-33.9685,114.9543,20201030,13:23:54,NA,NA,"Y",38,0,0,80,80,0,0,0,0,0,0,22.5,0,0,0,0,77.5
"OMR4",-33.9682,114.9529,20201030,13:35:02,NA,NA,"Y",38.6,0,0,80,80,0,0,2.77777777777778,0,0,0,5.55555555555556,0,0,1.38888888888889,0,90.2777777777778
"216",-34.0612,114.9164,20201031,07:01:16,NA,NA,"y",47.5,0,0,80,80,0,0,21.25,0,0,0,20,0,0,16.25,0,42.5
"235",-34.0912,114.9364,20201031,07:11:46,NA,NA,"y",47,0,0,80,80,0,1.36986301369863,15.0684931506849,0,0,0,17.8082191780822,0,2.73972602739726,21.9178082191781,0,41.0958904109589
"217",-34.0662,114.9139,20201031,07:19:39,NA,NA,"y",46.3,0,0,80,80,0,0,7.5,0,0,0,16.25,0,0,0,0,76.25
"215",-34.0662,114.9189,20201031,07:28:33,NA,NA,"y",46.9,0,0,80,80,0,0,0,0,0,0,0,0,0,0,0,100
"356",-34.0687,114.9264,20201031,07:39:03,NA,NA,"y",47.2,0,0,80,80,0,0,24.3589743589744,0,0,0,3.84615384615385,0,2.56410256410256,44.8717948717949,0,24.3589743589744
"218",-34.0696,114.9185,20201031,07:53:09,NA,NA,NA,46.5,0,0,80,80,0,0,22.5,0,0,0,1.25,0,0,0,0,76.25
"102",-34.0737,114.9214,20201031,08:02:56,NA,NA,NA,46.4,0,0,80,80,0,0,11.3924050632911,0,0,0,72.1518987341772,0,0,10.126582278481,0,6.32911392405063
"100",-34.0712,114.9114,20201031,08:12:11,NA,NA,NA,44.5,0,0,80,80,0,0,23.6842105263158,0,0,0,50,0,14.4736842105263,9.21052631578947,0,2.63157894736842
"119",-34.0762,114.9089,20201031,08:20:22,NA,NA,NA,43.5,0,0,80,80,0,0,18.9873417721519,0,0,0,55.6962025316456,0,0,6.32911392405063,0,18.9873417721519
"101",-34.0762,114.9039,20201031,08:29:57,NA,NA,NA,43.4,0,2,78,80,0,0,14.1025641025641,0,0,0,69.2307692307692,0,0,7.69230769230769,0,8.97435897435897
"236",-34.0787,114.8964,20201031,08:47:27,NA,NA,NA,46,0,0,80,80,0,0,1.25,0,0,0,70,0,0,0,0,28.75
"237",-34.0812,114.9239,20201031,08:57:11,NA,NA,NA,43.2,0,0,80,80,0,0,0,0,0,0,0,0,0,0,0,100
"C02",-34.0812,114.9364,20201031,09:07:10,NA,NA,NA,45,0,0,80,80,0,2.73972602739726,9.58904109589041,0,0,0,43.8356164383562,0,0,42.4657534246575,0,1.36986301369863
"235REDO",-34.0854,114.9279,20201031,09:17:31,NA,NA,NA,44.3,0,0,80,80,0,0,0,0,0,0,13.75,0,0,0,0,86.25
"239",-34.0912,114.9364,20201031,09:25:33,NA,NA,NA,45.3,0,4,76,80,0,0,0,0,0,0,0,0,0,0,0,100
"91",-34.0912,114.9314,20201031,09:43:27,NA,NA,NA,42.7,0,0,80,80,0,0,18.75,0,0,0,56.25,0,0,3.75,0,21.25
"80",-34.0937,114.8939,20201031,09:51:03,NA,NA,NA,43.1,0,0,79,79,0,0,23.3766233766234,0,0,0,50.6493506493506,0,11.6883116883117,2.5974025974026,0,11.6883116883117
"81",-34.0937,114.8889,20201031,09:59:33,NA,NA,NA,43.3,0,1,79,80,0,0,14.8648648648649,0,0,0,52.7027027027027,0,20.2702702702703,4.05405405405405,0,8.10810810810811
"92",-34.0987,114.8914,20201031,10:07:45,NA,NA,NA,41.3,0,0,80,80,0,0,25,0,0,0,45,0,7.5,0,0,22.5
"210",-34.0987,114.8864,20201031,10:19:54,NA,NA,NA,43.9,0,0,80,80,0,0,16.4556962025316,0,0,0,46.8354430379747,0,18.9873417721519,6.32911392405063,0,11.3924050632911
"336",-34.0912,114.8739,20201031,10:28:58,NA,NA,NA,43.1,0,0,80,80,0,0,23.75,0,0,0,56.25,0,3.75,2.5,0,13.75
"195",-34.0924,114.8664,20201031,10:37:50,NA,NA,NA,44.4,0,1,79,80,0,0,18.4210526315789,0,0,0,61.8421052631579,0,13.1578947368421,3.94736842105263,0,2.63157894736842
"199",-34.0937,114.8589,20201031,10:47:22,NA,NA,NA,42.7,0,0,80,80,0,0,24.6753246753247,0,0,0,59.7402597402597,0,5.19480519480519,2.5974025974026,0,7.79220779220779
"16",-34.0862,114.8614,20201031,11:16:16,NA,NA,NA,41.4,0,0,80,80,0,0,20.8333333333333,0,0,0,48.6111111111111,0,5.55555555555556,15.2777777777778,0,9.72222222222222
"17",-34.0737,114.8689,20201031,11:26:32,NA,NA,NA,41,0,0,80,80,0,0,0,0,0,0,89.7435897435898,0,2.56410256410256,2.56410256410256,0,5.12820512820513
"34",-34.0637,114.8764,20201031,11:34:38,NA,NA,NA,41.4,0,0,80,80,0,0,20.253164556962,0,0,0,58.2278481012658,0,12.6582278481013,0,0,8.86075949367089
"15",-34.0612,114.8714,20201031,11:42:46,NA,NA,NA,41.6,0,0,80,80,0,0,12.6582278481013,0,0,0,55.6962025316456,0,18.9873417721519,2.53164556962025,0,10.126582278481
"223",-34.0612,114.8664,20201031,11:58:00,NA,NA,NA,44.2,0,0,80,80,0,0,23.0769230769231,0,0,0,15.3846153846154,0,10.2564102564103,8.97435897435897,0,42.3076923076923
"225",-34.0712,114.8464,20201031,12:09:16,NA,NA,NA,45.2,0,0,80,80,0,0,17.5,0,1.25,0,68.75,0,0,1.25,0,11.25
"222",-34.0712,114.8339,20201031,12:18:32,NA,NA,NA,46.9,0,0,80,80,0,0,61.5384615384615,0,0,0,28.2051282051282,0,0,5.12820512820513,0,5.12820512820513
"C03.1",-34.0662,114.8314,20201031,12:28:05,NA,NA,NA,42.4,0,18,62,80,0,0,9.83606557377049,0,0,0,75.4098360655738,0,0,14.7540983606557,0,0
"C03.2",-34.0664,114.8398,20201031,12:35:55,NA,NA,NA,43.4,0,15,65,80,0,0,24.5901639344262,0,0,0,57.3770491803279,0,0,18.0327868852459,0,0
"226",-34.0664,114.8398,20201031,12:43:58,NA,NA,NA,44,0,0,80,80,0,0,18.9189189189189,0,0,0,59.4594594594595,0,5.40540540540541,2.7027027027027,0,13.5135135135135
"224",-34.0637,114.8439,20201031,12:53:00,NA,NA,NA,44.9,0,0,80,80,0,0,38.75,0,0,0,28.75,0,3.75,1.25,0,27.5
"220",-34.0612,114.8389,20201031,13:01:48,NA,NA,NA,43.9,0,0,80,80,0,0,12.8205128205128,0,0,0,79.4871794871795,0,0,0,0,7.69230769230769
"353",-34.0562,114.8439,20201031,13:11:00,NA,NA,NA,45,0,0,80,80,0,0,0,0,0,0,98.7341772151899,0,0,0,0,1.26582278481013
"201",-34.0544,114.8391,20201031,13:19:40,NA,NA,NA,46.3,0,0,80,80,0,0,35,0,0,0,26.25,0,0,2.5,0,36.25
"72",-34.0562,114.8339,20201031,13:36:24,NA,NA,NA,43.3,0,0,80,80,0,0,8.75,0,0,0,61.25,0,11.25,2.5,0,16.25
"75",-34.0362,114.8464,20201031,13:45:35,NA,NA,NA,42.6,0,0,80,80,0,0,17.5,0,0,5,37.5,0,17.5,3.75,0,18.75
"74",-34.0337,114.8539,20201031,13:55:30,NA,NA,NA,43.2,0,0,80,80,0,0,35,0,0,0,32.5,0,18.75,6.25,0,7.5
"73",-34.0287,114.8514,20201031,14:03:39,NA,NA,NA,42.2,0,0,80,80,0,0,9.58904109589041,0,0,0,50.6849315068493,0,32.8767123287671,1.36986301369863,0,5.47945205479452
"264",-34.0287,114.8589,20201031,14:24:30,NA,NA,NA,42.4,0,0,80,80,0,0,48.7179487179487,0,0,0,16.6666666666667,0,8.97435897435897,7.69230769230769,0,17.9487179487179
"66",-34.0187,114.8739,20201031,14:33:06,NA,NA,NA,42.5,0,0,80,80,0,0,19.4444444444444,0,0,0,51.3888888888889,0,20.8333333333333,0,0,8.33333333333333
"339",-34.0162,114.8814,20201031,14:40:57,NA,NA,NA,42.1,0,0,80,80,0,2.94117647058824,2.94117647058824,0,0,2.94117647058824,39.7058823529412,0,16.1764705882353,27.9411764705882,7.35294117647059,0
"262",-34.0146,114.8785,20201031,14:48:37,NA,NA,NA,42.1,0,0,80,80,0,0,18.3098591549296,0,0,0,60.5633802816901,0,7.04225352112676,2.8169014084507,0,11.2676056338028
"263",-34.0137,114.8739,20201031,14:57:46,NA,NA,NA,42.6,0,0,80,80,0,0,12.6582278481013,0,0,0,56.9620253164557,0,25.3164556962025,2.53164556962025,0,2.53164556962025
"278",-34.0087,114.8789,20201104,07:43:00,NA,NA,"Y",140,0,0,80,80,0,0,0,0,0,5.06329113924051,0,0,0,1.26582278481013,0,93.6708860759494
"40",-34.1112,114.6389,20201104,10:31:33,NA,NA,"Y",130,0,0,80,80,0,0,0,0,0,0,0,0,0,0,0,100
"36",-34.1037,114.7139,20201104,10:42:42,NA,NA,"Y",129,0,0,80,80,0,0,1.26582278481013,0,0,0,0,0,0,0,0,98.7341772151899
"37",-34.1037,114.7189,20201104,10:54:04,NA,NA,"Y",129,0,0,80,80,0,0,0,0,0,1.25,0,0,0,0,0,98.75
"308",-34.1087,114.7189,20201104,11:08:18,NA,NA,"Y",125,0,0,80,80,0,0,0,0,0,2.5,0,0,0,0,0,97.5
"333",-34.1112,114.7289,20201104,11:20:14,NA,NA,"Y",125,0,0,80,80,0,0,2.5,0,1.25,3.75,0,0,0,2.5,0,90
"307",-34.113,114.7251,20201104,12:18:00,NA,NA,"Y",119,0,0,80,80,0,0,0,0,0,0,0,0,0,0,0,100
"95",-34.1187,114.7264,20201104,12:33:38,NA,NA,"Y",127,0,0,80,80,0,0,0,0,0,0,0,0,0,0,0,100
"98",-34.1262,114.7339,20201104,12:50:15,NA,NA,"Y",128,0,0,80,80,0,0,0,0,0,0,0,0,0,0,0,100
"110",-34.1337,114.7314,20201104,13:03:23,NA,NA,"Y",129,0,0,80,80,0,0,0,0,0,0,0,0,0,1.25,0,98.75
"96",-34.1412,114.7289,20201104,13:16:25,NA,NA,"Y",126,0,0,80,80,0,0,0,0,0,1.2987012987013,0,0,0,0,0,98.7012987012987
"377",-34.1362,114.7364,20201104,13:36:50,NA,NA,"Y",115,0,0,80,80,0,0,0,0,0,0,0,0,0,0,0,100
"59",-34.1387,114.7589,20201104,13:49:33,NA,NA,"Y",110,0,0,80,80,0,0,0,0,0,0,0,0,0,0,0,100
"58",-34.1412,114.7664,20201104,14:02:50,NA,NA,"Y",94.3,0,0,80,80,0,0,0,0,0,0,0,0,0,0,0,100
"62",-34.1362,114.7739,20201104,14:13:05,NA,NA,"Y",108,0,0,80,80,0,0,0,0,0,1.33333333333333,0,0,0,0,0,98.6666666666667
"297",-34.1337,114.7664,20201104,14:33:05,NA,NA,"Y",115,0,0,80,80,0,0,0,0,0,0,0,0,0,0,0,100
"295",-34.1062,114.7489,20201104,14:43:23,NA,NA,"Y",112,0,0,80,80,0,0,0,0,0,0,0,0,0,0,0,100
"331",-34.1037,114.7539,20201104,14:53:29,NA,NA,"Y",111,0,0,80,80,0,0,0,0,0,0,0,0,0,0,0,100
"313",-34.0984,114.7501,20201104,15:04:00,NA,NA,"Y",105,0,0,80,80,0,0,0,0,0,0,0,0,0,1.31578947368421,0,98.6842105263158
"282",-34.1262,114.7339,20201107,06:52:16,NA,NA,NA,147,0,0,80,80,0,0,0,0,1.31578947368421,5.26315789473684,0,0,0,0,0,93.4210526315789
"265",-34.1462,114.5439,20201107,07:07:03,NA,NA,NA,148,0,0,80,80,0,0,0,0,0,13.9240506329114,0,0,0,8.86075949367089,0,77.2151898734177
"340",-34.1487,114.5364,20201107,07:21:23,NA,NA,NA,148,0,0,80,80,0,0,0,0,1.38888888888889,8.33333333333333,0,0,0,13.8888888888889,0,76.3888888888889
"281",-34.143,114.5378,20201107,07:34:00,NA,NA,NA,147,0,0,80,80,0,0,0,0,1.38888888888889,6.94444444444444,0,0,0,8.33333333333333,0,83.3333333333333
"283",-34.1387,114.5414,20201107,07:44:40,NA,NA,NA,149,0,0,80,80,0,0,0,0,0,8.86075949367089,0,0,0,3.79746835443038,0,87.3417721518987
"342",-34.1387,114.5364,20201107,08:22:30,NA,NA,NA,229,0,0,80,80,0,0,18.8679245283019,0,0,33.9622641509434,0,0,0,41.5094339622642,0,5.66037735849057
"288",-34.0958,114.4752,20201107,08:39:29,NA,NA,NA,201,0,0,80,80,0,0,0,0,0,0,0,0,0,4.47761194029851,0,95.5223880597015
"274",-34.0912,114.4814,20201107,08:51:59,NA,NA,NA,218,0,7,73,80,0,1.75438596491228,0,0,0,7.01754385964912,0,0,0,5.26315789473684,0,85.9649122807018
"286",-34.0787,114.4739,20201107,09:13:10,NA,NA,NA,203,0,0,80,80,0,0,0,0,0,1.58730158730159,0,0,0,1.58730158730159,0,96.8253968253968
"285",-34.0787,114.4789,20201107,09:26:10,NA,NA,NA,215,0,0,80,80,0,1.5625,0,0,0,15.625,0,0,0,18.75,0,64.0625
"341",-34.0737,114.4764,20201107,09:39:17,NA,NA,NA,215,0,0,80,80,0,0,0,0,0,21.875,0,1.5625,0,50,0,26.5625
"284",-34.0725,114.4776,20201107,10:33:35,NA,NA,"Y",230,0,4,76,80,0,0,0,0,0,0,0,0,0,9.52380952380952,0,90.4761904761905
"321",-34.0662,114.4764,20201107,10:54:39,NA,NA,"Y",242,0,0,80,80,0,1.88679245283019,0,0,0,1.88679245283019,0,0,0,5.66037735849057,0,90.5660377358491
"358",-34.0482,114.4681,20201107,11:08:35,NA,NA,"Y",213,0,0,80,80,0,0,0,0,0,0,0,0,0,3.50877192982456,0,96.4912280701754
"360",-34.0462,114.4764,20201107,11:22:49,NA,NA,"Y",255,0,0,80,80,0,0,0,0,0,0,0,0,0,0,0,100
"248",-34.0437,114.4714,20201107,11:36:00,NA,NA,"Y",154,0,0,80,80,0,0,0,0,0,2.08333333333333,0,0,0,18.75,0,79.1666666666667
"135",-34.0362,114.4889,20201107,11:51:47,NA,NA,"Y",170,0,0,80,80,0,0,0,0,9.80392156862745,7.84313725490196,0,0,0,11.7647058823529,0,70.5882352941177
"247",-34.0337,114.4839,20201107,12:03:22,NA,NA,"Y",197,0,0,80,80,0,0,0,0,1.96078431372549,5.88235294117647,0,0,0,13.7254901960784,0,78.4313725490196
"136",-34.0337,114.4789,20201107,12:16:17,NA,NA,"Y",180,0,0,80,80,0,1.69491525423729,1.69491525423729,0,0,11.864406779661,0,0,0,18.6440677966102,0,66.1016949152542
"76",-34.0287,114.4789,20201107,12:33:47,NA,NA,"Y",233,0,0,80,80,0,0,0,0,0,0,0,0,0,0,0,100
"78",-34.0237,114.4689,20201107,12:49:14,NA,NA,"Y",219,0,0,80,80,0,0,0,0,0,5,0,0,0,1.66666666666667,0,93.3333333333333
"63",-34.0162,114.4689,20201107,13:02:42,NA,NA,"Y",203,0,0,80,80,0,0,0,0,0,0,0,0,0,0,0,100
"77",-34.0112,114.4739,20201107,13:16:24,NA,NA,"Y",221,0,0,80,80,0,0,0,0,0,0,0,0,0,3.03030303030303,0,96.969696969697
"347",-34.0112,114.4664,20201107,13:44:04,NA,NA,NA,146,0,0,80,80,0,0,0,0,0,4.34782608695652,0,0,0,1.44927536231884,0,94.2028985507246
"322",-34.0287,114.5414,20201107,13:56:13,NA,NA,NA,145,0,0,80,80,0,0,0,0,3.33333333333333,0,0,0,0,6.66666666666667,0,90
"346",-34.0327,114.5439,20201107,14:08:00,NA,NA,NA,145,0,0,80,80,0,0,0,0,6.25,1.5625,0,0,0,3.125,0,89.0625
"345",-34.0262,114.5464,20201107,14:17:40,NA,NA,NA,146,0,0,80,80,0,0,0,0,0,1.53846153846154,0,0,0,4.61538461538462,0,93.8461538461538
"49",-34.0287,114.5514,20201108,07:03:31,NA,NA,"y",130,0,0,80,80,0,0,0,0,1.36986301369863,4.10958904109589,0,0,0,0,0,94.5205479452055
"47",-34.0612,114.7064,20201108,07:14:14,NA,NA,"y",127,0,0,80,80,0,0,0,0,0,0,0,0,0,1.25,0,98.75
"46",-34.0637,114.7114,20201108,07:25:59,NA,NA,"y",125,0,1,79,80,0,1.61290322580645,1.61290322580645,0,0,56.4516129032258,0,0,0,4.83870967741935,0,35.4838709677419
"290",-34.0687,114.7114,20201108,07:38:01,NA,NA,"y",124,0,0,80,80,0,0,0,0,0,0,0,0,0,1.36986301369863,0,98.6301369863014
"302",-34.0687,114.7189,20201108,07:48:30,NA,NA,"y",122,0,0,80,80,0,0,0,0,0,0,0,0,0,0,0,100
"329",-34.0712,114.7239,20201108,07:59:37,NA,NA,"y",118,0,5,75,80,0,0,0,0,1.69491525423729,40.6779661016949,0,0,0,18.6440677966102,0,38.9830508474576
"117",-34.0648,114.7266,20201108,08:11:19,NA,NA,"y",112,0,0,80,80,0,0,0,0,0,0,0,0,0,0,0,100
"113",-34.0637,114.7389,20201108,08:21:39,NA,NA,"y",111,0,0,80,80,0,0,0,0,0,0,0,0,0,0,0,100
"115",-34.0587,114.7389,20201108,08:31:25,NA,NA,"y",111,0,0,80,80,0,0,0,0,0,2.56410256410256,0,0,0,0,0,97.4358974358974
"4",-34.0537,114.7364,20201108,08:57:56,NA,NA,"y",60,0,0,80,80,0,0,48.6486486486487,0,0,0,6.75675675675676,0,0,20.2702702702703,0,24.3243243243243
"5",-34.0912,114.7814,20201108,09:07:02,NA,NA,"y",66,0,0,80,80,0,0,16.6666666666667,0,0,2.77777777777778,1.38888888888889,0,0,8.33333333333333,0,70.8333333333333
"1",-34.0887,114.7764,20201108,09:18:31,NA,NA,"y",62.6,0,0,80,80,0,0,25.4901960784314,0,0,27.4509803921569,0,0,0,29.4117647058824,0,17.6470588235294
"3",-34.0762,114.7839,20201108,09:29:21,NA,NA,"y",61.4,0,0,81,81,0,1.66666666666667,43.3333333333333,0,0,8.33333333333333,3.33333333333333,0,0,33.3333333333333,0,10
"335",-34.0669,114.794,20201108,09:40:59,NA,NA,"y",54.9,0,0,80,80,0,1.47058823529412,36.7647058823529,0,0,0,33.8235294117647,0,0,11.7647058823529,0,16.1764705882353
"206",-34.0637,114.7914,20201108,09:49:23,NA,NA,"y",58.2,0,0,80,80,0,0,10.126582278481,0,0,0,2.53164556962025,0,0,3.79746835443038,0,83.5443037974684
"204",-34.0662,114.7864,20201108,09:59:09,NA,NA,"y",60.6,0,0,80,80,0,0,3.77358490566038,0,0,3.77358490566038,1.88679245283019,0,0,9.43396226415094,0,81.1320754716981
"207",-34.0612,114.7864,20201108,10:08:10,NA,NA,"y",60.2,0,0,80,80,0,0,11.6883116883117,0,0,0,11.6883116883117,0,0,2.5974025974026,0,74.025974025974
"312",-34.05868897,114.7788721,20201108,10:20:56,NA,NA,"y",65.2,0,0,80,80,0,0,3.79746835443038,0,0,6.32911392405063,0,0,0,1.26582278481013,0,88.6075949367088
"334",-34.0616,114.7754,20201108,10:29:33,NA,NA,"y",63,0,0,80,80,0,0,0,0,0,3.8961038961039,0,1.2987012987013,0,1.2987012987013,0,93.5064935064935
"310",-34.0587,114.7739,20201108,10:37:49,NA,NA,"y",64.1,0,1,79,80,0,2.77777777777778,16.6666666666667,0,2.77777777777778,6.94444444444444,5.55555555555556,0,0,12.5,0,52.7777777777778
"311",-34.0562,114.7689,20201108,10:47:06,NA,NA,"y",67.2,0,1,79,80,0,1.42857142857143,60,0,0,12.8571428571429,2.85714285714286,0,0,14.2857142857143,0,8.57142857142857
"327",-34.0295,114.7624,20201108,11:34:53,NA,NA,"y",64.9,0,0,80,80,1.47058823529412,0,30.8823529411765,0,1.47058823529412,4.41176470588235,0,0,0,30.8823529411765,0,30.8823529411765
"267",-34.0262,114.7639,20201108,11:42:58,NA,NA,"Y",62.7,0,1,79,80,0,0,6.84931506849315,0,0,1.36986301369863,6.84931506849315,0,0,4.10958904109589,0,80.8219178082192
"365",-34.0237,114.7539,20201108,11:54:40,NA,NA,"Y",72,0,0,80,80,0,0,41.6666666666667,0,0,20.8333333333333,9.72222222222222,0,0,25,0,2.77777777777778
"266",-34.0212,114.7589,20201108,12:03:40,NA,NA,"Y",67.3,0,0,80,80,0,2.5974025974026,6.49350649350649,0,0,6.49350649350649,0,0,0,7.79220779220779,0,76.6233766233766
"325",-33.9918,114.7443,20201108,12:21:33,NA,NA,"Y",82.4,0,0,80,80,0,0,34.7826086956522,0,7.2463768115942,28.9855072463768,0,2.89855072463768,0,20.2898550724638,0,5.79710144927536
"361",-33.9887,114.7414,20201108,12:30:37,NA,NA,"Y",84.3,0,0,80,80,0,0,13.1578947368421,0,1.31578947368421,15.7894736842105,0,3.94736842105263,0,6.57894736842105,0,59.2105263157895
"374",-33.9862,114.7464,20201108,12:39:45,NA,NA,"Y",74.8,0,0,80,80,0,0,18.6666666666667,0,4,45.3333333333333,0,1.33333333333333,0,25.3333333333333,0,5.33333333333333
"363",-33.9862,114.7514,20201108,12:48:25,NA,NA,"Y",65.6,0,0,80,80,0,0,42.8571428571429,0,0,31.1688311688312,9.09090909090909,0,0,15.5844155844156,0,1.2987012987013
"227",-33.9987,114.7839,20201108,13:05:40,NA,NA,"Y",54.1,0,0,80,80,0,0,46.8354430379747,0,0,0,41.7721518987342,0,0,1.26582278481013,0,10.126582278481
"229",-33.9937,114.7864,20201108,13:14:36,NA,NA,"Y",52.5,0,0,80,80,0,0,68,0,0,0,18.6666666666667,0,0,12,0,1.33333333333333
"241",-33.9937,114.7914,20201108,13:22:31,NA,NA,"Y",51.3,0,0,80,80,0,0,50.6493506493506,0,0,0,36.3636363636364,0,0,10.3896103896104,0,2.5974025974026
"228",-34.0037,114.7939,20201108,13:32:47,NA,NA,"Y",50.6,0,0,80,80,0,0,55.8441558441558,0,0,0,33.7662337662338,0,2.5974025974026,6.49350649350649,0,1.2987012987013
"278REDO",-34.0087,114.8789,20201111,07:18:57,NA,NA,"Y",140,0,0,80,80,0,0,0,1.33333333333333,0,9.33333333333333,0,0,0,0,0,89.3333333333333
"277",-34.1062,114.6464,20201111,07:30:06,NA,NA,"Y",139,0,0,80,80,0,0,0,0,0,8.21917808219178,0,0,0,0,0,91.7808219178082
"343",-34.1026,114.6407,20201111,07:41:11,NA,NA,"Y",140,0,6,73,79,0,0,0,0,0,1.63934426229508,0,0,0,0,0,98.3606557377049
"276",-34.1012,114.6364,20201111,07:53:00,NA,NA,"Y",141,0,0,80,80,0,0,0,0,0,11.2676056338028,0,0,0,8.45070422535211,0,80.2816901408451
"275",-34.0987,114.6464,20201111,08:04:11,NA,NA,"Y",139,0,0,80,80,0,1.31578947368421,0,0,0,7.89473684210526,0,0,0,2.63157894736842,0,88.1578947368421
"280",-34.0887,114.6739,20201111,08:20:04,NA,NA,NA,138,0,0,80,80,0,1.47058823529412,0,0,0,1.47058823529412,0,0,0,1.47058823529412,0,95.5882352941177
"344",-34.0844,114.6744,20201111,08:29:59,NA,NA,NA,138,0,0,80,80,0,0,0,0,0,5.19480519480519,0,0,0,0,0,94.8051948051948
"299",-34.0812,114.6764,20201111,08:39:36,NA,NA,NA,138,0,0,80,80,0,0,0,0,0,1.33333333333333,0,0,0,0,0,98.6666666666667
"298",-34.0762,114.6714,20201111,08:50:46,NA,NA,NA,136,0,0,80,80,0,0,0,0,0,0,0,0,0,1.42857142857143,0,98.5714285714286
"352",-34.0362,114.5989,20201111,09:22:42,NA,NA,NA,140,0,0,80,80,0,0,0,0,0,0,0,0,0,1.26582278481013,0,98.7341772151899
"323",-34.031,114.6001,20201111,09:33:24,NA,NA,NA,142,0,0,80,80,0,1.2987012987013,0,0,0,7.79220779220779,0,0,0,6.49350649350649,0,84.4155844155844
"351",-34.0312,114.5964,20201111,09:43:30,NA,NA,NA,141,0,0,80,80,0,0,0,0,0,1.40845070422535,0,0,0,2.8169014084507,0,95.7746478873239
"369",-34.0287,114.5914,20201111,09:54:08,NA,NA,NA,134,0,0,80,80,0,0,0,0,0,0,0,0,0,7.79220779220779,0,92.2077922077922
"349",-34.0237,114.5964,20201111,10:05:20,NA,NA,NA,134,0,0,80,80,0,0,0,0,0,8.57142857142857,0,0,0,11.4285714285714,0,80
"350",-34.0262,114.6039,20201111,10:15:42,NA,NA,NA,142,0,0,80,80,0,0,0,0,1.26582278481013,6.32911392405063,0,0,0,5.06329113924051,0,87.3417721518987
"372",-34.0062,114.6439,20201111,10:56:54,NA,NA,"y",134,0,0,80,80,0,0,0,0,0,4.22535211267606,0,0,0,1.40845070422535,0,94.3661971830986
"324",-33.9984,114.6406,20201111,11:09:27,NA,NA,"y",142,0,0,80,80,0,0,0,0,0,3.75,0,0,0,2.5,0,93.75
"378",-33.9937,114.6389,20201111,11:19:31,NA,NA,"y",142,0,0,80,80,0,0,1.25,0,0,1.25,0,0,0,0,0,97.5
"370",-33.9962,114.6464,20201111,11:29:48,NA,NA,"y",141,0,0,80,80,0,0,0,0,0,1.31578947368421,0,0,0,1.31578947368421,0,97.3684210526316
"191",-33.9987,114.6714,20201111,11:44:55,NA,NA,"y",136,0,0,80,80,0,0,0,0,0,1.38888888888889,0,0,0,8.33333333333333,0,90.2777777777778
"194",-33.9962,114.6639,20201111,11:57:09,NA,NA,"y",137,0,0,80,80,0,0,0,0,0,2.5,0,0,0,3.75,0,93.75
"189",-33.9887,114.6639,20201111,12:08:49,NA,NA,"y",138,0,0,80,80,0,0,0,0,0,0,0,0,0,2.5,0,97.5
"192",-33.9862,114.6689,20201111,12:19:02,NA,NA,"y",138,0,0,80,80,0,0,0,0,0,6.25,0,0,0,2.5,0,91.25
"326",-34.0043,114.6893,20201111,12:36:42,NA,NA,"y",129,0,6,74,80,0,1.58730158730159,0,0,1.58730158730159,42.8571428571429,0,0,0,42.8571428571429,0,11.1111111111111
"364",-34.0087,114.6889,20201111,12:46:27,NA,NA,"y",131,0,0,80,80,0,0,0,0,0,2.5,0,0,0,0,0,97.5
"252",-34.0087,114.6939,20201111,12:55:36,NA,NA,"y",129,0,0,80,80,0,0,0,0,0,2.5,0,0,0,1.25,0,96.25
"250",-34.0137,114.6939,20201111,13:06:10,NA,NA,"y",130,0,0,80,80,0,0,0,0,0,0,0,0,0,0,0,100
"254",-34.0187,114.6964,20201111,13:16:56,NA,NA,"y",128,0,0,80,80,0,0,0,0,0,2.53164556962025,0,0,0,0,0,97.4683544303797
"253",-34.0137,114.7039,20201111,13:27:37,NA,NA,"y",125,0,0,80,80,0,0,0,0,0,0,0,0,0,0,0,100
"251",-34.0112,114.6989,20201111,13:37:17,NA,NA,"y",128,0,0,80,80,0,0,0,0,1.25,5,0,0,0,2.5,0,91.25
"71",-34.0037,114.6989,20201111,13:47:50,NA,NA,"y",125,0,0,80,80,0,0,0,0,0,1.25,0,0,0,1.25,0,97.5
"180",-33.9962,114.7039,20201111,13:58:35,NA,NA,"y",123,0,0,80,80,0,0,0,0,0,0,0,0,0,0,0,100
"CP11-1",-33.9928,114.6966,20201111,14:08:52,NA,NA,"y",125,0,5,75,80,0,0,0,0,6.84931506849315,12.3287671232877,0,0,0,5.47945205479452,0,75.3424657534247
"181",-33.9887,114.6989,20201111,14:18:40,NA,NA,"y",125,0,0,80,80,0,0,0,0,0,0,0,0,0,1.25,0,98.75
"CP11-2",-33.9743,114.6928,20201111,14:32:11,NA,NA,"y",124,0,17,63,80,0,0,0,0,2.85714285714286,54.2857142857143,0,2.85714285714286,0,37.1428571428571,0,2.85714285714286
"J11",-34.1178,114.9231,20201119,06:58:19,NA,NA,"y",39.7,0,0,200,200,0,0,5.75539568345324,0,0,0,33.8129496402878,0,46.7625899280576,13.6690647482014,0,0
"J12",-34.1323,114.9285,20201119,07:05:56,NA,NA,"y",44.7,0,0,200,200,0,0,5.85106382978723,0,0,0,64.8936170212766,0,0,27.6595744680851,0,1.59574468085106
"J9",-34.1195,114.9161,20201119,07:13:23,NA,NA,"y",44.1,0,0,200,200,0,0,2.71739130434783,0,0,0,61.9565217391304,0,5.43478260869565,9.78260869565217,0,20.1086956521739
"J10",-34.1173,114.9187,20201119,07:20:50,NA,NA,"y",38.7,0,0,199,199,0,0,3.64583333333333,0,0,0,77.0833333333333,0,15.1041666666667,3.125,0,1.04166666666667
"J1",-34.1286,114.9309,20201119,07:29:32,NA,NA,"y",44.3,0,0,200,200,0,0,16.0804020100502,0,0,0,2.51256281407035,0,0,0,0,81.4070351758794
"J2",-34.1253,114.9288,20201119,07:37:40,NA,NA,"y",44.4,0,1,198,199,0,0,4.76190476190476,0,0,0,38.0952380952381,0,36.734693877551,9.52380952380952,0,10.8843537414966
"J3",-34.1269,114.9259,20201119,07:44:54,NA,NA,"y",44.4,0,0,199,199,0,0.606060606060606,6.66666666666667,0,0.606060606060606,0,40.6060606060606,0,21.8181818181818,29.0909090909091,0,0.606060606060606
"J4",-34.1226,114.9203,20201119,07:52:40,NA,NA,"y",42.9,0,0,199,199,0,0,7.74647887323944,0,0,0,80.2816901408451,0,0,7.04225352112676,0,4.92957746478873
"J8",-34.1294,114.9118,20201119,08:03:44,NA,NA,"y",43.4,0,0,200,200,0,0,0.50251256281407,0,0,0,98.9949748743718,0,0,0.50251256281407,0,0
"J6",-34.1328,114.9124,20201119,08:11:29,NA,NA,"y",37.1,0,1,199,200,0,0,0,0,0,0,92.0289855072464,0,0,7.97101449275362,0,0
"J5",-34.1315,114.9158,20201119,08:19:57,NA,NA,"y",42.7,0,0,200,200,0,0,2.42424242424242,0,0,0,90.9090909090909,0,1.81818181818182,0.606060606060606,0,4.24242424242424
"J7",-34.1348,114.9102,20201119,08:27:10,NA,NA,"y",43.3,0,0,200,200,0,0,27.6729559748428,0,0,0,30.188679245283,0,23.8993710691824,5.0314465408805,0,13.2075471698113
"J17",-34.1321,114.9208,20201119,08:41:02,NA,NA,"y",40.6,0,0,200,200,0,0,5.43478260869565,0,0,0,65.7608695652174,0,25.5434782608696,0.543478260869565,0,2.71739130434783
"J14",-34.1284,114.9255,20201119,08:48:29,NA,NA,"y",41.7,0,0,200,200,0,0,4.8780487804878,0,0,0,83.5365853658537,0,0.609756097560976,3.65853658536585,0,7.31707317073171
"J16",-34.1262,114.9065,20201119,08:56:44,NA,NA,"y",41.2,0,0,200,200,0,0,8.48484848484849,0,0,0,75.7575757575758,0,1.81818181818182,0.606060606060606,0,13.3333333333333
"J15",-34.125,114.9103,20201119,09:03:36,NA,NA,"y",40.8,2,0,198,200,0,1.05820105820106,8.99470899470899,0,0,6.34920634920635,65.0793650793651,0,1.58730158730159,15.3439153439153,0,1.58730158730159
"J13",-34.1285,114.9305,20201119,09:11:19,NA,NA,"y",42.3,0,0,200,200,0,0,2.07253886010363,0,0,0,44.559585492228,0,10.880829015544,5.18134715025907,0,37.3056994818653
"J18",-34.1287,114.9241,20201119,09:18:36,NA,NA,"y",41.4,0,0,200,200,0,0,5.71428571428571,0,0,0,86.4285714285714,0,3.57142857142857,2.14285714285714,0,2.14285714285714
"J24",-34.1187,114.8264,20201119,09:28:14,NA,NA,"y",42.4,0,0,200,200,0,0,7.43243243243243,0,0,0,54.7297297297297,0,2.7027027027027,0,0,35.1351351351351
"J26",-34.1209,114.8289,20201119,09:35:38,NA,NA,"y",42.6,0,0,200,200,0,0,10.5960264900662,0,0,0,73.5099337748344,0,5.29801324503311,5.96026490066225,0,4.63576158940397
"J25",-34.1168,114.8284,20201119,09:43:40,NA,NA,"y",43,0,0,200,200,0,0,8.58895705521472,0,0,0,63.1901840490798,0,20.2453987730061,1.84049079754601,0,6.13496932515337
"J32",-34.1301,114.8611,20201119,09:54:43,NA,NA,"y",42.9,0,1,198,199,0,0,6.47058823529412,0,0,0,68.2352941176471,0,12.9411764705882,1.76470588235294,0,10.5882352941176
"J30",-34.1121,114.8595,20201119,10:01:46,NA,NA,"y",42.5,0,0,200,200,0,0,9.49720670391061,0,0,0,62.5698324022346,0,24.0223463687151,2.23463687150838,1.67597765363128,0
"J28",-34.1129,114.8521,20201119,10:09:12,NA,NA,"y",42.9,0,0,200,200,0,0,11.6279069767442,0,0,0,63.3720930232558,0,11.046511627907,10.4651162790698,0,3.48837209302326
"J29",-34.1111,114.8556,20201119,10:16:30,NA,NA,"y",43.8,0,0,198,198,0,0,6.01092896174863,0,0,0,54.6448087431694,0,16.3934426229508,2.73224043715847,0,20.2185792349727
"J31",-34.116,114.8607,20201119,10:24:15,NA,NA,"y",43.4,0,0,200,200,0,0,12.1951219512195,0,0,0,56.0975609756098,0,22.5609756097561,6.70731707317073,0,2.4390243902439
"J27",-34.1218,114.8329,20201119,10:31:14,NA,NA,"y",43.5,0,0,200,200,0,0,2.46913580246914,0,0,0,91.9753086419753,0,3.7037037037037,1.23456790123457,0,0.617283950617284
"J19",-34.1225,114.9278,20201119,11:11:13,NA,NA,NA,45.9,0,0,200,200,0,0,14.4654088050314,0,0,0,74.8427672955975,0,3.14465408805031,5.66037735849057,0,1.88679245283019
"J21",-34.1282,114.8174,20201119,11:18:42,NA,NA,NA,48.2,0,0,200,200,0,0,17.9775280898876,0,0,0,61.7977528089888,0,3.93258426966292,1.68539325842697,0,14.6067415730337
"J22",-34.1263,114.8196,20201119,11:26:32,NA,NA,NA,49.6,0,0,201,201,0,0,31.1594202898551,0,0,0,59.4202898550725,0,0.72463768115942,5.07246376811594,0,3.6231884057971
"J34",-34.1313,114.8661,20201119,11:34:05,NA,NA,NA,49.6,0,1,199,200,0,0,18.0327868852459,0,0,0,71.5846994535519,0,2.73224043715847,3.27868852459016,0,4.37158469945355
"J36",-34.1305,114.8783,20201119,11:41:09,NA,NA,NA,49.3,0,3,197,200,0,0,27.9220779220779,0,0,0,63.6363636363636,0,2.5974025974026,2.5974025974026,0,3.24675324675325
"J35",-34.1348,114.8693,20201119,11:49:38,NA,NA,NA,52,0,1,199,200,0,0,38.5057471264368,0,0,0,37.3563218390805,0,1.72413793103448,2.29885057471264,0.574712643678161,19.5402298850575
"J33",-34.1331,114.8627,20201119,11:57:39,NA,NA,NA,51.3,0,0,200,200,0,0,21.7948717948718,0,0,0,64.1025641025641,0,3.2051282051282,5.12820512820513,0,5.76923076923077
"J38",-34.1279,114.8839,20201119,12:04:47,NA,NA,NA,51,0,0,200,200,0,0,0,0,0,0,36.144578313253,0,0,1.80722891566265,0,62.0481927710843
"J37",-34.1264,114.8789,20201119,12:12:46,NA,NA,NA,49.3,0,0,200,200,0,0,18.7845303867403,0,0,0,36.4640883977901,0,0.552486187845304,2.76243093922652,0,41.4364640883978
"J20",-34.1302,114.8202,20201119,12:23:27,NA,NA,NA,48,0,0,200,200,0,0,42.9447852760736,0,0,0,39.8773006134969,0,4.9079754601227,7.36196319018405,0,4.9079754601227
"122",-34.1162,114.8264,20201119,12:31:15,NA,NA,NA,49.4,0,0,80,80,0,0,27.027027027027,0,0,0,40.5405405405405,0,16.2162162162162,12.1621621621622,0,4.05405405405405
"125",-34.1087,114.8264,20201119,12:40:33,NA,NA,NA,48.3,0,0,80,80,0,0,21.6666666666667,0,0,0,50,0,0,10,0,18.3333333333333
"123",-34.1062,114.8189,20201119,12:49:26,NA,NA,NA,49.1,0,1,79,80,0,0,19.6969696969697,0,0,0,37.8787878787879,1.51515151515152,0,3.03030303030303,0,37.8787878787879
"126",-34.1137,114.8189,20201119,12:58:23,NA,NA,NA,48.8,0,0,80,80,0,0,24.6153846153846,0,0,0,27.6923076923077,0,10.7692307692308,4.61538461538462,7.69230769230769,24.6153846153846
"293",-34.0887,114.7589,20201119,13:22:25,NA,NA,NA,95.2,0,0,80,80,0,0,4.61538461538462,0,1.53846153846154,47.6923076923077,0,4.61538461538462,0,15.3846153846154,0,26.1538461538462
"330",-34.0883,114.7545,20201119,13:31:34,NA,NA,NA,116,0,0,80,80,0,0,0,0,1.35135135135135,14.8648648648649,0,0,0,6.75675675675676,0,77.027027027027
"C04",-34.0876,114.7493,20201119,13:41:55,NA,NA,NA,110,0,0,80,80,0,0,0,0,0,0,0,0,0,0,0,100
"291",-34.0837,114.7489,20201119,13:51:37,NA,NA,NA,108,0,0,80,80,0,0,0,0,0,0,0,0,0,1.49253731343284,0,98.5074626865672
"294",-34.0837,114.7539,20201119,14:00:52,NA,NA,NA,102,0,0,80,80,0,0,0,0,0,0,0,0,0,1.49253731343284,0,98.5074626865672
