"sample","latitude","longitude","date","time.bottom","site","location","successful.count","depth","fov.facing.up","fov.limited","fov.open","fov.total.points.annotated","detailed.consolidated.boulder.turfmat","detailed.consolidated.cobbles.nobiota","detailed.consolidated.cobbles.turfmat","detailed.consolidated.cobbles.veneer","detailed.consolidated.rock.nobiota","detailed.consolidated.rock.turfmat","detailed.consolidated.rock.veneer","detailed.invertebratecomplex.complex1.","detailed.macroalgae.articulatedcalcareous.","detailed.macroalgae.encrusting.red","detailed.macroalgae.erectcoursebranching.brown","detailed.macroalgae.erectcoursebranching.green","detailed.macroalgae.erectcoursebranching.red","detailed.macroalgae.erectcoursebranching.unknown","detailed.macroalgae.erectfinebranching.brown","detailed.macroalgae.erectfinebranching.green","detailed.macroalgae.erectfinebranching.red","detailed.macroalgae.filamentousandfiliform.","detailed.macroalgae.laminate.","detailed.macroalgae.largecanopy.forming.brown","detailed.macroalgae.largecanopy.forming.eckloniaradiata","detailed.macroalgae.largecanopy.forming.scytothaliadorycarpa","detailed.macroalgae.sheet.likemembranous.","detailed.macroalgae.smallmixed.","detailed.octocoral.black.branching.3d.","detailed.octocoral.black.fan.2d.","detailed.octocoral.black.whip.","detailed.seagrasses.strap.likeleaves.thalassodendrumsp.","detailed.seagrasses.strap.likeleaves.thalassodendrumsp.withepiphytesalgae","detailed.sponges.crusts.","detailed.sponges.erectforms.","detailed.sponges.hollowforms.","detailed.sponges.massiveforms.","detailed.sponges.smallmixed.","detailed.stonycorals.foliose.plate.live","detailed.stonycorals.massive.live","detailed.stonycorals.tabulate.live","detailed.unconsolidated.pebble.gravel.biogenic.","detailed.unconsolidated.pebble.gravel.gravel2.10mm.","detailed.unconsolidated.pebble.gravel.pebble10.64mm.","detailed.unconsolidated.sand.mud.coarsesand.","detailed.total.points.annotated"
"FH92",-33.8437,114.8714,20201020,08:34:48,NA,NA,NA,44.1,0,0,80,80,0,0,0,0,0,27,0,0,0,0,0,0,0,0,0,0,3,0,0,0,1,0,0,2,0,0,0,8,0,0,1,0,4,4,0,0,0,0,0,0,8,58
"FH61",-33.8412,114.8639,20201020,09:06:40,NA,NA,NA,NA,0,0,80,80,0,0,0,0,0,34,0,0,0,0,0,0,0,0,0,0,8,1,0,0,2,0,0,0,0,0,0,15,0,0,0,0,2,0,0,0,0,0,0,0,3,65
"FH27",-33.8362,114.8714,20201020,09:32:24,NA,NA,NA,42.8,0,1,79,80,0,0,0,0,0,34,1,1,0,0,0,0,0,0,0,2,7,0,0,0,0,0,0,6,0,0,0,3,0,1,3,1,2,0,0,0,0,0,0,0,6,67
"FH17",-33.8337,114.8764,20201020,09:46:43,NA,NA,NA,NA,0,0,80,80,0,0,2,2,0,11,5,0,0,0,4,0,1,0,0,0,8,0,0,0,0,0,0,5,0,0,0,1,0,0,0,1,0,0,0,0,0,0,0,0,40,80
"FH56",-33.8312,114.8664,20201020,10:00:37,NA,NA,NA,41.9,0,0,80,80,0,0,0,0,0,25,2,0,0,0,0,0,1,0,0,0,5,0,0,0,0,0,0,6,0,0,0,11,0,0,1,0,0,1,0,0,0,0,0,0,16,68
"FH96",-33.8187,114.8339,20201020,10:40:01,NA,NA,NA,NA,0,0,80,80,0,0,1,0,0,29,0,0,0,0,3,0,0,0,0,10,0,4,0,0,4,0,0,9,0,0,0,10,0,0,0,0,1,0,0,0,0,0,0,0,9,80
"FH60",-33.8162,114.8214,20201020,10:54:30,NA,NA,NA,44.4,0,0,80,80,0,0,1,8,0,21,2,0,0,0,2,0,0,0,0,0,0,0,0,0,0,0,0,8,0,0,0,0,0,0,1,0,1,0,0,0,0,0,0,0,21,65
"FH26",-33.8112,114.8289,20201020,11:05:07,NA,NA,NA,43.9,0,1,79,80,0,0,0,5,0,23,0,0,0,0,0,0,0,0,0,1,8,0,0,0,3,0,0,9,0,0,0,2,0,0,1,3,4,0,0,0,0,0,0,0,16,75
"FH110",-33.8087,114.8214,20201020,11:17:02,NA,NA,NA,44.9,0,0,80,80,0,0,0,3,0,20,0,0,0,0,2,0,0,0,0,0,5,0,0,0,0,0,0,3,0,0,0,1,0,0,3,0,3,0,0,0,0,0,0,0,37,77
"FH48",-33.7962,114.8139,20201020,11:30:39,NA,NA,NA,45,0,0,80,80,1,0,0,0,0,50,0,0,0,0,0,0,0,0,0,0,2,0,0,0,8,0,0,0,0,0,0,7,0,0,0,0,1,0,0,0,0,0,0,0,4,73
"FH21",-33.7937,114.8089,20201020,11:41:29,NA,NA,NA,46.3,0,0,80,80,0,0,1,0,0,31,0,0,0,0,0,0,0,0,0,3,2,0,0,0,6,0,0,2,0,0,0,17,0,0,0,0,2,0,0,0,0,0,0,0,4,68
"FH18",-33.7912,114.8214,20201020,11:55:54,NA,NA,NA,45.1,0,0,80,80,0,0,0,5,0,10,2,0,0,0,0,0,0,0,0,10,4,0,0,0,1,0,0,11,0,0,0,3,0,0,1,0,0,1,0,0,0,0,0,0,19,67
"FH106",-33.7887,114.8164,20201020,12:06:58,NA,NA,NA,46.2,0,0,80,80,0,0,0,0,0,3,5,0,0,0,18,0,0,0,0,0,3,0,0,0,8,0,0,11,0,0,0,0,0,0,0,0,1,0,0,0,0,0,0,0,29,78
"FH57",-33.7887,114.8114,20201020,12:18:13,NA,NA,NA,44.2,0,3,77,80,0,0,12,6,0,24,0,0,0,0,0,0,2,0,0,0,3,5,0,0,4,1,0,0,0,0,0,7,0,0,0,0,1,0,0,0,0,0,0,0,12,77
"FH34",-33.7862,114.8839,20201020,12:51:20,NA,NA,NA,44.6,0,0,80,80,0,0,3,0,0,17,9,1,0,0,4,0,0,0,0,0,4,0,0,0,0,0,0,6,0,0,0,7,0,0,2,0,2,0,0,0,0,0,0,0,22,77
"FH7",-33.7837,114.8789,20201020,13:04:33,NA,NA,NA,45.2,0,1,79,80,0,0,0,0,0,24,0,0,0,0,0,0,0,0,1,0,15,4,0,0,0,0,0,8,0,0,0,0,0,0,2,0,10,0,0,0,0,0,0,0,13,77
"FH20",-33.7827,114.8727,20201020,13:17:56,NA,NA,NA,42.4,0,0,80,80,0,0,1,31,0,16,0,0,0,0,0,0,0,0,0,0,2,0,0,0,0,0,0,1,0,0,0,9,0,0,2,0,4,0,0,0,0,0,0,0,13,79
"FH93",-33.7762,114.8689,20201020,13:32:44,NA,NA,NA,44.3,0,0,80,80,0,0,0,9,0,29,0,0,0,0,0,0,0,0,0,1,5,0,0,0,0,0,0,4,0,0,0,13,0,0,5,1,8,0,0,0,0,0,0,0,2,77
"FH44",-33.7712,114.8639,20201020,13:46:18,NA,NA,NA,44.5,0,0,80,80,0,0,0,0,0,19,7,0,0,0,0,0,0,0,0,0,5,0,0,0,0,0,0,1,0,0,0,17,0,0,0,1,2,0,0,0,0,0,0,0,26,78
"FH14",-33.7662,114.8714,20201020,13:59:42,NA,NA,NA,44.9,0,0,80,80,0,1,0,0,0,1,2,0,0,0,0,0,3,0,0,0,9,0,0,0,0,0,0,6,0,0,0,0,0,0,0,0,1,0,0,0,0,0,1,0,56,80
"FH95",-33.7587,114.8914,20201020,14:17:10,NA,NA,NA,NA,0,0,80,80,0,0,0,0,0,5,0,0,0,0,6,0,0,0,0,0,4,5,0,0,0,0,0,23,0,0,0,0,0,0,1,0,2,0,0,0,0,0,0,0,29,75
"FH62",-33.7562,114.8814,20201020,14:32:04,NA,NA,NA,45.2,0,2,78,80,0,0,0,0,1,9,2,2,0,0,5,0,0,0,0,7,2,1,0,0,0,0,0,6,0,0,0,2,0,0,4,2,9,4,0,0,0,0,1,0,19,76
"FH30",-33.7512,114.8889,20201020,14:44:05,NA,NA,NA,NA,0,0,80,80,0,0,0,0,0,5,0,0,0,0,0,0,0,0,0,0,5,0,0,0,0,0,0,47,0,0,0,0,0,0,0,0,0,0,0,0,0,0,0,0,18,75
"261",-33.9762,114.9214,20201030,07:00:38,NA,NA,NA,46.5,0,0,80,80,0,0,0,0,0,13,2,1,0,0,0,0,0,0,0,1,10,0,0,0,0,0,0,3,0,0,0,0,0,0,5,0,12,14,0,0,0,0,0,0,17,78
"338",-33.9723,114.9225,20201030,07:16:01,NA,NA,NA,46,0,0,80,80,0,0,0,0,1,1,2,4,0,0,2,4,0,0,0,0,5,0,0,0,0,0,0,0,0,0,0,0,0,0,1,0,10,1,0,0,0,0,0,0,45,76
"260",-33.9712,114.9164,20201030,07:25:21,NA,NA,NA,46.1,0,0,80,80,0,0,0,0,0,39,0,0,0,0,0,0,0,0,0,0,12,0,0,0,0,0,0,0,0,0,0,5,0,0,1,0,3,2,0,0,0,0,0,0,15,77
"259",-33.9687,114.9214,20201030,07:39:07,NA,NA,NA,46.3,0,1,79,80,0,0,0,0,0,26,0,0,0,0,0,0,0,0,0,3,7,0,0,0,0,0,0,0,0,0,0,2,0,0,3,0,23,4,0,0,0,0,0,0,3,71
"258",-33.9662,114.9139,20201030,07:48:52,NA,NA,NA,46.2,0,0,80,80,0,0,0,0,2,13,0,0,0,0,0,0,0,0,0,0,27,0,0,0,0,0,0,1,0,0,0,8,0,0,8,0,3,12,0,0,0,0,0,0,1,75
"FH10",-33.9862,114.8864,20201030,08:08:24,NA,NA,NA,NA,0,0,80,80,0,0,5,0,4,37,0,0,0,0,1,0,0,0,0,0,7,0,0,0,0,0,0,0,0,0,0,1,0,0,0,0,0,0,0,0,0,0,0,0,13,68
"FH111",-33.9862,114.8789,20201030,08:17:49,NA,NA,NA,NA,0,0,80,80,0,0,0,0,0,1,0,0,0,0,0,0,4,0,0,1,15,0,0,0,0,0,0,0,0,0,0,4,0,0,0,1,0,0,0,0,0,0,0,0,54,80
"130",-33.9812,114.8764,20201030,08:30:30,NA,NA,NA,NA,0,0,80,80,0,0,0,0,2,19,0,0,0,0,0,0,0,0,0,0,30,0,0,0,4,0,0,0,0,0,0,20,0,0,0,0,0,3,0,0,0,0,0,0,0,78
"152",-33.9812,114.8689,20201030,08:39:18,NA,NA,NA,41.9,0,0,80,80,0,0,10,0,17,11,0,0,0,0,3,0,0,0,0,0,10,0,0,0,3,0,0,1,0,0,0,4,0,0,0,0,1,0,0,0,0,0,0,0,13,73
"134",-33.9837,114.8614,20201030,08:47:50,NA,NA,NA,41.3,0,0,80,80,0,0,0,0,2,11,0,0,0,0,1,0,0,0,0,4,20,0,0,0,3,0,0,9,0,0,0,5,0,0,0,0,2,1,0,0,0,0,0,0,10,68
"133",-33.9912,114.8664,20201030,08:58:26,NA,NA,NA,40.5,0,0,80,80,0,0,0,0,0,9,3,0,0,0,0,0,0,0,0,2,5,0,0,0,23,0,0,0,0,0,0,14,7,0,0,0,3,1,0,0,0,0,0,0,0,67
"132",-33.9912,114.8714,20201030,09:07:01,NA,NA,NA,42.7,0,0,80,80,0,0,0,0,1,7,1,0,0,0,0,0,0,0,0,8,30,0,0,0,0,0,0,0,0,0,0,12,9,0,0,0,0,0,0,0,0,0,0,0,6,74
"FH77",-33.9962,114.8764,20201030,09:18:46,NA,NA,NA,42,0,0,80,80,0,0,0,0,1,6,0,0,0,0,10,0,0,0,0,0,41,0,0,0,0,0,0,0,0,0,0,1,0,0,0,0,1,0,0,0,0,0,0,0,20,80
"FH52",-33.9912,114.8889,20201030,09:28:26,NA,NA,NA,42.8,0,0,80,80,0,0,2,0,9,25,0,0,0,0,1,0,0,0,0,0,5,0,0,0,2,0,0,0,0,0,0,14,0,0,0,0,0,0,0,0,0,0,0,0,19,77
"244",-34.0037,114.9064,20201030,09:46:06,NA,NA,NA,45.6,0,1,79,80,0,1,0,0,3,6,0,0,0,0,6,0,0,0,0,0,12,0,0,0,2,0,0,0,0,0,0,0,0,0,1,0,5,7,0,0,0,0,0,0,27,70
"245",-34.0087,114.9014,20201030,09:55:54,NA,NA,NA,45.5,0,0,80,80,0,0,0,0,5,13,0,0,0,0,3,1,0,0,0,0,15,0,0,0,0,0,0,2,0,0,0,1,0,0,0,0,1,4,0,0,0,0,0,0,30,75
"64",-34.0137,114.8964,20201030,10:06:10,NA,NA,NA,NA,0,0,79,79,0,0,4,0,2,11,0,0,0,0,10,0,0,0,0,0,19,0,0,0,0,0,0,0,0,0,0,0,0,0,3,0,4,0,0,0,0,0,0,0,27,80
"C01",-34.015,114.8891,20201030,10:16:53,NA,NA,NA,NA,0,1,79,80,0,0,0,0,0,8,3,0,1,0,1,0,0,0,0,2,0,0,0,0,61,1,0,1,0,0,0,0,0,0,1,0,0,0,0,0,0,0,0,0,0,79
"65",-34.0112,114.8889,20201030,10:25:08,NA,NA,NA,NA,0,0,80,80,0,0,0,0,8,30,6,0,0,0,1,0,0,0,2,0,13,0,0,0,0,0,0,0,0,0,0,2,0,0,0,0,0,0,0,0,0,0,0,0,17,79
"272",-34.0087,114.8139,20201030,10:52:55,NA,NA,NA,50.1,0,0,80,80,0,0,4,0,0,6,0,0,0,0,3,0,0,0,0,0,21,0,0,0,18,0,0,1,0,0,0,0,0,0,0,0,3,4,0,0,0,0,0,0,16,76
"337",-34.0054,114.8202,20201030,11:01:29,NA,NA,NA,43.8,0,2,78,80,0,0,0,0,0,7,0,0,0,0,0,0,0,0,0,0,1,0,0,0,67,0,0,0,0,0,0,0,0,0,0,0,0,1,0,0,0,0,0,0,0,76
"273",-33.9987,114.8214,20201030,11:09:00,NA,NA,NA,46,0,0,80,80,0,0,0,0,0,25,1,0,0,0,1,0,5,0,0,1,32,0,0,0,0,0,0,0,0,0,0,1,0,0,0,0,3,2,0,0,0,0,0,1,3,75
"328",-33.9936,114.8214,20201030,11:16:15,NA,NA,NA,44.8,0,0,80,80,0,0,0,0,0,18,0,0,0,0,1,0,0,0,0,10,16,0,0,0,20,0,0,3,0,0,0,5,0,0,0,0,1,0,0,0,0,0,0,0,6,80
"269",-33.9887,114.8139,20201030,11:26:27,NA,NA,NA,47.7,0,0,80,80,0,0,3,0,2,20,0,0,0,0,4,0,4,0,0,9,14,0,0,0,4,0,0,3,0,0,0,0,0,0,2,0,6,2,0,0,0,0,0,0,5,78
"145",-33.9862,114.8239,20201030,11:36:14,NA,NA,NA,44.3,0,0,80,80,0,0,0,0,0,17,0,0,0,0,5,0,0,0,0,0,29,0,0,0,5,0,0,0,0,0,0,1,0,0,0,0,3,0,0,0,0,0,0,0,9,69
"147",-33.9812,114.8314,20201030,11:45:03,NA,NA,NA,43.6,0,0,80,80,0,0,0,0,3,5,2,0,0,0,2,0,0,0,0,2,16,0,0,0,3,0,0,7,0,0,0,0,0,0,0,0,0,0,0,0,0,0,0,0,31,71
"158",-33.9812,114.8189,20201030,11:57:31,NA,NA,NA,46.1,0,0,80,80,0,9,7,0,17,1,0,0,0,0,0,0,0,0,0,0,2,0,0,0,0,0,0,0,0,0,0,0,0,0,0,0,0,0,0,0,0,0,0,0,42,78
"146",-33.9762,114.8214,20201030,12:05:43,NA,NA,NA,45.3,0,0,80,80,0,0,0,1,14,19,2,0,0,0,0,0,0,0,0,0,1,1,0,0,10,0,0,0,0,0,0,8,0,0,0,0,0,0,0,0,0,0,0,0,23,79
"157",-33.9712,114.8239,20201030,12:14:40,NA,NA,NA,44.7,0,0,80,80,0,0,0,0,2,11,2,1,0,0,2,0,0,0,0,10,12,0,0,0,6,0,0,3,0,0,0,2,3,0,2,0,2,3,0,0,0,0,0,0,15,76
"OMR1",-33.9676,114.9582,20201030,13:03:59,NA,NA,"Y",35.6,0,1,78,79,0,1,0,0,8,1,1,0,0,0,12,0,0,0,0,0,7,0,0,0,1,0,0,4,0,0,0,0,0,0,0,0,0,0,0,0,0,0,0,0,44,79
"OMR2",-33.9679,114.9551,20201030,13:15:35,NA,NA,"Y",38,0,0,80,80,0,0,0,0,0,0,0,0,0,0,0,0,0,0,0,0,0,0,0,0,0,0,0,0,0,0,0,0,0,0,0,0,0,0,0,0,0,0,0,0,72,72
"OMR3",-33.9685,114.9543,20201030,13:23:54,NA,NA,"Y",38,0,0,80,80,0,0,0,0,0,0,0,0,0,0,0,0,0,0,0,0,18,0,0,0,0,0,0,0,0,0,0,0,0,0,0,0,0,0,0,0,0,0,0,0,62,80
"OMR4",-33.9682,114.9529,20201030,13:35:02,NA,NA,"Y",38.6,0,0,80,80,0,1,0,1,0,0,0,0,0,0,1,0,0,0,0,0,3,0,0,0,0,0,0,0,0,0,0,0,0,0,1,0,0,0,0,0,0,0,0,0,65,72
"216",-34.0612,114.9164,20201031,07:01:16,NA,NA,"y",47.5,0,0,80,80,0,0,0,0,6,8,3,0,0,0,4,0,0,0,0,0,12,0,0,0,0,0,0,0,0,0,0,0,0,0,2,0,7,4,0,0,0,0,0,0,34,80
"235",-34.0912,114.9364,20201031,07:11:46,NA,NA,"y",47,0,0,80,80,0,0,0,0,1,9,1,0,0,0,0,0,0,0,0,1,9,2,0,0,1,0,0,0,0,0,0,2,0,0,3,0,3,10,0,0,0,0,0,0,30,72
"217",-34.0662,114.9139,20201031,07:19:39,NA,NA,"y",46.3,0,0,80,80,0,1,0,0,5,0,0,0,0,0,10,0,0,0,0,0,1,0,0,0,0,0,0,2,0,0,0,0,0,0,0,0,0,0,0,0,0,0,0,0,61,80
"215",-34.0662,114.9189,20201031,07:28:33,NA,NA,"y",46.9,0,0,80,80,0,0,0,0,0,0,0,0,0,0,0,0,0,0,0,0,0,0,0,0,0,0,0,0,0,0,0,0,0,0,0,0,0,0,0,0,0,0,0,0,79,79
"356",-34.0687,114.9264,20201031,07:39:03,NA,NA,"y",47.2,0,0,80,80,0,0,8,7,0,4,0,0,0,0,0,1,0,0,0,1,0,0,0,0,0,0,0,1,0,0,0,2,0,0,7,1,15,12,0,0,0,0,0,0,19,78
"218",-34.0696,114.9185,20201031,07:53:09,NA,NA,NA,46.5,0,0,80,80,0,0,0,0,12,2,4,0,0,0,0,0,0,0,0,0,1,0,0,0,0,0,0,0,0,0,0,0,0,0,0,0,0,0,0,0,0,0,0,0,61,80
"102",-34.0737,114.9214,20201031,08:02:56,NA,NA,NA,46.4,0,0,80,80,0,0,0,0,1,8,0,0,0,0,0,1,1,0,0,4,51,0,0,0,0,0,0,0,0,0,0,0,0,0,1,0,4,3,0,0,0,0,0,0,5,79
"100",-34.0712,114.9114,20201031,08:12:11,NA,NA,NA,44.5,0,0,80,80,0,0,0,0,2,16,0,0,0,0,0,0,1,0,1,6,30,0,0,0,0,0,0,0,0,0,0,11,0,0,2,0,4,1,0,0,0,0,0,0,2,76
"119",-34.0762,114.9089,20201031,08:20:22,NA,NA,NA,43.5,0,0,80,80,0,0,0,0,0,15,0,0,0,0,1,0,0,0,0,1,42,0,0,0,0,0,0,0,0,0,0,0,0,0,0,0,1,4,0,0,0,0,0,0,15,79
"101",-34.0762,114.9039,20201031,08:29:57,NA,NA,NA,43.4,0,2,78,80,0,0,0,0,2,8,1,0,0,0,3,0,0,0,0,11,40,0,0,0,0,0,0,0,0,0,0,0,0,0,0,0,6,0,0,0,0,0,0,0,7,78
"236",-34.0787,114.8964,20201031,08:47:27,NA,NA,NA,46,0,0,80,80,0,0,0,0,1,0,0,0,0,0,7,0,2,0,0,0,44,0,0,0,0,0,0,3,0,0,0,0,0,0,0,0,0,0,0,0,0,0,0,0,23,80
"237",-34.0812,114.9239,20201031,08:57:11,NA,NA,NA,43.2,0,0,80,80,0,0,0,0,0,0,0,0,0,0,0,0,0,0,0,0,0,0,0,0,0,0,0,0,0,0,0,0,0,0,0,0,0,0,0,0,0,0,0,0,80,80
"C02",-34.0812,114.9364,20201031,09:07:10,NA,NA,NA,45,0,0,80,80,0,0,0,0,0,7,0,0,0,0,2,9,0,0,0,2,10,0,0,0,9,0,0,0,0,0,0,0,0,0,3,0,4,24,0,0,0,0,0,0,1,71
"235REDO",-34.0854,114.9279,20201031,09:17:31,NA,NA,NA,44.3,0,0,80,80,0,0,0,0,0,0,0,0,0,0,0,0,0,0,0,0,11,0,0,0,0,0,0,0,0,0,0,0,0,0,0,0,0,0,0,0,0,0,0,0,69,80
"239",-34.0912,114.9364,20201031,09:25:33,NA,NA,NA,45.3,0,4,76,80,0,0,0,0,0,0,0,0,0,0,0,0,0,0,0,0,0,0,0,0,0,0,0,0,0,0,0,0,0,0,0,0,0,0,0,0,0,0,0,0,76,76
"91",-34.0912,114.9314,20201031,09:43:27,NA,NA,NA,42.7,0,0,80,80,0,0,1,0,0,8,6,0,0,0,1,0,2,0,0,0,42,0,0,0,0,0,0,0,0,0,0,0,0,0,0,0,3,0,0,0,0,0,0,0,17,80
"80",-34.0937,114.8939,20201031,09:51:03,NA,NA,NA,43.1,0,0,79,79,0,0,0,0,3,13,2,0,0,0,1,0,0,0,0,7,20,0,0,0,11,0,0,0,0,0,0,9,0,0,0,0,1,1,0,0,0,0,0,0,9,77
"81",-34.0937,114.8889,20201031,09:59:33,NA,NA,NA,43.3,0,1,79,80,0,0,0,0,0,11,0,0,0,0,0,0,0,0,0,0,27,0,0,0,8,0,0,4,0,0,0,15,0,0,1,0,2,0,0,0,0,0,0,0,6,74
"92",-34.0987,114.8914,20201031,10:07:45,NA,NA,NA,41.3,0,0,80,80,0,3,0,0,3,13,1,0,0,0,6,0,0,0,0,0,30,0,0,0,0,0,0,0,0,0,0,6,0,0,0,0,0,0,0,0,0,0,0,0,18,80
"210",-34.0987,114.8864,20201031,10:19:54,NA,NA,NA,43.9,0,0,80,80,0,0,0,0,0,13,0,0,0,0,1,0,0,0,0,1,26,0,0,0,9,0,0,0,0,0,0,15,0,0,0,0,1,4,0,0,0,0,0,0,9,79
"336",-34.0912,114.8739,20201031,10:28:58,NA,NA,NA,43.1,0,0,80,80,0,0,0,0,3,16,0,0,0,0,1,0,0,0,0,5,32,0,0,0,7,0,0,0,0,0,0,3,0,0,0,0,2,0,0,0,0,0,0,0,11,80
"195",-34.0924,114.8664,20201031,10:37:50,NA,NA,NA,44.4,0,1,79,80,0,0,0,0,3,11,0,0,0,0,2,0,0,0,0,1,29,0,0,0,15,0,0,0,0,0,0,6,4,0,0,0,0,3,0,0,0,0,0,0,2,76
"199",-34.0937,114.8589,20201031,10:47:22,NA,NA,NA,42.7,0,0,80,80,0,0,0,0,0,19,0,0,0,0,0,0,0,0,0,2,43,0,0,0,1,0,0,0,0,0,0,4,0,0,0,0,0,2,0,0,0,0,0,0,6,77
"16",-34.0862,114.8614,20201031,11:16:16,NA,NA,NA,41.4,0,0,80,80,0,0,0,0,0,15,0,0,0,0,1,0,0,0,0,0,34,0,0,0,0,0,0,0,0,0,0,4,0,1,0,0,5,5,0,0,0,0,0,0,7,72
"17",-34.0737,114.8689,20201031,11:26:32,NA,NA,NA,41,0,0,80,80,0,0,0,0,0,0,0,0,0,0,0,0,0,0,0,0,69,0,0,0,1,0,0,0,0,0,0,0,2,0,1,0,1,0,0,0,0,0,0,0,4,78
"34",-34.0637,114.8764,20201031,11:34:38,NA,NA,NA,41.4,0,0,80,80,0,0,0,0,5,10,1,0,0,0,0,0,0,0,0,0,45,0,0,0,0,0,0,1,0,0,0,10,0,0,0,0,0,0,0,0,0,0,0,0,7,79
"15",-34.0612,114.8714,20201031,11:42:46,NA,NA,NA,41.6,0,0,80,80,0,0,0,0,1,9,0,0,0,0,0,0,0,0,0,2,37,0,0,0,4,0,0,1,0,0,0,10,5,0,0,0,1,1,0,0,0,0,0,0,8,79
"223",-34.0612,114.8664,20201031,11:58:00,NA,NA,NA,44.2,0,0,80,80,0,1,0,0,4,10,3,0,0,0,0,1,0,0,0,3,8,0,0,0,0,0,0,0,0,0,0,7,1,0,0,0,5,2,0,0,0,0,0,0,33,78
"225",-34.0712,114.8464,20201031,12:09:16,NA,NA,NA,45.2,0,0,80,80,0,0,0,0,2,12,0,0,0,0,1,0,0,0,0,1,53,0,0,0,0,0,0,0,0,0,0,0,0,0,0,0,1,0,0,0,0,0,0,0,9,79
"222",-34.0712,114.8339,20201031,12:18:32,NA,NA,NA,46.9,0,0,80,80,0,0,0,0,12,34,2,0,0,0,3,0,0,0,0,0,17,0,0,0,2,0,0,0,0,0,0,0,0,0,1,0,3,0,0,0,0,0,0,0,4,78
"C03.1",-34.0662,114.8314,20201031,12:28:05,NA,NA,NA,42.4,0,18,62,80,0,0,0,0,1,5,0,0,1,0,0,1,0,0,0,0,0,0,0,0,44,0,0,0,0,0,0,0,0,0,0,0,1,8,0,0,0,0,0,0,0,61
"C03.2",-34.0664,114.8398,20201031,12:35:55,NA,NA,NA,43.4,0,15,65,80,0,0,0,0,0,9,6,0,0,0,0,4,0,0,0,0,0,0,0,0,31,0,0,0,0,0,0,0,0,0,1,0,1,9,0,0,0,0,0,0,0,61
"226",-34.0664,114.8398,20201031,12:43:58,NA,NA,NA,44,0,0,80,80,0,0,3,0,2,9,0,0,0,0,0,0,0,0,0,0,29,0,0,0,14,0,0,1,0,0,0,4,0,0,0,0,0,2,0,0,0,0,0,0,10,74
"224",-34.0637,114.8439,20201031,12:53:00,NA,NA,NA,44.9,0,0,80,80,0,4,0,0,4,23,0,0,0,0,5,0,0,0,0,1,16,0,0,0,0,0,0,1,0,0,0,3,0,0,0,0,1,0,0,0,0,0,0,0,22,80
"220",-34.0612,114.8389,20201031,13:01:48,NA,NA,NA,43.9,0,0,80,80,0,0,0,0,2,5,3,0,0,0,19,0,0,0,0,0,6,0,0,0,14,19,0,4,0,0,0,0,0,0,0,0,0,0,0,0,0,0,0,0,6,78
"353",-34.0562,114.8439,20201031,13:11:00,NA,NA,NA,45,0,0,80,80,0,0,0,0,0,0,0,0,0,0,28,0,0,0,0,0,5,0,0,0,27,18,0,0,0,0,0,0,0,0,0,0,0,0,0,0,0,0,0,0,1,79
"201",-34.0544,114.8391,20201031,13:19:40,NA,NA,NA,46.3,0,0,80,80,0,0,0,0,15,13,0,0,0,0,1,0,0,0,3,4,11,0,0,0,1,0,0,1,0,0,0,0,0,0,0,0,2,0,0,0,0,0,0,0,29,80
"72",-34.0562,114.8339,20201031,13:36:24,NA,NA,NA,43.3,0,0,80,80,0,0,0,0,0,6,1,0,0,0,1,0,0,0,0,0,47,0,0,0,1,0,0,0,0,0,0,9,0,0,0,0,0,2,0,0,0,0,0,0,13,80
"75",-34.0362,114.8464,20201031,13:45:35,NA,NA,NA,42.6,0,0,80,80,0,0,0,1,4,9,0,4,0,0,1,1,1,0,0,0,26,0,0,0,0,0,0,1,0,0,0,14,0,0,0,0,1,2,0,0,0,0,0,0,15,80
"74",-34.0337,114.8539,20201031,13:55:30,NA,NA,NA,43.2,0,0,80,80,0,0,1,3,3,20,1,0,0,0,4,0,0,0,0,4,9,0,0,0,9,0,0,0,0,0,0,15,0,0,1,0,2,2,0,0,0,0,0,0,6,80
"73",-34.0287,114.8514,20201031,14:03:39,NA,NA,NA,42.2,0,0,80,80,0,0,0,0,1,6,0,0,0,0,1,0,0,0,0,0,30,0,0,0,6,0,0,0,0,0,0,24,0,0,0,0,1,0,0,0,0,0,0,0,4,73
"264",-34.0287,114.8589,20201031,14:24:30,NA,NA,NA,42.4,0,0,80,80,0,0,13,0,8,17,0,0,0,0,1,0,0,0,0,0,11,1,0,0,0,0,0,0,0,0,0,7,0,0,0,0,5,1,0,0,0,0,0,0,14,78
"66",-34.0187,114.8739,20201031,14:33:06,NA,NA,NA,42.5,0,0,80,80,0,0,0,0,1,13,0,0,0,0,2,0,0,0,0,15,18,0,0,0,2,0,0,0,0,0,0,15,0,0,0,0,0,0,0,0,0,0,0,0,6,72
"339",-34.0162,114.8814,20201031,14:40:57,NA,NA,NA,42.1,0,0,80,80,0,0,0,0,0,1,1,2,0,0,2,0,0,0,0,0,5,0,0,0,20,0,0,0,0,0,0,11,0,0,1,0,5,13,4,1,0,0,0,0,0,66
"262",-34.0146,114.8785,20201031,14:48:37,NA,NA,NA,42.1,0,0,80,80,0,0,0,0,0,13,0,0,0,0,3,0,0,0,1,0,38,0,0,0,1,0,0,0,0,0,0,5,0,0,0,0,0,2,0,0,0,0,0,0,8,71
"263",-34.0137,114.8739,20201031,14:57:46,NA,NA,NA,42.6,0,0,80,80,0,0,0,0,0,10,0,0,0,0,0,0,0,0,0,4,39,0,0,0,0,0,0,2,0,0,0,20,0,0,0,0,0,2,0,0,0,0,0,0,2,79
"278",-34.0087,114.8789,20201104,07:43:00,NA,NA,"Y",140,0,0,80,80,0,0,0,0,0,0,0,4,0,0,0,0,0,0,0,0,0,0,0,0,0,0,0,0,0,0,0,0,0,0,0,0,1,0,0,0,0,0,0,0,74,79
"40",-34.1112,114.6389,20201104,10:31:33,NA,NA,"Y",130,0,0,80,80,0,0,0,0,0,0,0,0,0,0,0,0,0,0,0,0,0,0,0,0,0,0,0,0,0,0,0,0,0,0,0,0,0,0,0,0,0,0,0,0,80,80
"36",-34.1037,114.7139,20201104,10:42:42,NA,NA,"Y",129,0,0,80,80,0,0,0,0,1,0,0,0,0,0,0,0,0,0,0,0,0,0,0,0,0,0,0,0,0,0,0,0,0,0,0,0,0,0,0,0,0,0,0,0,78,79
"37",-34.1037,114.7189,20201104,10:54:04,NA,NA,"Y",129,0,0,80,80,0,0,0,0,0,0,0,1,0,0,0,0,0,0,0,0,0,0,0,0,0,0,0,0,0,0,0,0,0,0,0,0,0,0,0,0,0,0,0,0,79,80
"308",-34.1087,114.7189,20201104,11:08:18,NA,NA,"Y",125,0,0,80,80,0,0,0,0,0,0,0,2,0,0,0,0,0,0,0,0,0,0,0,0,0,0,0,0,0,0,0,0,0,0,0,0,0,0,0,0,0,0,0,0,78,80
"333",-34.1112,114.7289,20201104,11:20:14,NA,NA,"Y",125,0,0,80,80,0,0,0,0,0,2,0,3,0,0,0,0,0,0,0,0,0,0,0,0,0,0,0,0,0,0,0,0,0,0,0,0,2,0,0,0,0,0,0,0,72,79
"307",-34.113,114.7251,20201104,12:18:00,NA,NA,"Y",119,0,0,80,80,0,0,0,0,0,0,0,0,0,0,0,0,0,0,0,0,0,0,0,0,0,0,0,0,0,0,0,0,0,0,0,0,0,0,0,0,0,0,0,0,78,78
"95",-34.1187,114.7264,20201104,12:33:38,NA,NA,"Y",127,0,0,80,80,0,0,0,0,0,0,0,0,0,0,0,0,0,0,0,0,0,0,0,0,0,0,0,0,0,0,0,0,0,0,0,0,0,0,0,0,0,0,0,0,78,78
"98",-34.1262,114.7339,20201104,12:50:15,NA,NA,"Y",128,0,0,80,80,0,0,0,0,0,0,0,0,0,0,0,0,0,0,0,0,0,0,0,0,0,0,0,0,0,0,0,0,0,0,0,0,0,0,0,0,0,0,0,0,78,78
"110",-34.1337,114.7314,20201104,13:03:23,NA,NA,"Y",129,0,0,80,80,0,0,0,0,0,0,0,0,0,0,0,0,0,0,0,0,0,0,0,0,0,0,0,0,0,0,0,0,0,0,0,0,1,0,0,0,0,0,0,0,79,80
"96",-34.1412,114.7289,20201104,13:16:25,NA,NA,"Y",126,0,0,80,80,0,0,0,0,0,0,0,1,0,0,0,0,0,0,0,0,0,0,0,0,0,0,0,0,0,0,0,0,0,0,0,0,0,0,0,0,0,0,0,0,76,77
"377",-34.1362,114.7364,20201104,13:36:50,NA,NA,"Y",115,0,0,80,80,0,0,0,0,0,0,0,0,0,0,0,0,0,0,0,0,0,0,0,0,0,0,0,0,0,0,0,0,0,0,0,0,0,0,0,0,0,0,0,0,80,80
"59",-34.1387,114.7589,20201104,13:49:33,NA,NA,"Y",110,0,0,80,80,0,0,0,0,0,0,0,0,0,0,0,0,0,0,0,0,0,0,0,0,0,0,0,0,0,0,0,0,0,0,0,0,0,0,0,0,0,0,0,0,74,74
"58",-34.1412,114.7664,20201104,14:02:50,NA,NA,"Y",94.3,0,0,80,80,0,0,0,0,0,0,0,0,0,0,0,0,0,0,0,0,0,0,0,0,0,0,0,0,0,0,0,0,0,0,0,0,0,0,0,0,0,0,0,0,77,77
"62",-34.1362,114.7739,20201104,14:13:05,NA,NA,"Y",108,0,0,80,80,0,0,0,0,0,0,0,1,0,0,0,0,0,0,0,0,0,0,0,0,0,0,0,0,0,0,0,0,0,0,0,0,0,0,0,0,0,0,0,0,74,75
"297",-34.1337,114.7664,20201104,14:33:05,NA,NA,"Y",115,0,0,80,80,0,0,0,0,0,0,0,0,0,0,0,0,0,0,0,0,0,0,0,0,0,0,0,0,0,0,0,0,0,0,0,0,0,0,0,0,0,0,0,0,79,79
"295",-34.1062,114.7489,20201104,14:43:23,NA,NA,"Y",112,0,0,80,80,0,0,0,0,0,0,0,0,0,0,0,0,0,0,0,0,0,0,0,0,0,0,0,0,0,0,0,0,0,0,0,0,0,0,0,0,0,0,0,0,80,80
"331",-34.1037,114.7539,20201104,14:53:29,NA,NA,"Y",111,0,0,80,80,0,0,0,0,0,0,0,0,0,0,0,0,0,0,0,0,0,0,0,0,0,0,0,0,0,0,0,0,0,0,0,0,0,0,0,0,0,0,0,0,78,78
"313",-34.0984,114.7501,20201104,15:04:00,NA,NA,"Y",105,0,0,80,80,0,0,0,0,0,0,0,0,0,0,0,0,0,0,0,0,0,0,0,0,0,0,0,0,0,0,0,0,0,0,0,0,1,0,0,0,0,0,0,0,75,76
"282",-34.1262,114.7339,20201107,06:52:16,NA,NA,NA,147,0,0,80,80,0,0,0,0,0,0,0,4,0,0,0,0,0,0,0,0,0,0,0,0,0,0,0,0,0,0,0,0,0,0,0,0,0,0,0,0,0,0,0,0,71,75
"265",-34.1462,114.5439,20201107,07:07:03,NA,NA,NA,148,0,0,80,80,0,0,0,0,0,0,0,11,0,0,0,0,0,0,0,0,0,0,0,0,0,0,0,0,0,0,0,0,0,0,4,0,3,0,0,0,0,0,0,0,61,79
"340",-34.1487,114.5364,20201107,07:21:23,NA,NA,NA,148,0,0,80,80,0,0,0,0,0,0,0,6,0,0,0,0,0,0,0,0,0,0,0,0,0,0,0,0,0,0,0,0,0,0,8,0,2,0,0,0,0,0,0,0,55,71
"281",-34.143,114.5378,20201107,07:34:00,NA,NA,NA,147,0,0,80,80,0,0,0,0,0,0,0,5,0,0,0,0,0,0,0,0,0,0,0,0,0,0,0,0,0,0,0,0,0,0,4,0,1,1,0,0,0,0,0,0,60,71
"283",-34.1387,114.5414,20201107,07:44:40,NA,NA,NA,149,0,0,80,80,0,0,0,0,0,0,0,7,0,0,0,0,0,0,0,0,0,0,0,0,0,0,0,0,0,0,0,0,0,0,0,0,3,0,0,0,0,0,0,0,69,79
"342",-34.1387,114.5364,20201107,08:22:30,NA,NA,NA,229,0,0,80,80,0,0,0,0,0,10,0,18,0,0,0,0,0,0,0,0,0,0,0,0,0,0,0,0,0,0,0,0,0,0,12,0,5,5,0,0,0,0,0,0,3,53
"288",-34.0958,114.4752,20201107,08:39:29,NA,NA,NA,201,0,0,80,80,0,0,0,0,0,0,0,0,0,0,0,0,0,0,0,0,0,0,0,0,0,0,0,0,0,0,0,0,0,0,1,0,2,0,0,0,0,0,0,0,64,67
"274",-34.0912,114.4814,20201107,08:51:59,NA,NA,NA,218,0,7,73,80,0,0,0,0,0,0,0,4,0,0,0,0,0,0,0,0,0,0,0,0,0,0,0,0,0,0,0,0,0,0,1,0,0,2,0,0,0,0,0,0,49,56
"287",-34.0912,114.4764,20201107,09:00:00,NA,NA,NA,NA,NA,NA,NA,NA,NA,NA,NA,NA,NA,NA,NA,NA,NA,NA,NA,NA,NA,NA,NA,NA,NA,NA,NA,NA,NA,NA,NA,NA,NA,NA,NA,NA,NA,NA,NA,NA,NA,NA,NA,NA,NA,NA,NA,NA,NA,NA
"286",-34.0787,114.4739,20201107,09:13:10,NA,NA,NA,203,0,0,80,80,0,0,0,0,0,0,0,1,0,0,0,0,0,0,0,0,0,0,0,0,0,0,0,0,0,0,0,0,0,0,0,0,1,0,0,0,0,0,0,0,61,63
"285",-34.0787,114.4789,20201107,09:26:10,NA,NA,NA,215,0,0,80,80,0,0,0,0,0,0,0,10,0,0,0,0,0,0,0,0,0,0,0,0,0,0,0,0,0,0,0,0,0,0,7,0,4,1,0,0,0,0,0,0,41,63
"341",-34.0737,114.4764,20201107,09:39:17,NA,NA,NA,215,0,0,80,80,0,0,0,0,0,0,0,14,0,0,0,0,0,0,0,0,0,0,0,0,0,0,0,0,1,0,0,0,0,0,19,0,7,6,0,0,0,0,0,0,17,64
"284",-34.0725,114.4776,20201107,10:33:35,NA,NA,"Y",230,0,4,76,80,0,0,0,0,0,0,0,0,0,0,0,0,0,0,0,0,0,0,0,0,0,0,0,0,0,0,0,0,0,0,2,0,1,1,0,0,0,0,0,0,38,42
"321",-34.0662,114.4764,20201107,10:54:39,NA,NA,"Y",242,0,0,80,80,0,0,0,0,0,0,0,1,0,0,0,0,0,0,0,0,0,0,0,0,0,0,0,0,0,0,0,0,0,0,0,0,2,1,0,0,0,0,0,0,48,52
"358",-34.0482,114.4681,20201107,11:08:35,NA,NA,"Y",213,0,0,80,80,0,0,0,0,0,0,0,0,0,0,0,0,0,0,0,0,0,0,0,0,0,0,0,0,0,0,0,0,0,0,2,0,0,0,0,0,0,0,0,0,55,57
"360",-34.0462,114.4764,20201107,11:22:49,NA,NA,"Y",255,0,0,80,80,0,0,0,0,0,0,0,0,0,0,0,0,0,0,0,0,0,0,0,0,0,0,0,0,0,0,0,0,0,0,0,0,0,0,0,0,0,0,0,0,56,56
"248",-34.0437,114.4714,20201107,11:36:00,NA,NA,"Y",154,0,0,80,80,0,0,0,0,0,0,0,1,0,0,0,0,0,0,0,0,0,0,0,0,0,0,0,0,0,0,0,0,0,0,2,0,1,6,0,0,0,0,0,0,38,48
"135",-34.0362,114.4889,20201107,11:51:47,NA,NA,"Y",170,0,0,80,80,0,0,0,0,0,0,0,4,0,0,0,0,0,0,0,0,0,0,0,0,0,0,0,0,0,0,0,0,0,0,2,0,2,2,0,0,0,0,0,0,36,46
"247",-34.0337,114.4839,20201107,12:03:22,NA,NA,"Y",197,0,0,80,80,0,0,0,0,0,0,0,3,0,0,0,0,0,0,0,0,0,0,0,0,0,0,0,0,0,0,0,0,0,0,5,0,2,0,0,0,0,0,0,0,40,50
"136",-34.0337,114.4789,20201107,12:16:17,NA,NA,"Y",180,0,0,80,80,0,0,1,0,0,0,0,7,0,0,0,0,0,0,0,0,0,0,0,0,0,0,0,0,0,0,0,0,0,0,3,0,6,2,0,0,0,0,0,0,39,58
"76",-34.0287,114.4789,20201107,12:33:47,NA,NA,"Y",233,0,0,80,80,0,0,0,0,0,0,0,0,0,0,0,0,0,0,0,0,0,0,0,0,0,0,0,0,0,0,0,0,0,0,0,0,0,0,0,0,0,0,0,0,53,53
"78",-34.0237,114.4689,20201107,12:49:14,NA,NA,"Y",219,0,0,80,80,0,0,0,0,0,0,0,3,0,0,0,0,0,0,0,0,0,0,0,0,0,0,0,0,0,0,0,0,0,0,0,0,1,0,0,0,0,0,0,0,56,60
"63",-34.0162,114.4689,20201107,13:02:42,NA,NA,"Y",203,0,0,80,80,0,0,0,0,0,0,0,0,0,0,0,0,0,0,0,0,0,0,0,0,0,0,0,0,0,0,0,0,0,0,0,0,0,0,0,0,0,0,0,0,54,54
"77",-34.0112,114.4739,20201107,13:16:24,NA,NA,"Y",221,0,0,80,80,0,0,0,0,0,0,0,0,0,0,0,0,0,0,0,0,0,0,0,0,0,0,0,0,0,0,0,0,0,0,0,0,2,0,0,0,0,0,0,0,64,66
"347",-34.0112,114.4664,20201107,13:44:04,NA,NA,NA,146,0,0,80,80,0,0,0,0,0,0,0,3,0,0,0,0,0,0,0,0,0,0,0,0,0,0,0,0,0,0,0,0,0,0,1,0,0,0,0,0,0,0,0,0,65,69
"322",-34.0287,114.5414,20201107,13:56:13,NA,NA,NA,145,0,0,80,80,0,0,0,0,0,0,0,0,0,0,0,0,0,0,0,0,0,0,0,0,0,0,0,0,0,0,0,0,0,0,3,1,0,0,0,0,0,0,0,0,54,58
"346",-34.0327,114.5439,20201107,14:08:00,NA,NA,NA,145,0,0,80,80,0,0,0,0,0,0,0,1,0,0,0,0,0,0,0,0,0,0,0,0,0,0,0,0,0,0,0,0,0,0,0,0,1,1,0,0,0,0,0,0,57,60
"345",-34.0262,114.5464,20201107,14:17:40,NA,NA,NA,146,0,0,80,80,0,0,0,0,0,0,0,1,0,0,0,0,0,0,0,0,0,0,0,0,0,0,0,0,0,0,0,0,0,0,1,0,2,0,0,0,0,0,0,0,61,65
"49",-34.0287,114.5514,20201108,07:03:31,NA,NA,"y",130,0,0,80,80,0,0,0,0,0,0,0,3,0,0,0,0,0,0,0,0,0,0,0,0,0,0,0,0,0,0,0,0,0,0,0,0,0,0,0,0,0,0,0,0,69,72
"47",-34.0612,114.7064,20201108,07:14:14,NA,NA,"y",127,0,0,80,80,0,0,0,0,0,0,0,0,0,0,0,0,0,0,0,0,0,0,0,0,0,0,0,0,0,0,0,0,0,0,0,0,1,0,0,0,0,0,0,0,79,80
"46",-34.0637,114.7114,20201108,07:25:59,NA,NA,"y",125,0,1,79,80,0,0,0,0,1,0,0,35,0,0,0,0,0,0,0,0,0,0,0,0,0,0,0,0,0,0,0,0,0,0,3,0,0,0,0,0,0,0,0,0,22,61
"290",-34.0687,114.7114,20201108,07:38:01,NA,NA,"y",124,0,0,80,80,0,0,0,0,0,0,0,0,0,0,0,0,0,0,0,0,0,0,0,0,0,0,0,0,0,0,0,0,0,0,0,0,1,0,0,0,0,0,0,0,72,73
"302",-34.0687,114.7189,20201108,07:48:30,NA,NA,"y",122,0,0,80,80,0,0,0,0,0,0,0,0,0,0,0,0,0,0,0,0,0,0,0,0,0,0,0,0,0,0,0,0,0,0,0,0,0,0,0,0,0,2,0,0,60,62
"329",-34.0712,114.7239,20201108,07:59:37,NA,NA,"y",118,0,5,75,80,0,0,0,0,0,0,0,24,0,0,0,0,0,0,0,0,0,0,0,0,0,0,0,0,0,0,0,0,0,0,7,0,4,0,0,0,0,0,0,0,23,58
"117",-34.0648,114.7266,20201108,08:11:19,NA,NA,"y",112,0,0,80,80,0,0,0,0,0,0,0,0,0,0,0,0,0,0,0,0,0,0,0,0,0,0,0,0,0,0,0,0,0,0,0,0,0,0,0,0,0,0,0,0,76,76
"113",-34.0637,114.7389,20201108,08:21:39,NA,NA,"y",111,0,0,80,80,0,0,0,0,0,0,0,0,0,0,0,0,0,0,0,0,0,0,0,0,0,0,0,0,0,0,0,0,0,0,0,0,0,0,0,0,0,0,0,0,80,80
"115",-34.0587,114.7389,20201108,08:31:25,NA,NA,"y",111,0,0,80,80,0,0,0,0,0,0,0,2,0,0,0,0,0,0,0,0,0,0,0,0,0,0,0,0,0,0,0,0,0,0,0,0,0,0,0,0,0,0,0,0,76,78
"4",-34.0537,114.7364,20201108,08:57:56,NA,NA,"y",60,0,0,80,80,0,0,2,0,0,34,0,0,0,0,0,0,0,0,0,0,2,0,0,0,0,0,0,3,0,0,0,0,0,0,5,3,7,0,0,0,0,0,0,0,18,74
"5",-34.0912,114.7814,20201108,09:07:02,NA,NA,"y",66,0,0,80,80,0,0,0,0,0,12,0,2,0,0,0,0,0,0,0,0,0,0,0,0,0,0,0,1,0,0,0,0,0,0,2,1,3,0,0,0,0,0,25,3,23,72
"1",-34.0887,114.7764,20201108,09:18:31,NA,NA,"y",62.6,0,0,80,80,0,0,0,0,0,13,0,14,0,0,0,0,0,0,0,0,0,0,0,0,0,0,0,0,0,0,0,0,0,0,3,1,7,4,0,0,0,0,0,0,9,51
"3",-34.0762,114.7839,20201108,09:29:21,NA,NA,"y",61.4,0,0,81,81,0,0,0,0,0,26,0,5,0,0,0,0,0,0,0,1,0,0,0,0,0,0,0,1,0,0,0,0,0,0,5,0,13,2,0,0,0,0,0,0,6,59
"335",-34.0669,114.794,20201108,09:40:59,NA,NA,"y",54.9,0,0,80,80,0,0,0,2,0,23,0,0,0,0,0,0,1,0,0,2,3,1,1,0,12,0,0,3,0,0,0,0,0,1,0,0,4,3,0,0,0,0,0,0,11,67
"206",-34.0637,114.7914,20201108,09:49:23,NA,NA,"y",58.2,0,0,80,80,0,0,2,2,0,4,0,0,0,0,1,0,0,0,0,0,1,0,0,0,0,0,0,0,0,0,0,0,0,0,1,1,1,0,0,0,0,0,0,0,66,79
"204",-34.0662,114.7864,20201108,09:59:09,NA,NA,"y",60.6,0,0,80,80,0,0,0,0,0,2,0,2,0,0,0,0,0,0,0,0,0,0,0,0,0,0,0,1,0,0,0,0,0,0,3,0,2,0,0,0,0,0,0,0,43,53
"207",-34.0612,114.7864,20201108,10:08:10,NA,NA,"y",60.2,0,0,80,80,0,0,0,0,0,9,0,0,0,0,0,0,0,0,0,0,4,0,0,0,1,0,0,4,0,0,0,0,0,0,2,0,0,0,0,0,0,0,0,0,57,77
"312",-34.05868897,114.7788721,20201108,10:20:56,NA,NA,"y",65.2,0,0,80,80,0,0,0,0,0,3,0,5,0,0,0,0,0,0,0,0,0,0,0,0,0,0,0,0,0,0,0,0,0,0,1,0,0,0,0,0,0,0,0,0,70,79
"334",-34.0616,114.7754,20201108,10:29:33,NA,NA,"y",63,0,0,80,80,0,0,0,0,0,0,0,3,0,0,0,0,0,0,0,0,0,0,0,0,0,0,0,0,0,1,0,0,0,0,1,0,0,0,0,0,0,0,0,1,71,77
"310",-34.0587,114.7739,20201108,10:37:49,NA,NA,"y",64.1,0,1,79,80,0,0,0,0,1,11,0,5,0,0,0,0,0,0,0,0,4,0,0,0,0,0,0,0,0,0,0,0,0,0,4,0,5,0,0,0,0,0,0,0,38,68
"311",-34.0562,114.7689,20201108,10:47:06,NA,NA,"y",67.2,0,1,79,80,0,0,0,0,0,42,0,9,0,0,0,0,0,0,0,2,0,0,0,0,0,0,0,0,0,0,0,0,0,0,2,1,4,3,0,0,0,0,0,0,6,69
"327",-34.0295,114.7624,20201108,11:34:53,NA,NA,"y",64.9,0,0,80,80,0,0,0,0,0,21,0,3,0,0,0,0,0,0,0,0,0,0,0,0,0,0,0,0,0,0,0,0,0,0,9,0,10,2,0,0,0,0,0,0,21,66
"267",-34.0262,114.7639,20201108,11:42:58,NA,NA,"Y",62.7,0,1,79,80,0,0,0,0,0,5,0,1,0,0,0,0,0,0,0,3,2,0,0,0,0,0,0,0,0,0,0,0,0,0,0,0,3,0,0,0,0,0,0,0,59,73
"365",-34.0237,114.7539,20201108,11:54:40,NA,NA,"Y",72,0,0,80,80,0,0,0,0,0,30,0,15,0,0,0,0,0,0,0,7,0,0,0,0,0,0,0,0,0,0,0,0,0,0,7,0,8,3,0,0,0,0,0,0,2,72
"266",-34.0212,114.7589,20201108,12:03:40,NA,NA,"Y",67.3,0,0,80,80,0,0,0,0,0,5,0,5,0,0,0,0,0,0,0,0,0,0,0,0,0,0,0,0,0,0,0,0,0,0,2,0,4,0,0,0,0,0,0,0,59,75
"325",-33.9918,114.7443,20201108,12:21:33,NA,NA,"Y",82.4,0,0,80,80,0,0,0,0,0,24,0,20,0,0,0,0,0,0,0,0,0,0,0,0,0,0,0,0,0,2,0,0,0,0,4,2,6,2,0,0,0,0,0,0,4,64
"361",-33.9887,114.7414,20201108,12:30:37,NA,NA,"Y",84.3,0,0,80,80,0,0,0,0,0,10,0,12,0,0,0,0,0,0,0,0,0,0,0,0,0,0,0,0,1,2,0,0,0,0,5,0,0,0,0,0,0,0,0,0,45,75
"374",-33.9862,114.7464,20201108,12:39:45,NA,NA,"Y",74.8,0,0,80,80,0,0,0,0,0,14,0,34,0,0,0,0,0,0,0,0,0,0,0,0,0,0,0,0,0,1,0,0,0,0,6,1,10,2,0,0,0,0,0,0,4,72
"363",-33.9862,114.7514,20201108,12:48:25,NA,NA,"Y",65.6,0,0,80,80,0,0,16,3,0,14,0,24,0,0,0,0,0,0,0,6,0,0,0,0,0,0,0,1,0,0,0,0,0,0,3,1,3,5,0,0,0,0,0,0,1,77
"227",-33.9987,114.7839,20201108,13:05:40,NA,NA,"Y",54.1,0,0,80,80,0,1,5,0,0,31,0,0,0,0,0,0,0,0,0,2,5,0,0,0,22,0,0,4,0,0,0,0,0,0,0,0,1,0,0,0,0,0,0,0,8,79
"229",-33.9937,114.7864,20201108,13:14:36,NA,NA,"Y",52.5,0,0,80,80,0,0,44,0,0,7,0,0,0,0,0,0,0,0,0,2,3,1,0,0,8,0,0,0,0,0,0,0,0,0,2,1,5,1,0,0,0,0,0,0,1,75
"241",-33.9937,114.7914,20201108,13:22:31,NA,NA,"Y",51.3,0,0,80,80,0,0,4,0,0,35,0,0,0,0,0,0,0,0,0,3,14,1,0,0,5,0,0,5,0,0,0,0,0,0,6,0,2,0,0,0,0,0,0,0,2,77
"228",-34.0037,114.7939,20201108,13:32:47,NA,NA,"Y",50.6,0,0,80,80,0,0,0,0,1,42,0,0,0,0,0,0,0,0,0,0,23,0,0,0,3,0,0,0,0,0,0,2,0,0,1,3,1,0,0,0,0,0,0,0,1,77
"278REDO",-34.0087,114.8789,20201111,07:18:57,NA,NA,"Y",140,0,0,80,80,0,0,0,0,0,0,0,7,0,0,0,0,0,0,0,0,0,0,0,0,0,0,0,0,0,0,0,0,0,0,0,0,0,0,0,0,0,0,0,0,67,74
"277",-34.1062,114.6464,20201111,07:30:06,NA,NA,"Y",139,0,0,80,80,0,0,0,0,0,0,0,6,0,0,0,0,0,0,0,0,0,0,0,0,0,0,0,0,0,0,0,0,0,0,0,0,0,0,0,0,0,0,0,0,67,73
"343",-34.1026,114.6407,20201111,07:41:11,NA,NA,"Y",140,0,6,73,79,0,0,0,0,0,0,0,1,0,0,0,0,0,0,0,0,0,0,0,0,0,0,0,0,0,0,0,0,0,0,0,0,0,0,0,0,0,0,0,0,60,61
"276",-34.1012,114.6364,20201111,07:53:00,NA,NA,"Y",141,0,0,80,80,0,0,0,0,0,0,0,8,0,0,0,0,0,0,0,0,0,0,0,0,0,0,0,0,0,0,0,0,0,0,0,0,5,1,0,0,0,0,0,0,57,71
"275",-34.0987,114.6464,20201111,08:04:11,NA,NA,"Y",139,0,0,80,80,0,0,0,0,0,0,0,6,0,0,0,0,0,0,0,0,0,0,0,0,0,0,0,0,0,0,0,0,0,0,1,0,1,0,0,0,0,0,0,0,67,75
"280",-34.0887,114.6739,20201111,08:20:04,NA,NA,NA,138,0,0,80,80,0,0,0,0,0,0,0,1,0,0,0,0,0,0,0,0,0,0,0,0,0,0,0,0,0,0,0,0,0,0,1,0,0,0,0,0,0,0,0,0,65,67
"344",-34.0844,114.6744,20201111,08:29:59,NA,NA,NA,138,0,0,80,80,0,0,0,0,0,0,0,4,0,0,0,0,0,0,0,0,0,0,0,0,0,0,0,0,0,0,0,0,0,0,0,0,0,0,0,0,0,0,0,0,73,77
"299",-34.0812,114.6764,20201111,08:39:36,NA,NA,NA,138,0,0,80,80,0,0,0,0,0,0,0,1,0,0,0,0,0,0,0,0,0,0,0,0,0,0,0,0,0,0,0,0,0,0,0,0,0,0,0,0,0,0,0,0,74,75
"298",-34.0762,114.6714,20201111,08:50:46,NA,NA,NA,136,0,0,80,80,0,0,0,0,0,0,0,0,0,0,0,0,0,0,0,0,0,0,0,0,0,0,0,0,0,0,0,0,0,0,0,0,0,1,0,0,0,0,0,0,69,70
"352",-34.0362,114.5989,20201111,09:22:42,NA,NA,NA,140,0,0,80,80,0,0,0,0,0,0,0,0,0,0,0,0,0,0,0,0,0,0,0,0,0,0,0,0,0,0,0,0,0,0,1,0,0,0,0,0,0,0,0,0,78,79
"323",-34.031,114.6001,20201111,09:33:24,NA,NA,NA,142,0,0,80,80,0,0,0,0,0,0,0,6,0,0,0,0,0,0,0,0,0,0,0,0,0,0,0,0,0,0,0,0,0,0,2,0,0,3,0,0,0,0,0,0,65,76
"351",-34.0312,114.5964,20201111,09:43:30,NA,NA,NA,141,0,0,80,80,0,0,0,0,0,0,0,1,0,0,0,0,0,0,0,0,0,0,0,0,0,0,0,0,0,0,0,0,0,0,1,0,0,1,0,0,0,0,0,0,68,71
"369",-34.0287,114.5914,20201111,09:54:08,NA,NA,NA,134,0,0,80,80,0,0,0,0,0,0,0,0,0,0,0,0,0,0,0,0,0,0,0,0,0,0,0,0,0,0,0,0,0,0,3,0,0,3,0,0,0,0,0,0,71,77
"349",-34.0237,114.5964,20201111,10:05:20,NA,NA,NA,134,0,0,80,80,0,0,0,0,0,0,0,6,0,0,0,0,0,0,0,0,0,0,0,0,0,0,0,0,0,0,0,0,0,0,2,0,2,4,0,0,0,0,0,0,56,70
"350",-34.0262,114.6039,20201111,10:15:42,NA,NA,NA,142,0,0,80,80,0,0,0,0,0,0,0,5,0,0,0,0,0,0,0,0,0,0,0,0,0,0,0,0,0,0,0,0,0,0,0,0,1,3,0,0,0,0,0,0,69,78
"372",-34.0062,114.6439,20201111,10:56:54,NA,NA,"y",134,0,0,80,80,0,0,0,0,0,0,0,3,0,0,0,0,0,0,0,0,0,0,0,0,0,0,0,0,0,0,0,0,0,0,1,0,0,0,0,0,0,0,0,0,67,71
"324",-33.9984,114.6406,20201111,11:09:27,NA,NA,"y",142,0,0,80,80,0,0,0,0,0,0,0,3,0,0,0,0,0,0,0,0,0,0,0,0,0,0,0,0,0,0,0,0,0,0,2,0,0,0,0,0,0,0,0,0,75,80
"378",-33.9937,114.6389,20201111,11:19:31,NA,NA,"y",142,0,0,80,80,0,1,0,0,0,0,0,1,0,0,0,0,0,0,0,0,0,0,0,0,0,0,0,0,0,0,0,0,0,0,0,0,0,0,0,0,0,0,0,0,78,80
"370",-33.9962,114.6464,20201111,11:29:48,NA,NA,"y",141,0,0,80,80,0,0,0,0,0,0,0,1,0,0,0,0,0,0,0,0,0,0,0,0,0,0,0,0,0,0,0,0,0,0,1,0,0,0,0,0,0,0,0,0,74,76
"191",-33.9987,114.6714,20201111,11:44:55,NA,NA,"y",136,0,0,80,80,0,0,0,0,0,0,0,1,0,0,0,0,0,0,0,0,0,0,0,0,0,0,0,0,0,0,0,0,0,0,6,0,0,0,0,0,0,0,0,0,65,72
"194",-33.9962,114.6639,20201111,11:57:09,NA,NA,"y",137,0,0,80,80,0,0,0,0,0,0,0,2,0,0,0,0,0,0,0,0,0,0,0,0,0,0,0,0,0,0,0,0,0,0,0,0,1,2,0,0,0,0,0,0,75,80
"189",-33.9887,114.6639,20201111,12:08:49,NA,NA,"y",138,0,0,80,80,0,0,0,0,0,0,0,0,0,0,0,0,0,0,0,0,0,0,0,0,0,0,0,0,0,0,0,0,0,0,0,0,0,2,0,0,0,0,0,0,78,80
"192",-33.9862,114.6689,20201111,12:19:02,NA,NA,"y",138,0,0,80,80,0,0,0,0,0,0,0,5,0,0,0,0,0,0,0,0,0,0,0,0,0,0,0,0,0,0,0,0,0,0,1,0,1,0,0,0,0,0,0,0,73,80
"326",-34.0043,114.6893,20201111,12:36:42,NA,NA,"y",129,0,6,74,80,0,0,0,0,0,0,0,27,0,0,0,0,0,0,0,0,0,0,0,0,0,0,0,0,0,0,0,0,0,0,10,0,9,8,0,0,0,0,0,0,7,61
"364",-34.0087,114.6889,20201111,12:46:27,NA,NA,"y",131,0,0,80,80,0,0,0,0,0,0,0,2,0,0,0,0,0,0,0,0,0,0,0,0,0,0,0,0,0,0,0,0,0,0,0,0,0,0,0,0,0,0,0,0,78,80
"252",-34.0087,114.6939,20201111,12:55:36,NA,NA,"y",129,0,0,80,80,0,0,0,0,0,0,0,2,0,0,0,0,0,0,0,0,0,0,0,0,0,0,0,0,0,0,0,0,0,0,1,0,0,0,0,0,0,0,0,0,77,80
"250",-34.0137,114.6939,20201111,13:06:10,NA,NA,"y",130,0,0,80,80,0,0,0,0,0,0,0,0,0,0,0,0,0,0,0,0,0,0,0,0,0,0,0,0,0,0,0,0,0,0,0,0,0,0,0,0,0,0,0,0,80,80
"254",-34.0187,114.6964,20201111,13:16:56,NA,NA,"y",128,0,0,80,80,0,0,0,0,0,0,0,2,0,0,0,0,0,0,0,0,0,0,0,0,0,0,0,0,0,0,0,0,0,0,0,0,0,0,0,0,0,0,0,0,77,79
"253",-34.0137,114.7039,20201111,13:27:37,NA,NA,"y",125,0,0,80,80,0,0,0,0,0,0,0,0,0,0,0,0,0,0,0,0,0,0,0,0,0,0,0,0,0,0,0,0,0,0,0,0,0,0,0,0,0,0,0,0,79,79
"251",-34.0112,114.6989,20201111,13:37:17,NA,NA,"y",128,0,0,80,80,0,0,0,0,0,0,0,4,0,0,0,0,0,0,0,0,0,0,0,0,0,0,0,0,0,0,0,0,0,0,1,0,1,0,0,0,0,0,0,0,73,79
"71",-34.0037,114.6989,20201111,13:47:50,NA,NA,"y",125,0,0,80,80,0,0,0,0,0,0,0,1,0,0,0,0,0,0,0,0,0,0,0,0,0,0,0,0,0,0,0,0,0,0,0,0,1,0,0,0,0,0,0,0,78,80
"180",-33.9962,114.7039,20201111,13:58:35,NA,NA,"y",123,0,0,80,80,0,0,0,0,0,0,0,0,0,0,0,0,0,0,0,0,0,0,0,0,0,0,0,0,0,0,0,0,0,0,0,0,0,0,0,0,0,0,0,0,76,76
"CP11-1",-33.9928,114.6966,20201111,14:08:52,NA,NA,"y",125,0,5,75,80,0,0,0,0,0,0,0,9,0,0,0,0,0,0,0,0,0,0,0,0,0,0,0,0,0,0,0,0,0,0,1,0,3,0,0,0,0,0,0,0,55,68
"181",-33.9887,114.6989,20201111,14:18:40,NA,NA,"y",125,0,0,80,80,0,0,0,0,0,0,0,0,0,0,0,0,0,0,0,0,0,0,0,0,0,0,0,0,0,0,0,0,0,0,0,0,1,0,0,0,0,0,0,0,79,80
"CP11-2",-33.9743,114.6928,20201111,14:32:11,NA,NA,"y",124,0,17,63,80,0,0,0,0,0,0,0,19,0,0,0,0,0,0,0,0,0,0,0,0,0,0,0,0,0,1,0,0,0,0,7,0,2,4,0,0,0,0,0,0,1,34
"J11",-34.1178,114.9231,20201119,06:58:19,NA,NA,"y",39.7,0,0,200,200,0,0,0,0,0,8,0,0,0,0,3,0,0,0,0,0,2,0,0,0,42,0,0,0,0,0,0,65,0,0,0,0,5,14,0,0,0,0,0,0,0,139
"J12",-34.1323,114.9285,20201119,07:05:56,NA,NA,"y",44.7,0,0,200,200,0,0,0,0,0,11,0,0,0,0,0,0,0,0,0,4,103,7,0,0,8,0,0,0,0,0,0,0,0,0,1,0,14,37,0,0,0,0,0,0,3,188
"J9",-34.1195,114.9161,20201119,07:13:23,NA,NA,"y",44.1,0,0,200,200,0,0,0,0,0,5,0,0,0,0,0,0,0,0,0,3,105,0,0,1,5,0,0,0,0,0,0,10,0,0,0,0,12,6,0,0,0,0,0,0,37,184
"J10",-34.1173,114.9187,20201119,07:20:50,NA,NA,"y",38.7,0,0,199,199,0,0,0,0,0,7,0,0,0,0,0,0,0,0,0,4,39,1,0,0,104,0,0,0,0,0,0,29,0,0,0,0,2,4,0,0,0,0,0,0,2,192
"J1",-34.1286,114.9309,20201119,07:29:32,NA,NA,"y",44.3,0,0,200,200,0,29,0,0,0,3,0,0,0,0,0,0,0,0,0,0,4,0,0,0,0,0,0,1,0,0,0,0,0,0,0,0,0,0,0,0,0,0,0,0,162,199
"J2",-34.1253,114.9288,20201119,07:37:40,NA,NA,"y",44.4,0,1,198,199,0,0,0,0,0,7,0,0,0,0,4,2,0,0,0,4,33,8,0,0,3,0,0,2,0,0,0,54,0,0,0,0,5,9,0,0,0,0,0,0,16,147
"J3",-34.1269,114.9259,20201119,07:44:54,NA,NA,"y",44.4,0,0,199,199,3,0,0,0,0,8,0,0,0,0,2,6,0,0,0,8,41,0,0,0,5,0,0,5,0,0,0,36,0,0,0,8,11,29,0,0,0,0,0,0,1,163
"J4",-34.1226,114.9203,20201119,07:52:40,NA,NA,"y",42.9,0,0,199,199,0,0,0,0,2,9,0,0,0,0,0,0,0,0,0,6,99,0,0,0,8,0,1,0,0,0,0,0,0,0,0,0,3,7,0,0,0,0,0,0,7,142
"J8",-34.1294,114.9118,20201119,08:03:44,NA,NA,"y",43.4,0,0,200,200,0,0,0,0,0,1,0,0,0,0,0,0,0,0,0,0,189,0,0,0,8,0,0,0,0,0,0,0,0,0,0,0,0,1,0,0,0,0,0,0,0,199
"J6",-34.1328,114.9124,20201119,08:11:29,NA,NA,"y",37.1,0,1,199,200,0,0,0,0,0,0,0,0,0,7,0,0,0,0,0,0,1,0,0,0,107,0,0,12,0,0,0,0,0,0,0,0,0,11,0,0,0,0,0,0,0,138
"J5",-34.1315,114.9158,20201119,08:19:57,NA,NA,"y",42.7,0,0,200,200,0,0,0,0,0,4,0,0,0,0,1,0,0,0,0,18,128,0,0,0,2,0,0,1,0,0,0,3,0,0,0,0,0,1,0,0,0,0,0,0,7,165
"J7",-34.1348,114.9102,20201119,08:27:10,NA,NA,"y",43.3,0,0,200,200,0,0,0,0,2,42,0,0,0,0,1,0,0,0,0,10,25,0,0,0,8,0,3,1,0,0,0,28,10,0,0,0,4,4,0,0,0,0,0,0,21,159
"J17",-34.1321,114.9208,20201119,08:41:02,NA,NA,"y",40.6,0,0,200,200,0,0,0,0,1,9,0,0,2,0,0,0,0,0,0,1,102,0,0,0,14,0,2,0,0,0,0,47,0,0,0,1,0,0,0,0,0,0,0,0,5,184
"J14",-34.1284,114.9255,20201119,08:48:29,NA,NA,"y",41.7,0,0,200,200,0,0,0,0,1,7,0,0,0,0,0,0,0,3,0,1,119,7,0,0,4,0,1,2,0,0,0,1,0,0,0,0,6,0,0,0,0,0,0,0,12,164
"J16",-34.1262,114.9065,20201119,08:56:44,NA,NA,"y",41.2,0,0,200,200,0,0,0,0,1,13,0,0,0,0,3,0,0,0,0,6,105,0,0,0,11,0,0,0,0,0,0,3,0,0,0,0,1,0,0,0,0,0,0,0,22,165
"J15",-34.125,114.9103,20201119,09:03:36,NA,NA,"y",40.8,2,0,198,200,0,0,0,0,1,16,0,12,0,0,0,0,0,0,0,0,118,0,0,0,3,0,2,0,0,0,0,3,0,0,0,0,6,23,0,0,0,0,0,0,3,187
"J13",-34.1285,114.9305,20201119,09:11:19,NA,NA,"y",42.3,0,0,200,200,0,0,0,0,0,4,0,0,0,0,3,0,0,0,0,1,67,0,0,0,15,0,0,0,0,0,0,21,0,0,0,0,2,8,0,0,0,0,0,35,37,193
"J18",-34.1287,114.9241,20201119,09:18:36,NA,NA,"y",41.4,0,0,200,200,0,0,0,0,2,6,0,0,0,0,7,0,0,0,0,3,104,0,0,0,5,0,0,2,0,0,0,5,0,0,0,0,1,2,0,0,0,0,0,0,3,140
"J24",-34.1187,114.8264,20201119,09:28:14,NA,NA,"y",42.4,0,0,200,200,0,0,0,6,3,0,2,0,0,0,4,0,10,0,0,11,54,0,0,0,2,0,0,0,0,0,0,4,0,0,0,0,0,0,0,0,0,0,3,0,49,148
"J26",-34.1209,114.8289,20201119,09:35:38,NA,NA,"y",42.6,0,0,200,200,0,0,0,0,0,10,6,0,0,0,0,0,0,0,0,12,99,0,0,0,0,0,0,0,0,0,0,8,0,0,0,0,5,4,0,0,0,0,0,0,7,151
"J25",-34.1168,114.8284,20201119,09:43:40,NA,NA,"y",43,0,0,200,200,0,0,0,0,0,11,3,0,0,0,3,0,0,0,0,0,97,0,0,0,3,0,0,0,0,0,0,33,0,0,0,0,2,1,0,0,0,0,0,0,10,163
"J32",-34.1301,114.8611,20201119,09:54:43,NA,NA,"y",42.9,0,1,198,199,0,0,0,0,2,9,0,0,0,0,3,0,0,0,0,0,61,0,0,0,49,0,0,3,0,0,0,22,0,0,0,0,2,1,0,0,0,0,0,0,18,170
"J30",-34.1121,114.8595,20201119,10:01:46,NA,NA,"y",42.5,0,0,200,200,0,0,0,0,0,16,1,0,0,0,9,0,0,0,0,1,67,1,0,0,33,0,0,1,0,0,0,43,0,0,0,0,0,4,3,0,0,0,0,0,0,179
"J28",-34.1129,114.8521,20201119,10:09:12,NA,NA,"y",42.9,0,0,200,200,0,0,0,0,0,20,0,0,0,0,0,0,0,0,0,4,86,3,0,0,16,0,0,0,0,0,0,19,0,0,0,0,10,8,0,0,0,0,0,0,6,172
"J29",-34.1111,114.8556,20201119,10:16:30,NA,NA,"y",43.8,0,0,198,198,0,0,0,0,0,7,4,0,0,0,4,5,0,0,0,0,57,7,0,8,16,0,0,3,0,0,0,30,0,0,0,0,3,2,0,0,0,0,0,0,37,183
"J31",-34.116,114.8607,20201119,10:24:15,NA,NA,"y",43.4,0,0,200,200,0,0,0,0,2,18,0,0,0,0,1,0,1,0,0,24,49,2,0,0,11,0,0,4,0,0,0,37,0,0,1,0,5,5,0,0,0,0,0,0,4,164
"J27",-34.1218,114.8329,20201119,10:31:14,NA,NA,"y",43.5,0,0,200,200,0,0,0,0,0,4,0,0,0,0,1,4,0,0,0,1,140,0,0,0,3,0,0,0,0,0,0,6,0,0,0,0,0,2,0,0,0,0,0,0,1,162
"J19",-34.1225,114.9278,20201119,11:11:13,NA,NA,NA,45.9,0,0,200,200,0,0,0,0,4,19,0,0,0,0,1,0,0,0,0,1,113,0,0,0,3,0,0,1,0,0,0,5,0,0,1,0,4,4,0,0,0,0,0,0,3,159
"J21",-34.1282,114.8174,20201119,11:18:42,NA,NA,NA,48.2,0,0,200,200,0,0,0,0,1,31,0,0,0,0,7,0,0,0,0,1,92,0,0,0,9,1,0,0,0,0,0,7,0,0,0,0,1,2,0,0,0,0,0,0,26,178
"J22",-34.1263,114.8196,20201119,11:26:32,NA,NA,NA,49.6,0,0,201,201,0,0,0,0,7,36,0,0,0,0,0,0,0,0,0,0,72,0,0,0,2,0,3,5,0,0,0,1,0,0,1,0,6,0,0,0,0,0,0,0,5,138
"J34",-34.1313,114.8661,20201119,11:34:05,NA,NA,NA,49.6,0,1,199,200,0,0,0,0,3,30,0,0,0,0,1,0,0,0,0,0,94,0,0,0,35,0,1,0,0,0,0,5,0,0,0,0,2,4,0,0,0,0,0,0,8,183
"J36",-34.1305,114.8783,20201119,11:41:09,NA,NA,NA,49.3,0,3,197,200,0,0,0,0,3,40,0,0,0,0,1,0,0,0,0,4,88,0,0,0,5,0,0,0,0,0,0,4,0,0,2,0,0,2,0,0,0,0,0,0,5,154
"J35",-34.1348,114.8693,20201119,11:49:38,NA,NA,NA,52,0,1,199,200,0,0,2,0,1,64,0,0,0,0,0,0,0,0,0,8,47,0,0,0,9,0,0,1,0,0,0,3,0,0,2,0,0,2,0,0,1,0,0,4,30,174
"J33",-34.1331,114.8627,20201119,11:57:39,NA,NA,NA,51.3,0,0,200,200,0,0,0,0,10,24,0,0,0,0,0,0,0,0,0,0,85,0,1,0,7,0,0,7,0,0,0,5,0,0,0,0,3,5,0,0,0,0,0,0,9,156
"J38",-34.1279,114.8839,20201119,12:04:47,NA,NA,NA,51,0,0,200,200,0,0,0,0,0,0,0,0,0,0,0,0,0,0,0,0,4,0,0,36,4,0,2,14,0,0,0,0,0,0,0,0,0,3,0,0,0,0,0,4,99,166
"J37",-34.1264,114.8789,20201119,12:12:46,NA,NA,NA,49.3,0,0,200,200,0,6,3,0,2,23,0,0,0,0,2,10,0,0,0,4,36,0,0,7,6,0,1,0,0,0,0,1,0,0,0,0,2,3,0,0,0,0,0,13,62,181
"J20",-34.1302,114.8202,20201119,12:23:27,NA,NA,NA,48,0,0,200,200,0,0,0,0,4,66,0,0,0,0,0,0,0,0,0,15,43,0,0,0,7,0,0,0,0,0,0,8,0,0,1,0,3,8,0,0,0,0,0,0,8,163
"122",-34.1162,114.8264,20201119,12:31:15,NA,NA,NA,49.4,0,0,80,80,0,0,0,0,1,19,0,0,0,0,4,0,0,0,0,0,23,0,0,0,3,0,0,0,0,0,0,12,0,0,0,0,5,4,0,0,0,0,0,0,3,74
"125",-34.1087,114.8264,20201119,12:40:33,NA,NA,NA,48.3,0,0,80,80,0,0,0,0,8,5,0,0,0,0,5,0,0,0,0,0,20,0,0,0,5,0,0,0,0,0,0,0,0,0,1,0,2,3,0,0,0,0,0,0,11,60
"123",-34.1062,114.8189,20201119,12:49:26,NA,NA,NA,49.1,0,1,79,80,0,0,0,0,1,6,6,0,0,0,10,0,0,0,0,0,12,0,0,0,3,0,0,0,0,0,1,0,0,0,0,0,2,0,0,0,0,0,0,0,25,66
"126",-34.1137,114.8189,20201119,12:58:23,NA,NA,NA,48.8,0,0,80,80,0,1,3,0,1,6,5,0,0,0,3,0,0,0,0,0,11,0,0,0,3,0,0,1,0,0,0,7,0,0,0,0,0,3,5,0,0,0,0,0,16,65
"293",-34.0887,114.7589,20201119,13:22:25,NA,NA,NA,95.2,0,0,80,80,0,0,0,0,0,3,0,31,0,0,0,0,0,0,0,0,0,0,0,0,0,0,0,0,0,3,0,0,0,0,4,1,1,4,0,0,0,0,0,0,17,64
"330",-34.0883,114.7545,20201119,13:31:34,NA,NA,NA,116,0,0,80,80,0,0,0,0,0,0,0,11,0,0,0,0,0,0,0,0,0,0,0,0,0,0,0,0,0,0,0,0,0,0,2,0,1,2,0,0,0,0,0,0,57,73
"C04",-34.0876,114.7493,20201119,13:41:55,NA,NA,NA,110,0,0,80,80,0,0,0,0,0,0,0,0,0,0,0,0,0,0,0,0,0,0,0,0,0,0,0,0,0,0,0,0,0,0,0,0,0,0,0,0,0,0,0,0,70,70
"291",-34.0837,114.7489,20201119,13:51:37,NA,NA,NA,108,0,0,80,80,0,0,0,0,0,0,0,0,0,0,0,0,0,0,0,0,0,0,0,0,0,0,0,0,0,0,0,0,0,0,0,0,1,0,0,0,0,0,0,0,66,67
"294",-34.0837,114.7539,20201119,14:00:52,NA,NA,NA,102,0,0,80,80,0,0,0,0,0,0,0,0,0,0,0,0,0,0,0,0,0,0,0,0,0,0,0,0,0,0,0,0,0,0,0,0,1,0,0,0,0,0,0,0,66,67
