"sample","latitude","longitude","date","time","site","location","successful.count","habitat.backwards.image.saved","fov.facing.up","fov.limited","fov.open","fov.total.points.annotated","broad.ascidians","broad.bryozoa","broad.consolidated","broad.hydroids","broad.macroalgae","broad.octocoral.black","broad.seagrasses","broad.sponges","broad.stony.corals","broad.true.anemones","broad.unconsolidated","broad.total.points.annotated"
"FH10",-33.98618897,114.8863721,20201013,12:32:00,"C.FH.24","South-west","Yes","Yes",0,2,38,40,0,0,12,0,13,0,5,1,0,0,1,32
"FH102",-33.68868897,114.9288721,20201017,06:42:00,"C.FH.3","South-west","Yes","Yes",0,2,38,40,0,0,0,0,0,0,0,0,0,0,35,35
"FH106",-33.78868897,114.8163721,20201012,13:16:00,"C.FH.12","South-west","Yes","Yes",0,3,37,40,0,0,6,0,19,0,0,0,0,0,6,31
"FH108",-33.76118897,114.9238721,20201017,09:32:00,"C.FH.9","South-west","Yes","Yes",0,3,37,40,1,0,2,0,15,0,0,0,0,0,14,32
"FH109",-33.91618897,114.9088721,20201029,13:04:00,"C.FH.20","South-west","Yes","Yes",0,3,33,36,0,0,4,0,10,0,7,11,0,0,4,36
"FH11",-33.89868897,114.9388721,20201029,14:48:00,"C.FH.18","South-west","Yes","Yes",0,3,37,40,0,1,2,0,1,0,0,6,0,0,18,28
"FH110",-33.80868897,114.8213721,20201012,15:06:00,"C.FH.13","South-west","Yes","Yes",0,2,38,40,0,0,5,0,2,0,0,7,0,0,12,26
"FH111",-33.98618897,114.8788721,20201013,12:28:00,"C.FH.24","South-west","Yes","Yes",0,1,39,40,0,0,2,0,11,0,3,0,0,0,21,37
"FH113",-33.72368897,114.7963721,20201012,12:41:00,"C.FH.7","South-west","Yes","Yes",0,0,20,20,0,0,3,0,6,0,7,1,0,0,1,18
"FH12",-33.91868897,114.8963721,20201029,12:46:00,"C.FH.21","South-west","Yes","Yes",0,3,37,40,0,0,2,0,18,0,4,2,0,0,4,30
"FH14",-33.76618897,114.8713721,20201017,11:24:00,"C.FH.10","South-west","Yes","Yes",0,0,20,20,0,0,1,0,6,0,0,1,0,0,9,17
"FH15",-33.68868897,114.8063721,20201012,10:29:00,"C.FH.4","South-west","Yes","Yes",0,2,38,40,0,0,0,0,0,0,0,0,0,0,38,38
"FH16",-33.90118897,114.8563721,20201013,08:02:00,"C.FH.19","South-west","Yes","Yes",0,4,36,40,0,0,5,0,12,0,10,0,0,0,7,34
"FH17",-33.83368897,114.8763721,20201012,15:35:00,"C.FH.14","South-west","Yes","Yes",0,2,38,40,0,0,1,0,17,0,0,4,0,0,13,35
"FH18",-33.79118897,114.8213721,20201012,13:19:00,"C.FH.12","South-west","Yes","Yes",0,2,38,40,0,0,3,0,9,0,0,0,0,0,10,22
"FH2",-33.91868897,114.8913721,20201029,12:43:00,"C.FH.21","South-west","Yes","Yes",0,0,20,20,0,0,0,0,0,0,3,0,0,0,0,3
"FH20",-33.78618897,114.8738721,20201017,11:40:00,"C.FH.11","South-west","Yes","Yes",0,0,40,40,0,0,8,0,10,0,0,0,0,0,12,30
"FH21",-33.79368897,114.8088721,20201012,13:26:00,"C.FH.12","South-west","Yes","Yes",0,1,39,40,0,0,10,0,16,0,5,4,0,0,2,37
"FH23",-33.94618897,114.8288721,20201013,09:51:00,"C.FH.22","South-west","Yes","Yes",0,7,33,40,0,0,8,0,2,0,11,0,0,0,9,30
"FH24",-33.66868897,114.8438721,20201012,07:55:00,"C.FH.1","South-west","Yes","Yes",0,1,39,40,0,0,1,0,11,0,0,1,0,0,22,35
"FH25",-33.87868897,114.8163721,20201013,07:34:00,"C.FH.16","South-west","Yes","Yes",0,1,37,38,0,3,4,0,8,0,5,5,0,0,7,32
"FH26",-33.81118897,114.8288721,20201012,15:10:00,"C.FH.13","South-west","Yes","No",0,6,14,20,0,0,2,0,10,0,0,2,0,0,0,14
"FH27",-33.83618897,114.8713721,20201012,15:39:00,"C.FH.14","South-west","Yes","Yes",0,4,36,40,0,0,9,0,6,0,1,4,0,0,3,23
"FH28",-33.76368897,114.9338721,20201017,09:24:00,"C.FH.9","South-west","Yes","Yes",0,3,37,40,0,1,0,0,1,0,0,0,0,0,30,32
"FH30",-33.75118897,114.8888721,20201017,11:12:00,"C.FH.8","South-west","Yes","Yes",0,3,37,40,0,0,0,0,29,0,0,0,0,0,2,31
"FH31",-33.67368897,114.8238721,20201012,08:27:00,"C.FH.2","South-west","Yes","Yes",0,0,40,40,0,0,3,0,28,0,0,0,0,0,6,37
"FH32",-33.69618897,114.9463721,20201017,08:50:00,"C.FH.5","South-west","Yes","Yes",0,0,20,20,0,0,0,0,0,0,0,4,0,0,16,20
"FH33",-33.70868897,114.8263721,20201012,10:54:00,"C.FH.6","South-west","Yes","Yes",0,1,19,20,0,0,2,0,7,0,0,1,0,0,9,19
"FH34",-33.78618897,114.8838721,20201017,11:51:00,"C.FH.11","South-west","Yes","Yes",0,2,37,39,1,0,11,1,7,0,2,4,0,0,5,31
"FH35",-33.88368897,114.9313721,20201029,15:09:00,"C.FH.17","South-west","Yes","Yes",0,1,39,40,0,0,2,0,0,0,0,0,0,0,18,20
"FH36",-33.69868897,114.9338721,20201017,08:59:00,"C.FH.5","South-west","No","Yes",0,0,20,20,NA,NA,NA,NA,NA,NA,NA,NA,NA,NA,NA,NA
"FH37",-33.71118897,114.8138721,20201012,11:03:00,"C.FH.6","South-west","Yes","Yes",0,5,35,40,0,0,13,0,7,0,1,0,0,0,5,26
"FH39",-33.90368897,114.9313721,20201029,14:44:00,"C.FH.18","South-west","Yes","Yes",0,0,40,40,0,1,1,0,16,0,0,6,0,1,6,31
"FH40",-33.92368897,114.8888721,20201029,12:40:00,"C.FH.21","South-west","Yes","Yes",0,0,20,20,0,0,1,0,7,0,0,2,0,0,10,20
"FH41",-33.67118897,114.8388721,20201012,08:01:00,"C.FH.1","South-west","Yes","Yes",0,2,34,36,0,4,4,0,10,0,15,3,0,0,0,36
"FH42",-33.88118897,114.8113721,20201013,07:38:00,"C.FH.16","South-west","Yes","Yes",0,1,39,40,0,0,2,0,25,0,6,1,0,0,2,36
"FH44",-33.77118897,114.8638721,20201017,11:28:00,"C.FH.10","South-west","Yes","Yes",0,2,36,38,0,0,3,0,6,0,10,2,0,0,10,31
"FH45",-33.69368897,114.7988721,20201012,10:39:00,"C.FH.4","South-west","Yes","Yes",0,1,39,40,0,0,1,0,16,0,4,0,0,0,5,26
"FH46",-33.76618897,114.9288721,20201017,09:28:00,"C.FH.9","South-west","Yes","Yes",0,3,37,40,0,0,0,0,5,0,0,1,0,0,24,30
"FH47",-33.90618897,114.8488721,20201013,08:09:00,"C.FH.19","South-west","Yes","Yes",0,3,34,37,0,0,9,0,17,0,5,0,0,0,1,32
"FH48",-33.79618897,114.8138721,20201012,13:23:00,"C.FH.12","South-west","Yes","No",0,3,17,20,0,1,0,0,2,0,3,11,0,0,0,17
"FH49",-33.92118897,114.9163721,20201029,13:00:00,"C.FH.20","South-west","Yes","Yes",0,1,38,39,0,2,4,0,14,0,0,9,0,0,3,32
"FH5",-33.69368897,114.9413721,20201017,08:46:00,"C.FH.5","South-west","Yes","Yes",0,5,35,40,0,0,8,0,2,0,10,2,0,0,2,24
"FH50",-33.68118897,114.9313721,20201017,06:51:00,"C.FH.3","South-west","Yes","Yes",0,1,39,40,0,0,0,0,0,0,0,0,0,0,26,26
"FH51",-33.90618897,114.8538721,20201013,08:06:00,"C.FH.19","South-west","Yes","Yes",0,2,38,40,0,0,3,0,9,1,20,1,0,0,4,38
"FH52",-33.99118897,114.8888721,20201013,12:36:00,"C.FH.24","South-west","Yes","Yes",0,4,28,32,0,1,16,0,1,0,8,1,0,0,8,35
"FH54",-33.76618897,114.9388721,20201017,09:20:00,"C.FH.9","South-west","Yes","Yes",0,0,20,20,0,0,0,0,13,0,0,0,0,0,6,19
"FH55",-33.92368897,114.9088721,20201029,12:52:00,"C.FH.20","South-west","Yes","Yes",0,1,39,40,0,0,0,0,1,0,0,1,0,0,32,34
"FH56",-33.83118897,114.8663721,20201012,15:31:00,"C.FH.14","South-west","Yes","Yes",0,1,33,34,0,0,6,0,9,0,7,3,0,0,4,29
"FH57",-33.78868897,114.8113721,20201012,13:12:00,"C.FH.12","South-west","Yes","Yes",0,3,34,37,0,2,6,0,5,0,1,8,0,0,13,35
"FH58",-33.66368897,114.8413721,20201012,07:47:00,"C.FH.1","South-west","Yes","Yes",0,2,37,39,0,0,4,0,11,0,3,0,0,0,14,32
"FH59",-33.66868897,114.8188721,20201012,08:32:00,"C.FH.2","South-west","Yes","No",0,4,16,20,0,0,2,0,8,0,0,0,0,0,6,16
"FH6",-33.70618897,114.8213721,20201012,10:50:00,"C.FH.6","South-west","Yes","No",0,2,18,20,0,0,0,0,7,0,3,0,0,0,1,11
"FH60",-33.81618897,114.8213721,20201012,15:14:00,"C.FH.13","South-west","Yes","Yes",0,2,36,38,0,0,8,0,7,0,1,7,0,0,6,29
"FH61",-33.84118897,114.8638721,20201012,15:43:00,"C.FH.14","South-west","Yes","Yes",0,3,37,40,0,0,0,0,11,0,13,5,1,0,0,30
"FH62",-33.75618897,114.8813721,20201017,11:17:00,"C.FH.8","South-west","Yes","Yes",0,0,20,20,0,1,4,0,6,0,1,2,0,0,2,16
"FH63",-33.67868897,114.8163721,20201012,08:20:00,"C.FH.2","South-west","Yes","Yes",0,5,35,40,0,0,1,0,24,0,0,0,0,0,9,34
"FH64",-33.70118897,114.9388721,20201017,08:56:00,"C.FH.5","South-west","Yes","Yes",0,2,38,40,0,0,0,0,0,0,0,0,0,0,35,35
"FH65",-33.71368897,114.8188721,20201012,10:59:00,"C.FH.6","South-west","Yes","No",0,1,19,20,0,0,3,0,11,0,0,1,0,0,4,19
"FH66",-33.90618897,114.9363721,20201029,14:40:00,"C.FH.18","South-west","Yes","Yes",0,4,36,40,0,0,0,0,8,0,16,3,0,0,0,27
"FH67",-33.88868897,114.9238721,20201029,15:00:00,"C.FH.17","South-west","Yes","Yes",0,3,37,40,0,3,0,0,0,0,0,0,0,0,24,27
"FH68",-33.95118897,114.8288721,20201013,10:01:00,"C.FH.22","South-west","Yes","Yes",0,3,35,38,0,0,9,0,16,0,4,0,0,0,2,31
"FH69",-33.69618897,114.8038721,20201012,10:43:00,"C.FH.4","South-west","Yes","Yes",0,3,37,40,0,0,7,0,6,0,5,6,0,0,0,24
"FH7",-33.78368897,114.8788721,20201017,11:45:00,"C.FH.11","South-west","Yes","Yes",0,3,37,40,0,2,5,1,13,0,4,4,0,0,0,29
"FH70",-33.67368897,114.8463721,20201012,08:07:00,"C.FH.1","South-west","Yes","Yes",0,3,37,40,0,0,2,0,5,0,0,7,0,0,12,26
"FH71",-33.88368897,114.8188721,20201013,07:30:00,"C.FH.16","South-west","Yes","Yes",0,0,40,40,0,1,0,0,22,0,9,4,0,0,2,38
"FH72",-33.88868897,114.9288721,20201029,15:06:00,"C.FH.17","South-west","Yes","Yes",0,2,38,40,0,0,0,0,3,0,0,25,0,0,0,28
"FH74",-33.73118897,114.8063721,20201012,12:47:00,"C.FH.7","South-west","Yes","Yes",0,3,37,40,0,4,3,0,4,0,14,0,1,0,7,33
"FH77",-33.99618897,114.8763721,20201013,12:42:00,"C.FH.24","South-west","Yes","Yes",0,0,20,20,0,0,0,0,16,0,0,0,0,0,1,17
"FH78",-33.89118897,114.9163721,20201029,14:56:00,"C.FH.17","South-west","Yes","Yes",0,5,35,40,0,0,3,0,0,0,0,0,0,0,23,26
"FH79",-33.88618897,114.8088721,20201013,07:43:00,"C.FH.16","South-west","Yes","Yes",0,2,38,40,0,0,3,0,14,0,12,5,0,0,0,34
"FH8",-33.72368897,114.8013721,20201012,12:34:00,"C.FH.7","South-west","Yes","Yes",0,3,37,40,0,0,2,0,15,0,10,3,0,0,1,31
"FH82",-33.68618897,114.9238721,20201017,06:46:00,"C.FH.3","South-west","Yes","Yes",0,4,35,39,0,7,1,0,5,0,0,3,0,0,16,32
"FH83",-33.91118897,114.8463721,20201013,08:13:00,"C.FH.19","South-west","Yes","Yes",0,3,37,40,0,2,2,0,15,0,0,1,0,0,14,34
"FH84",-33.73368897,114.7988721,20201012,12:50:00,"C.FH.7","South-west","Yes","Yes",0,3,37,40,0,0,8,0,8,0,4,1,0,0,7,28
"FH85",-33.92618897,114.9138721,20201029,12:55:00,"C.FH.20","South-west","Yes","Yes",0,2,38,40,0,0,0,0,8,0,0,4,0,0,9,21
"FH87",-33.92868897,114.8938721,20201029,12:36:00,"C.FH.21","South-west","Yes","Yes",0,3,31,34,0,0,8,0,3,0,7,0,0,0,7,25
"FH89",-33.68618897,114.8013721,20201012,10:34:00,"C.FH.4","South-west","Yes","No",0,2,18,20,0,0,0,0,10,0,0,0,0,0,0,10
"FH9",-33.90118897,114.8513721,20201013,07:58:00,"C.FH.19","South-west","Yes","Yes",0,3,37,40,0,0,4,0,11,0,0,3,0,0,6,24
"FH92",-33.84368897,114.8713721,20201012,15:47:00,"C.FH.14","South-west","Yes","Yes",0,0,40,40,0,2,2,0,16,0,8,0,0,0,5,33
"FH93",-33.77618897,114.8688721,20201017,11:33:00,"C.FH.10","South-west","Yes","Yes",0,2,38,40,0,0,2,0,0,0,26,9,0,0,0,37
"FH94",-33.90868897,114.9413721,20201029,14:36:00,"C.FH.18","South-west","Yes","Yes",0,0,40,40,0,3,0,0,5,0,1,9,0,0,16,34
"FH95",-33.75868897,114.8913721,20201017,11:07:00,"C.FH.8","South-west","Yes","Yes",0,2,38,40,0,0,1,0,16,0,0,5,0,0,7,29
"FH96",-33.81868897,114.8338721,20201012,15:20:00,"C.FH.13","South-west","Yes","Yes",0,2,38,40,0,0,6,0,6,0,7,4,0,0,7,30
"FH99",-33.95368897,114.8363721,20201013,10:04:00,"C.FH.22","South-west","Yes","Yes",0,3,37,40,0,0,1,0,24,0,0,3,0,0,5,33
"FHA",-33.683135,114.937827,20201017,06:55:00,"C.FH.3","South-west","Yes","Yes",0,2,38,40,0,2,3,0,3,0,0,0,0,0,26,34
"FHB",-33.681655,114.957127,20201017,07:02:00,"C.FH.A","South-west","Yes","Yes",0,1,39,40,0,2,3,0,16,0,0,4,0,0,12,37
"FHC",-33.680718,114.965092,20201017,07:07:00,"C.FH.A","South-west","Yes","Yes",0,0,40,40,0,0,0,0,38,0,0,0,0,0,0,38
"FHC01",-33.669869,114.809825,20201012,08:38:00,"C.FH.2","South-west","Yes","Yes",0,0,40,40,0,0,3,0,21,0,0,3,0,0,3,30
"FHC02",-33.72358,114.813293,20201012,11:13:00,"C.FH.6","South-west","Yes","Yes",0,0,40,40,0,0,13,0,5,0,6,0,0,0,0,24
"FHC03",-33.948622,114.819555,20201013,09:56:00,"C.FH.22","South-west","Yes","Yes",0,4,36,40,0,0,0,0,3,0,15,4,0,0,0,22
"FHD",-33.686897,114.958507,20201017,07:12:00,"C.FH.A","South-west","Yes","Yes",0,0,40,40,0,0,0,0,1,0,0,0,0,0,32,33
"FHE",-33.687267,114.951172,20201017,07:16:00,"C.FH.A","South-west","Yes","Yes",0,3,37,40,0,0,0,0,0,0,0,0,0,0,33,33
"IO1",-34.07868897,114.7788721,20201015,12:07:00,"C.IO.43","South-west","Yes","Yes",0,1,39,40,0,0,4,0,3,0,0,1,0,0,27,35
"IO100",-34.07618897,114.9088721,20201029,10:21:00,"C.IO.39","South-west","Yes","Yes",0,2,36,38,0,2,4,0,18,0,0,3,0,0,7,34
"IO101",-34.07868897,114.8963721,20201029,10:10:00,"C.IO.39","South-west","Yes","Yes",0,5,34,39,0,0,2,0,19,0,0,2,0,0,3,26
"IO102",-34.07118897,114.9113721,20201029,10:26:00,"C.IO.2","South-west","Yes","Yes",0,1,38,39,0,1,4,0,10,0,16,4,2,0,0,37
"IO105",-34.06368897,114.6688721,20201023,09:45:00,"C.IO.30","South-west","Yes","Yes",0,1,39,40,0,1,0,1,0,0,0,2,0,0,34,38
"IO107",-34.06368897,114.6763721,20201023,09:50:00,"C.IO.30","South-west","Yes","Yes",0,3,37,40,0,0,0,0,0,0,0,0,0,0,35,35
"IO108",-34.05118897,114.6688721,20201023,10:04:00,"C.IO.30","South-west","Yes","Yes",0,1,39,40,0,1,0,0,0,0,0,0,0,0,32,33
"IO109",-34.05618897,114.6738721,20201023,09:57:00,"C.IO.30","South-west","Yes","Yes",0,2,38,40,0,0,0,0,0,0,0,0,0,0,19,19
"IO110",-34.14118897,114.7288721,20201022,08:00:00,"C.IO.68","South-west","Yes","Yes",0,4,36,40,0,0,0,1,2,0,0,0,0,0,33,36
"IO113",-34.05868897,114.7388721,20201023,07:30:00,"C.IO.31","South-west","Yes","Yes",0,3,37,40,0,0,0,0,0,0,0,0,0,0,33,33
"IO115",-34.05368897,114.7363721,20201023,07:34:00,"C.IO.31","South-west","Yes","Yes",0,1,39,40,0,1,0,0,0,0,0,0,0,0,29,30
"IO117",-34.06368897,114.7388721,20201023,07:25:00,"C.IO.31","South-west","Yes","Yes",0,3,37,40,0,0,0,0,0,0,0,0,0,0,34,34
"IO119",-34.07618897,114.9038721,20201029,10:17:00,"C.IO.39","South-west","Yes","Yes",0,1,39,40,0,1,4,0,21,0,0,7,0,0,0,33
"IO122",-34.11618897,114.8263721,20201015,12:35:00,"C.IO.59","South-west","Yes","Yes",0,3,36,39,0,0,2,0,22,0,2,0,0,0,4,30
"IO123",-34.10618897,114.8188721,20201015,12:42:00,"C.IO.59","South-west","Yes","Yes",0,2,34,36,0,0,11,0,20,0,0,1,0,0,2,34
"IO125",-34.10868897,114.8263721,20201015,12:38:00,"C.IO.59","South-west","Yes","Yes",0,2,38,40,0,0,12,0,14,0,0,0,0,0,4,30
"IO126",-34.11368897,114.8188721,20201015,12:31:00,"C.IO.59","South-west","Yes","Yes",0,1,34,35,0,4,7,0,20,0,4,2,0,0,0,37
"IO130",-33.98118897,114.8763721,20201013,12:24:00,"C.IO.37","South-west","Yes","No (stopped working )",NA,NA,NA,NA,NA,NA,NA,NA,NA,NA,NA,NA,NA,NA,NA,NA
"IO132",-33.99118897,114.8713721,20201013,12:47:00,"C.IO.37","South-west","Yes","Yes",0,2,38,40,0,0,0,0,12,0,7,5,0,0,2,26
"IO133",-33.99118897,114.8663721,20201013,12:50:00,"C.IO.37","South-west","Yes","Yes",0,0,40,40,0,1,0,0,16,0,15,1,0,0,0,33
"IO134",-33.98368897,114.8613721,20201013,12:14:00,"C.IO.37","South-west","Yes","Yes",0,2,37,39,0,0,2,0,19,0,4,3,0,0,3,31
"IO145",-33.98618897,114.8238721,20201013,10:24:00,"C.IO.22","South-west","Yes","Yes",0,3,36,39,0,0,2,0,26,0,2,2,0,0,1,33
"IO146",-33.97618897,114.8213721,20201013,10:17:00,"C.IO.33","South-west","Yes","Yes",0,5,34,39,0,0,14,0,8,0,3,1,0,0,8,34
"IO147",-33.98118897,114.8313721,20201013,10:28:00,"C.IO.33","South-west","Yes","Yes",0,0,39,39,0,1,2,0,26,0,1,4,0,0,1,35
"IO148",-34.01118897,114.5963721,20201123,10:31:00,"C.IO.46","South-west","Yes","Yes",0,2,38,40,0,1,0,0,0,0,0,0,0,0,35,36
"IO15",-34.06118897,114.8663721,20201016,07:59:00,"C.IO.35","South-west","Yes","Yes",0,1,39,40,0,0,0,0,13,0,19,0,0,0,1,33
"IO152",-33.98118897,114.8688721,20201013,12:18:00,"C.IO.37","South-west","Yes","Yes",0,4,29,33,0,0,17,0,8,0,2,3,0,0,5,35
"IO153",-34.04618897,114.8888721,20201016,07:36:00,"C.IO.65","South-west","Yes","Yes",0,1,37,38,0,6,5,0,13,0,0,2,0,0,7,33
"IO155",-34.04368897,114.8838721,20201016,07:42:00,"C.IO.65","South-west","Yes","Yes",0,2,38,40,0,0,4,0,19,0,0,2,0,0,4,29
"IO157",-33.97118897,114.8238721,20201013,10:14:00,"C.IO.33","South-west","Yes","Yes",0,0,20,20,0,0,0,0,12,0,0,2,0,0,0,14
"IO158",-33.98118897,114.8188721,20201013,10:21:00,"C.IO.33","South-west","Yes","No",0,1,14,15,0,0,5,0,0,0,1,0,0,0,9,15
"IO16",-34.07368897,114.8688721,20201016,09:43:00,"C.IO.35","South-west","Yes","Yes",0,0,20,20,0,0,2,0,2,0,0,0,0,0,16,20
"IO164",-34.03368897,114.9038721,20201016,07:14:00,"C.IO.62","South-west","Yes","Yes",0,1,38,39,1,1,3,0,9,0,5,4,0,0,5,28
"IO165",-34.04368897,114.8988721,20201016,07:23:00,"C.IO.62","South-west","Yes","Yes",0,0,39,39,0,3,3,0,20,0,0,1,0,0,0,27
"IO17",-34.06368897,114.8763721,20201016,08:07:00,"C.IO.35","South-west","Yes","Yes",0,0,20,20,0,0,1,0,16,0,0,1,0,0,2,20
"IO180",-33.99618897,114.7038721,20201123,12:36:00,"C.IO.41","South-west","Yes","Yes",0,2,38,40,0,0,0,0,0,0,0,0,0,0,38,38
"IO184",-34.04118897,114.9038721,20201016,07:19:00,"C.IO.62","South-west","Yes","Yes",0,3,37,40,0,0,2,0,12,0,0,13,0,0,7,34
"IO189",-33.98868897,114.6638721,20201023,12:31:00,"C.IO.40","South-west","Yes","Yes",0,0,20,20,0,1,0,0,0,0,0,0,0,0,19,20
"IO191",-33.99868897,114.6713721,20201023,12:20:00,"C.IO.40","South-west","Yes","Yes",0,1,39,40,0,3,0,1,0,0,0,1,0,0,32,37
"IO192",-33.98618897,114.6688721,20201023,12:36:00,"C.IO.40","South-west","Yes","Yes",0,3,37,40,0,1,0,0,0,0,0,0,0,0,31,32
"IO194",-33.99618897,114.6638721,20201023,12:24:00,"C.IO.40","South-west","Yes","Yes",0,0,20,20,0,2,0,0,0,0,0,0,0,0,18,20
"IO195",-34.09368897,114.8588721,20201016,09:57:00,"C.IO.6","South-west","Yes","Yes",0,2,38,40,0,0,2,0,15,0,8,0,0,0,12,37
"IO199",-34.08618897,114.8613721,20201016,09:51:00,"C.IO.6","South-west","Yes","Yes",0,1,39,40,0,0,5,0,21,0,6,1,2,0,1,36
"IO201",-34.05618897,114.8338721,20201015,14:46:00,"C.IO.5","South-west","Yes","Yes",0,4,31,35,0,1,15,0,9,0,1,1,0,0,5,32
"IO204",-34.06618897,114.7863721,20201015,10:35:00,"C.IO.7","South-west","Yes","Yes",0,2,38,40,0,2,0,0,3,0,0,7,0,0,20,32
"IO206",-34.06368897,114.7913721,20201015,10:28:00,"C.IO.7","South-west","Yes","Yes",0,0,20,20,0,0,2,1,0,0,0,4,0,0,6,13
"IO207",-34.06118897,114.7863721,20201015,10:23:00,"C.IO.7","South-west","Yes","Yes",0,2,38,40,0,3,4,0,9,0,0,1,0,0,13,30
"IO210",-34.09118897,114.8738721,20201016,10:09:00,"C.IO.6","South-west","Yes","Yes",0,2,38,40,0,0,3,0,16,0,1,6,0,0,3,29
"IO211",-34.05618897,114.9063721,20201029,10:42:00,"C.IO.3","South-west","Yes","Yes",0,5,35,40,0,0,0,0,11,0,19,3,0,0,0,33
"IO215",-34.06868897,114.9263721,20201016,12:34:00,"C.IO.2","South-west","Yes","Yes",0,3,37,40,0,0,0,0,0,0,0,0,0,0,35,35
"IO216",-34.06118897,114.9163721,20201029,10:33:00,"C.IO.3","South-west","Yes","Yes",0,1,34,35,0,0,6,0,16,0,0,3,0,0,10,35
"IO217",-34.06618897,114.9188721,20201016,12:43:00,"C.IO.2","South-west","Yes","Yes",0,1,39,40,0,0,4,0,4,0,0,1,0,0,28,37
"IO218",-34.07368897,114.9213721,20201016,12:28:00,"C.IO.2","South-west","Yes","Yes",0,3,37,40,0,1,3,0,0,0,0,0,0,0,25,29
"IO220",-34.05618897,114.8438721,20201015,14:39:00,"C.IO.5","South-west","Yes","Yes",0,3,37,40,0,0,2,0,27,0,0,0,0,0,1,30
"IO222",-34.06618897,114.8313721,20201015,14:54:00,"C.IO.4","South-west","Yes","Yes",0,1,35,36,0,0,6,0,13,0,0,0,0,0,9,28
"IO223",-34.07118897,114.8463721,20201015,14:25:00,"C.IO.4","South-west","Yes","Yes",0,3,37,40,0,0,3,0,5,0,1,0,0,0,17,26
"IO224",-34.06118897,114.8388721,20201015,14:35:00,"C.IO.4","South-west","Yes","Yes",0,1,34,35,0,0,16,0,10,0,1,1,0,0,2,30
"IO225",-34.07118897,114.8338721,20201015,14:20:00,"C.IO.4","South-west","Yes","Yes",0,3,37,40,0,0,4,0,27,0,0,1,0,0,3,35
"IO226",-34.06368897,114.8438721,20201015,14:32:00,"C.IO.4","South-west","Yes","Yes",0,2,38,40,0,0,3,0,18,0,0,1,0,0,9,31
"IO227",-33.99868897,114.7838721,20201019,06:37:00,"C.IO.42","South-west","Yes","Yes",0,3,37,40,0,0,1,0,14,0,0,2,0,0,12,29
"IO228",-34.00368897,114.7938721,20201019,06:46:00,"C.IO.42","South-west","Yes","Yes",0,2,38,40,0,4,6,0,15,0,1,7,2,0,0,35
"IO229",-33.99368897,114.7863721,20201019,06:31:00,"C.IO.42","South-west","Yes","Yes",0,3,36,39,0,0,6,0,18,0,0,3,0,0,7,34
"IO235",-34.06618897,114.9138721,20201016,12:49:00,"C.IO.2","South-west","Yes","Yes",0,0,20,20,0,0,4,0,3,0,0,1,0,0,10,18
"IO236",-34.08118897,114.9238721,20201016,12:22:00,"C.IO.1","South-west","Yes","Yes",0,0,40,40,0,1,12,0,10,0,0,5,0,0,5,33
"IO237",-34.08118897,114.9363721,20201016,12:15:00,"C.IO.1","South-west","Yes","No",0,0,20,20,0,0,0,0,0,0,0,0,0,0,14,14
"IO239",-34.09118897,114.9313721,20201016,12:05:00,"C.IO.1","South-west","Yes","Yes",0,1,39,40,0,0,0,0,0,0,0,0,0,0,13,13
"IO241",-33.99368897,114.7913721,20201019,06:26:00,"C.IO.42","South-west","Yes","Yes",0,24,16,40,0,0,1,0,24,0,0,2,0,0,0,27
"IO244",-34.00368897,114.9063721,20201019,11:35:00,"C.IO.47","South-west","Yes","Yes",0,3,32,35,0,0,5,0,13,0,0,2,0,0,3,23
"IO245",-34.00868897,114.9013721,20201019,11:30:00,"C.IO.47","South-west","Yes","Yes",20,0,20,40,0,3,4,0,7,0,2,1,2,0,1,20
"IO253",-34.01368897,114.7038721,20201123,12:15:00,"C.IO.49","South-west","Yes","No",0,3,17,20,0,0,0,0,0,0,0,1,0,0,16,17
"IO254",-34.01868897,114.6963721,20201029,08:51:00,"C.IO.49","South-west","No","Yes",0,2,38,40,0,2,0,3,0,0,0,1,0,0,30,36
"IO254",-34.01868897,114.6963721,20201123,12:10:00,"C.IO.49","South-west","Yes","Yes",0,2,38,40,0,2,0,3,0,0,0,1,0,0,30,36
"IO258",-33.96618897,114.9138721,20201019,12:05:00,"C.IO.20","South-west","Yes","Yes",0,0,20,20,0,2,9,0,9,0,0,0,0,0,0,20
"IO259",-33.96868897,114.9213721,20201019,12:00:00,"C.IO.20","South-west","Yes","Yes",0,2,35,37,0,2,7,0,8,0,0,12,0,0,2,31
"IO260",-33.97118897,114.9163721,20201019,11:55:00,"C.IO.20","South-west","Yes","Yes",0,2,36,38,0,0,5,0,14,0,5,8,0,0,3,35
"IO261",-33.97618897,114.9213721,20201019,11:46:00,"C.IO.20","South-west","Yes","Yes",0,3,37,40,0,3,6,0,2,0,0,9,0,0,2,22
"IO262",-34.01368897,114.8738721,20201019,09:46:00,"C.IO.19","South-west","Yes","Yes",0,3,37,40,0,0,0,0,29,0,0,0,0,0,6,35
"IO263",-34.00868897,114.8788721,20201019,09:52:00,"C.IO.19","South-west","Yes","Yes",0,3,37,40,1,0,3,0,15,0,12,2,0,0,2,35
"IO264",-34.01868897,114.8738721,20201019,09:31:00,"C.IO.19","South-west","Yes","Yes",0,4,29,33,0,0,10,1,0,0,1,1,0,0,18,31
"IO266",-34.02118897,114.7588721,20201015,08:06:00,"C.IO.23","South-west","Yes","Yes",0,1,39,40,0,0,0,0,0,0,0,0,0,0,27,27
"IO267",-34.02618897,114.7638721,20201015,08:11:00,"C.IO.23","South-west","Yes","Yes",0,0,20,20,0,4,1,2,0,0,0,0,0,0,6,13
"IO269",-33.98868897,114.8138721,20201019,07:18:00,"C.IO.22","South-west","Yes","Yes",0,4,36,40,0,0,0,0,23,0,0,5,0,0,1,29
"IO272",-34.00868897,114.8138721,20201019,06:56:00,"C.IO.21","South-west","Yes","Yes",0,0,20,20,0,3,4,0,11,0,0,1,0,0,1,20
"IO273",-33.99868897,114.8213721,20201019,07:07:00,"C.IO.22","South-west","Yes","Yes",0,0,20,20,0,0,1,0,17,0,1,0,0,0,0,19
"IO275",-34.09868897,114.6463721,20201123,14:38:00,"C.IO.15","South-west","Yes","Yes",0,0,20,20,0,0,0,0,0,0,0,0,0,0,20,20
"IO276",-34.10118897,114.6363721,20201123,07:34:00,"C.IO.15","South-west","Yes","Yes",0,2,38,40,0,1,0,0,0,0,0,1,0,0,30,32
"IO277",-34.10618897,114.6463721,20201123,07:53:00,"C.IO.15","South-west","Yes","Yes",0,3,37,40,0,2,0,1,0,7,0,1,0,0,26,37
"IO278",-34.11118897,114.6388721,20201123,07:45:00,"C.IO.15","South-west","Yes","Yes",0,1,39,40,0,2,0,0,0,0,0,1,0,0,35,38
"IO280",-34.08868897,114.6738721,20201023,09:24:00,"C.IO.14","South-west","Yes","Yes",0,1,39,40,0,1,0,0,0,0,0,1,0,0,28,30
"IO282",-34.14618897,114.5438721,20201029,07:20:00,"C.IO.18","South-west","No","No (No folder for this camera no)",NA,NA,NA,NA,NA,NA,NA,NA,NA,NA,NA,NA,NA,NA,NA,NA
"IO290",-34.06868897,114.7188721,20201023,07:07:00,"C.IO.13","South-west","Yes","Yes",0,2,39,41,0,2,0,1,0,0,0,2,0,0,32,37
"IO291",-34.08368897,114.7488721,20201022,13:09:00,"C.IO.12","South-west","Yes","Yes",0,2,38,40,0,0,0,0,0,0,0,0,0,0,30,30
"IO293",-34.08868897,114.7588721,20201022,12:55:00,"C.IO.12","South-west","Yes","Yes",0,2,38,40,0,4,0,3,0,2,0,0,0,0,18,27
"IO294",-34.08368897,114.7538721,20201022,13:04:00,"C.IO.12","South-west","Yes","Yes",0,1,40,41,0,6,0,0,0,0,0,3,0,0,29,38
"IO295",-34.10368897,114.7538721,20201022,12:25:00,"C.IO.11","South-west","Yes","Yes",0,3,37,40,0,0,0,0,0,0,0,0,0,0,32,32
"IO297",-34.10618897,114.7488721,20201022,12:21:00,"C.IO.11","South-west","Yes","Yes",0,1,39,40,0,0,0,0,0,0,0,0,0,0,26,26
"IO298",-34.07618897,114.6713721,20201023,09:39:00,"C.IO.14","South-west","Yes","Yes",0,1,39,40,0,1,0,0,0,0,0,0,0,0,38,39
"IO299",-34.08118897,114.6763721,20201023,09:32:00,"C.IO.14","South-west","Yes","Yes",0,1,39,40,0,1,0,0,0,0,0,0,0,0,33,34
"IO3",-34.07618897,114.7838721,20201015,12:03:00,"C.IO.43","South-west","Yes","Yes",0,0,39,39,0,0,6,1,14,0,0,12,0,0,3,36
"IO300",-34.08618897,114.6688721,20201123,07:18:00,"C.IO.14","South-west","Yes","Yes",0,4,36,40,0,1,0,0,0,0,0,2,0,0,28,31
"IO302",-34.07118897,114.7238721,20201023,07:13:00,"C.IO.13","South-west","Yes","Yes",0,6,34,40,0,0,0,0,0,0,0,0,0,0,31,31
"IO306",-34.10118897,114.7338721,20201022,10:29:00,"C.IO.10","South-west","Yes","Yes",0,1,38,39,0,0,0,0,0,0,0,0,0,0,37,37
"IO307",-34.11868897,114.7263721,20201022,09:56:00,"C.IO.9","South-west","Yes","Yes",0,2,38,40,0,4,0,0,0,0,0,1,0,0,29,34
"IO308",-34.11118897,114.7288721,20201022,10:06:00,"C.IO.9","South-west","Yes","Yes",0,3,37,40,0,1,0,0,0,0,0,1,0,0,33,35
"IO310",-34.05868897,114.7738721,20201015,10:06:00,"C.IO.8","South-west","Yes","Yes",0,0,40,40,0,3,3,0,1,0,0,5,0,0,24,36
"IO311",-34.05618897,114.7688721,20201015,10:03:00,"C.IO.8","South-west","Yes","Yes",0,1,39,40,0,14,2,5,2,2,0,4,0,0,1,30
"IO312",-34.05868897,114.7788721,20201015,10:17:00,"C.IO.8","South-west","Yes","Yes",0,3,37,40,0,6,3,3,5,0,0,4,0,0,9,30
"IO313",-34.09618897,114.7563721,20201022,12:47:00,"C.IO.11","South-west","Yes","Yes",0,2,38,40,0,0,0,0,0,0,0,0,0,0,37,37
"IO319",-34.09368897,114.7313721,20201022,10:37:00,"C.IO.10","South-west","Yes","Yes",0,1,39,40,0,4,0,0,0,0,0,1,0,0,33,38
"IO323",-34.03103333,114.6001,20201123,09:48:00,"C.IO.27","South-west","Yes","Yes",0,2,38,40,0,1,0,0,0,0,0,3,0,0,31,35
"IO324",-34.00006,114.639778,20201023,11:59:00,"C.IO.26","South-west","Yes","Yes",0,1,39,40,0,2,0,0,0,0,0,0,0,0,32,34
"IO325",-33.991557,114.743378,20201015,07:44:00,"C.IO.25","South-west","Yes","Yes",0,2,38,40,0,8,4,1,0,0,0,3,0,0,18,34
"IO326",-34.00425,114.6892833,20201123,12:26:00,"C.IO.24","South-west","Yes","Yes",0,0,20,20,0,0,0,0,0,0,0,2,0,0,18,20
"IO327",-34.02946667,114.7623833,20201015,08:17:00,"C.IO.23","South-west","Yes","Yes",0,0,40,40,0,13,0,7,0,3,0,7,0,0,0,30
"IO328",-33.99356667,114.8213667,20201019,07:13:00,"C.IO.22","South-west","Yes","Yes",0,0,40,40,0,0,4,0,25,0,7,0,0,0,3,39
"IO329",-34.06481667,114.7266333,20201023,07:18:00,"C.IO.13","South-west","Yes","Yes",0,1,39,40,0,0,0,0,0,0,0,0,0,0,36,36
"IO330",-34.08833333,114.7545,20201022,13:00:00,"C.IO.12","South-west","Yes","Yes",0,3,37,40,0,5,0,18,0,3,0,2,0,0,9,37
"IO331",-34.0984,114.75005,20201022,12:30:00,"C.IO.11","South-west","Yes","Yes",0,2,38,40,0,0,0,0,0,0,0,0,0,0,34,34
"IO332",-34.09718333,114.7344833,20201022,10:33:00,"C.IO.10","South-west","Yes","Yes",0,3,37,40,0,0,0,0,0,0,0,0,0,0,35,35
"IO333",-34.11301667,114.7251333,20201022,10:01:00,"C.IO.9","South-west","Yes","Yes",0,1,39,40,0,2,0,0,0,0,0,1,0,0,32,35
"IO334",-34.06155,114.7753667,20201015,10:11:00,"C.IO.8","South-west","Yes","Yes",0,2,38,40,0,0,0,0,0,0,0,0,0,0,35,35
"IO335",-34.06686667,114.7939833,20201015,10:31:00,"C.IO.7","South-west","Yes","Yes",0,3,37,40,0,1,10,0,7,0,1,8,0,0,0,27
"IO336",-34.0924,114.8663667,20201016,10:03:00,"C.IO.6","South-west","Yes","Yes",0,0,20,20,0,2,0,0,12,0,0,0,0,0,1,15
"IO337",-34.00536667,114.8202333,20201019,07:02:00,"C.IO.21","South-west","Yes","Yes",0,3,37,40,0,0,1,0,35,0,0,1,0,0,0,37
"IO338",-33.97231667,114.92245,20201019,11:50:00,"C.IO.20","South-west","Yes","Yes",0,5,32,37,1,1,1,0,3,0,0,1,0,0,26,33
"IO339",-34.01461667,114.8785,20201019,09:41:00,"C.IO.19","South-west","Yes","Yes",0,1,39,40,0,3,5,0,19,1,1,9,0,0,0,38
"IO34",-34.06118897,114.8713721,20201016,08:02:00,"C.IO.35","South-west","Yes","Yes",0,0,40,40,0,0,5,0,16,0,4,0,0,0,0,25
"IO343",-34.10261667,114.6407167,20201123,07:38:00,"C.IO.15","South-west","Yes","Yes",0,3,37,40,0,0,0,0,0,0,0,2,0,0,35,37
"IO344",-34.0844,114.6744,20201023,09:28:00,"C.IO.14","South-west","Yes","Yes",0,0,20,20,0,0,0,0,0,0,0,0,0,0,20,20
"IO349",-34.02368897,114.5963721,20201123,10:03:00,"C.IO.27","South-west","Yes","Yes",0,1,39,40,0,2,0,1,0,0,0,2,0,0,31,36
"IO350",-34.02618897,114.6038721,20201123,09:56:00,"C.IO.27","South-west","Yes","Yes",0,1,39,40,0,2,0,0,0,0,0,1,0,0,35,38
"IO351",-34.03118897,114.5963721,20201123,10:13:00,"C.IO.27","South-west","Yes","Yes",0,5,35,40,0,2,0,0,0,0,0,0,0,0,31,33
"IO352",-34.03618897,114.5988721,20201123,09:43:00,"C.IO.27","South-west","Yes","Yes",0,0,40,40,0,7,0,4,0,0,0,6,0,0,23,40
"IO353",-34.05436667,114.8390667,20201015,14:43:00,"C.IO.5","South-west","Yes","Yes",0,0,39,39,0,0,3,0,34,0,0,0,0,0,1,38
"IO354",-34.06605,114.84,20201015,14:29:00,"C.IO.4","South-west","Yes","Yes",0,1,38,39,0,0,5,0,17,0,16,0,0,0,1,39
"IO355",-34.05473333,114.9111,20201029,10:38:00,"C.IO.3","South-west","Yes","Yes",0,3,37,40,0,0,2,0,2,0,0,0,0,0,15,19
"IO356",-34.06956667,114.9184667,20201016,12:39:00,"C.IO.2","South-west","Yes","Yes",0,1,38,39,0,0,10,1,11,0,0,3,0,0,10,35
"IO357",-34.08496667,114.928,20201016,12:08:00,"C.IO.1","South-west","Yes","Yes",0,1,39,40,0,3,4,0,7,0,0,9,0,0,8,31
"IO36",-34.10368897,114.7188721,20201022,10:23:00,"C.IO.55","South-west","Yes","Yes",0,3,37,40,0,0,0,0,0,0,0,0,0,0,29,29
"IO361",-33.98868897,114.7413721,20201015,07:35:00,"C.IO.25","South-west","Yes","Yes",0,1,39,40,0,7,0,4,0,0,0,2,0,0,19,32
"IO363",-33.98618897,114.7513721,20201015,07:26:00,"C.IO.25","South-west","Yes","Yes",0,3,37,40,0,14,0,0,1,7,0,12,0,0,0,34
"IO364",-34.00868897,114.6888721,20201123,12:21:00,"C.IO.24","South-west","Yes","Yes",0,2,38,40,0,0,0,0,0,0,0,3,0,0,31,34
"IO365",-34.02368897,114.7538721,20201015,08:23:00,"C.IO.23","South-west","Yes","Yes",0,0,40,40,0,17,0,4,2,0,0,11,0,0,0,34
"IO369",-34.02868897,114.5913721,20201123,10:08:00,"C.IO.27","South-west","Yes","Yes",0,3,37,40,0,6,0,1,0,0,0,2,0,0,22,31
"IO37",-34.10868897,114.7188721,20201022,10:12:00,"C.IO.55","South-west","Yes","Yes",0,3,37,40,0,7,0,0,0,0,0,2,0,0,27,36
"IO370",-33.99618897,114.6463721,20201023,12:10:00,"C.IO.26","South-west","Yes","Yes",0,4,36,40,0,1,0,0,0,0,0,2,0,0,31,34
"IO372",-34.00618897,114.6438721,20201023,11:53:00,"C.IO.26","South-west","Yes","Yes",0,0,20,20,0,1,0,0,0,0,0,1,0,0,18,20
"IO374",-33.98618897,114.7463721,20201015,07:31:00,"C.IO.25","South-west","Yes","Yes",0,7,33,40,0,12,0,5,0,3,0,3,0,0,2,25
"IO377",-34.13868897,114.7588721,20201022,07:40:00,"C.IO.69","South-west","Yes","Yes",0,3,37,40,0,0,0,0,0,0,0,0,0,0,37,37
"IO378",-33.99368897,114.6388721,20201023,12:04:00,"C.IO.26","South-west","Yes","Yes",0,3,37,40,0,3,0,0,0,0,0,1,0,0,32,36
"IO379",-34.08368897,114.6813721,20201123,06:58:00,"C.IO.14","South-west","Yes","Yes",0,3,37,40,0,1,0,0,0,0,0,0,0,0,31,32
"IO4",-34.09118897,114.7813721,20201015,12:17:00,"C.IO.43","South-west","Yes","Yes",0,1,39,40,0,10,1,0,1,2,0,7,0,0,1,22
"IO40",-34.10368897,114.7138721,20201022,10:17:00,"C.IO.55","South-west","Yes","Yes",0,4,35,39,0,0,0,0,0,0,0,0,0,0,32,32
"IO46",-34.06868897,114.7113721,20201023,06:44:00,"C.IO.34","South-west","Yes","Yes",0,2,38,40,0,0,0,0,0,0,0,0,0,0,38,38
"IO47",-34.06368897,114.7113721,20201023,06:53:00,"C.IO.34","South-west","Yes","Yes",0,0,40,40,0,3,0,0,0,0,0,0,0,0,7,10
"IO49",-34.06118897,114.7063721,20201023,06:59:00,"C.IO.34","South-west","Yes","Yes",0,1,39,40,0,0,0,0,0,0,0,0,0,0,36,36
"IO5",-34.08868897,114.7763721,20201015,12:12:00,"C.IO.43","South-west","Yes","Yes",0,2,38,40,0,0,0,1,0,0,0,0,0,0,28,29
"IO58",-34.13618897,114.7738721,20201022,07:21:00,"C.IO.69","South-west","Yes","Yes",0,6,34,40,0,6,0,6,0,3,0,1,0,0,13,29
"IO59",-34.14118897,114.7663721,20201022,07:33:00,"C.IO.69","South-west","Yes","Yes",0,0,20,20,0,0,0,2,0,0,0,0,0,0,18,20
"IO62",-34.13368897,114.7663721,20201022,07:45:00,"C.IO.69","South-west","Yes","Yes",0,1,39,40,0,0,0,0,0,0,0,0,0,0,36,36
"IO64",-34.01368897,114.8963721,20201019,11:26:00,"C.IO.47","South-west","Yes","Yes",0,2,38,40,0,0,2,0,20,0,0,1,0,0,6,29
"IO65",-34.01118897,114.8888721,20201019,11:20:00,"C.IO.53","South-west","Yes","Yes",0,3,37,40,0,0,12,0,6,0,0,1,0,0,14,33
"IO66",-34.01618897,114.8813721,20201019,09:36:00,"C.IO.19","South-west","Yes","Yes",0,1,38,39,0,5,2,0,17,0,6,4,0,0,5,39
"IO71",-34.00368897,114.6988721,20201123,12:31:00,"C.IO.41","South-west","Yes","Yes",0,1,39,40,0,1,0,0,0,0,0,0,0,0,36,37
"IO72",-34.03618897,114.8463721,20201019,09:05:00,"C.IO.60","South-west","Yes","Yes",0,1,25,26,0,0,1,0,29,0,1,1,0,0,0,32
"IO73",-34.02868897,114.8588721,20201019,09:22:00,"C.IO.60","South-west","Yes","Yes",0,0,33,33,0,0,6,0,18,0,10,0,0,0,0,34
"IO74",-34.02868897,114.8513721,20201019,09:14:00,"C.IO.60","South-west","Yes","Yes",0,0,39,39,0,0,2,0,9,0,19,5,0,0,0,35
"IO75",-34.03368897,114.8538721,20201019,09:10:00,"C.IO.60","South-west","Yes","Yes",0,3,32,35,0,0,5,0,12,0,10,1,1,0,1,30
"IO80",-34.09368897,114.8888721,20201016,10:30:00,"C.IO.52","South-west","Yes","Yes",0,5,35,40,0,0,3,0,18,0,9,2,0,0,0,32
"IO81",-34.09868897,114.8913721,20201016,10:20:00,"C.IO.52","South-west","Yes","No",0,0,19,19,0,0,1,0,12,0,2,0,0,0,5,20
"IO91",-34.09368897,114.8938721,20201016,10:25:00,"C.IO.52","South-west","Yes","Yes",0,4,36,40,0,5,1,0,14,0,0,0,0,0,5,25
"IO92",-34.09868897,114.8863721,20201016,10:16:00,"C.IO.52","South-west","Yes","Yes",0,1,39,40,0,1,8,0,18,0,5,1,0,0,0,33
"IO95",-34.12618897,114.7338721,20201022,08:21:00,"C.IO.68","South-west","Yes","Yes",0,2,38,40,0,0,0,0,0,0,0,0,0,0,38,38
"IO96",-34.13618897,114.7363721,20201022,08:06:00,"C.IO.68","South-west","Yes","Yes",0,1,39,40,0,0,0,0,0,0,0,0,0,0,37,37
"IO98",-34.13368897,114.7313721,20201022,08:13:00,"C.IO.68","South-west","Yes","Yes",0,3,37,40,0,0,0,0,0,0,0,1,0,0,30,31
"IOC04",-34.08755,114.749265,20201022,13:16:00,"C.IO.12","South-west","Yes","Yes",0,1,39,40,0,1,0,0,0,0,0,0,0,0,33,34
"IOC05",-34.05394,114.899843,20201029,10:46:00,"C.IO.3","South-west","Yes","Yes",0,10,30,40,0,0,1,0,14,0,0,1,0,0,2,18
"IOC06",-34.048689,114.876372,20201016,07:48:00,"C.IO.65","South-west","Yes","Yes",0,6,12,18,0,0,2,0,1,0,10,1,0,0,0,14
"IOCP11-1",-33.992845,114.696642,20201123,12:39:00,"C.IO.41","South-west","Yes","Yes",0,3,37,40,0,0,0,0,0,0,0,1,0,0,31,32
"IOCP11-2",-33.974332,114.692773,20201123,12:47:00,"C.IO.41","South-west","Yes","Yes",0,1,39,40,0,7,2,4,0,3,0,19,0,0,1,36
"IOCP2311",-34.01858,114.601465,20201123,10:19:00,"C.IO.46","South-west","Yes","No",0,2,17,19,0,0,0,1,0,0,0,0,0,0,17,18
"IOREDO344",-34.0844,114.6744,20201123,07:12:00,"C.IO.14","South-west","Yes","No",0,4,16,20,0,1,0,0,0,0,0,0,0,0,13,14
