"campaignid","sample","method","slope","aspect","roughness","tpi","detrended"
"2020-06_south-west_stereo-BRUVs","01","BRUV",0.0230063013732433,1.31246495246887,14,1.25,16.6787967681885
"2020-06_south-west_stereo-BRUVs","02","BRUV",0.0176542047411203,0.5140380859375,11,-1.25,16.2943840026855
"2020-06_south-west_stereo-BRUVs","03","BRUV",0.0178407672792673,6.13054513931274,12,0.375,18.9745559692383
"2020-06_south-west_stereo-BRUVs","04","BRUV",0.00814312137663364,1.04747939109802,5,-0.5,16.2703132629395
"2020-06_south-west_stereo-BRUVs","05","BRUV",0.00651136552914977,4.71238899230957,3,-1.125,17.8244132995605
"2020-06_south-west_stereo-BRUVs","06","BRUV",0.000706347171217203,0.876072406768799,1,-0.125,19.2493419647217
"2020-06_south-west_stereo-BRUVs","07","BRUV",0.000706347171217203,0.876072406768799,1,-0.125,19.2493419647217
"2020-06_south-west_stereo-BRUVs","08","BRUV",0.00452181650325656,3.14159274101257,3,0,20.1201725006104
"2020-06_south-west_stereo-BRUVs","09","BRUV",0.0042184772901237,0.540354073047638,3,-1.375,16.5014877319336
"2020-06_south-west_stereo-BRUVs","10","BRUV",0.000706260907463729,2.26562213897705,1,-0.25,15.7567300796509
"2020-06_south-west_stereo-BRUVs","11","BRUV",0.000706273247487843,2.26560759544373,1,0.25,14.4609718322754
"2020-06_south-west_stereo-BRUVs","12","BRUV",0.0137446541339159,2.1642735004425,8,1.25,21.4235553741455
"2020-06_south-west_stereo-BRUVs","13","BRUV",0.0230063013732433,1.31246495246887,14,1.25,16.6787967681885
"2020-06_south-west_stereo-BRUVs","14","BRUV",0.0085740964859724,5.82426643371582,8,4.25,25.0391407012939
"2020-06_south-west_stereo-BRUVs","15","BRUV",0.00486665079370141,3.8743782043457,4,1.25,22.0555858612061
"2020-06_south-west_stereo-BRUVs","16","BRUV",0.00217035412788391,4.71238899230957,1,-0.375,20.4159297943115
"2020-06_south-west_stereo-BRUVs","17","BRUV",0.00718320906162262,4.52240037918091,4,0.875,22.4640693664551
"2020-06_south-west_stereo-BRUVs","18","BRUV",0.00973196048289537,5.622971534729,9,1.5,22.7193126678467
"2020-06_south-west_stereo-BRUVs","20","BRUV",0.00282533233985305,4.01765060424805,2,-0.25,36.6709442138672
"2020-06_south-west_stereo-BRUVs","21","BRUV",0.00434081582352519,4.71238899230957,2,0,36.9667015075684
"2020-06_south-west_stereo-BRUVs","22","BRUV",0.00434068776667118,4.71238899230957,2,0,37.2219429016113
"2020-06_south-west_stereo-BRUVs","23","BRUV",0.00434055924415588,4.71238899230957,2,0,36.837532043457
"2020-06_south-west_stereo-BRUVs","24","BRUV",0.00141254579648376,4.01757764816284,2,0,36.9876708984375
"2020-06_south-west_stereo-BRUVs","25","BRUV",0.00235099997371435,4.31753492355347,1,0.5,37.2429161071777
"2020-06_south-west_stereo-BRUVs","26","BRUV",0.00217022560536861,4.71238899230957,1,-0.375,36.3720855712891
"2020-06_south-west_stereo-BRUVs","27","BRUV",0.00168931379448622,4.44141149520874,1,-0.25,36.0117416381836
"2020-06_south-west_stereo-BRUVs","28","BRUV",0.00235094083473086,5.10725355148315,1,-0.5,34.0567855834961
"2020-06_south-west_stereo-BRUVs","29","BRUV",0.00146100483834743,3.52201724052429,1,-0.25,33.6318550109863
"2020-06_south-west_stereo-BRUVs","30","BRUV",0.00210919859819114,3.68190765380859,1,-0.5,32.9516830444336
"2020-06_south-west_stereo-BRUVs","31","BRUV",0.00146101671271026,5.90274047851562,1,-0.25,32.4006805419922
"2020-06_south-west_stereo-BRUVs","32","BRUV",3.46944695195361e-18,4.71238899230957,0,0,32.7881927490234
"2020-06_south-west_stereo-BRUVs","33","BRUV",3.46944695195361e-18,1.57079637050629,0,0,32.172607421875
"2020-06_south-west_stereo-BRUVs","34","BRUV",0.000706334831193089,4.01765060424805,1,-0.125,31.4278507232666
"2020-06_south-west_stereo-BRUVs","35","BRUV",0.00217054667882621,4.71238899230957,1,-0.375,30.8122634887695
"2020-06_south-west_stereo-BRUVs","36","BRUV",0.000706334831193089,5.40712738037109,1,0.125,30.0269908905029
"2020-06_south-west_stereo-BRUVs","37","BRUV",0.00235123699530959,5.10720109939575,1,-0.5,28.897819519043
"2020-06_south-west_stereo-BRUVs","38","BRUV",3.46944695195361e-18,1.57079637050629,0,0,28.6020622253418
"2020-06_south-west_stereo-BRUVs","39","BRUV",0,1.57079637050629,0,0,28.6666469573975
"2020-06_south-west_stereo-BRUVs","40","BRUV",0,1.57079637050629,0,0,29.4114036560059
"2020-10_south-west_stereo-BRUVs","FH10","BRUV",3.46944695195361e-18,1.57079637050629,0,0,23.2405281066895
"2020-10_south-west_stereo-BRUVs","FH102","BRUV",0.0018087369389832,3.77475828372553e-15,1,0.375,1.99195694923401
"2020-10_south-west_stereo-BRUVs","FH106","BRUV",0.0021070905495435,0.538644850254059,3,-0.125,34.1831016540527
"2020-10_south-west_stereo-BRUVs","FH108","BRUV",0.00146018003579229,3.52060222625732,1,0.25,5.22527408599854
"2020-10_south-west_stereo-BRUVs","FH109","BRUV",0.00234628724865615,1.17510485649109,1,0.5,13.3105936050415
"2020-10_south-west_stereo-BRUVs","FH11","BRUV",0.00976757146418095,5.19368696212769,6,0.875,11.6964349746704
"2020-10_south-west_stereo-BRUVs","FH110","BRUV",0.00274039525538683,4.54662418365479,2,0,33.3394393920898
"2020-10_south-west_stereo-BRUVs","FH111","BRUV",0.00216677249409258,1.57079637050629,1,-0.375,25.2810440063477
"2020-10_south-west_stereo-BRUVs","FH113","BRUV",3.46944695195361e-18,1.57079637050629,0,0,37.9452590942383
"2020-10_south-west_stereo-BRUVs","FH12","BRUV",0.00282116467133164,0.874826073646545,2,0.25,17.7760372161865
"2020-10_south-west_stereo-BRUVs","FH14","BRUV",0.00216119387187064,1.57079637050629,1,-0.375,19.6380519866943
"2020-10_south-west_stereo-BRUVs","FH15","BRUV",0.00281670736148953,2.26808929443359,2,0.25,34.3203773498535
"2020-10_south-west_stereo-BRUVs","FH16","BRUV",0,1.57079637050629,0,0,28.2066898345947
"2020-10_south-west_stereo-BRUVs","FH17","BRUV",3.46944695195361e-18,4.71238899230957,0,0,21.0215129852295
"2020-10_south-west_stereo-BRUVs","FH18","BRUV",0.0042280163615942,4.01568412780762,3,-0.5,32.8873405456543
"2020-10_south-west_stereo-BRUVs","FH2","BRUV",0.0018087369389832,6.28318548202515,1,-0.375,19.136381149292
"2020-10_south-west_stereo-BRUVs","FH20","BRUV",0.00168315274640918,1.29880177974701,1,-0.25,19.4745635986328
"2020-10_south-west_stereo-BRUVs","FH21","BRUV",0.0014093704521656,4.01569843292236,1,-0.375,36.3527870178223
"2020-10_south-west_stereo-BRUVs","FH23","BRUV",0.000705427082721144,5.40820026397705,2,0,35.8511161804199
"2020-10_south-west_stereo-BRUVs","FH24","BRUV",0.00107937178108841,1.57079637050629,2,0,23.6011161804199
"2020-10_south-west_stereo-BRUVs","FH25","BRUV",0.00146045500878245,5.90370321273804,1,0.25,36.508171081543
"2020-10_south-west_stereo-BRUVs","FH26","BRUV",0.00140953995287418,4.01579904556274,2,0,32.3635101318359
"2020-10_south-west_stereo-BRUVs","FH27","BRUV",0,1.57079637050629,0,0,22.4464416503906
"2020-10_south-west_stereo-BRUVs","FH28","BRUV",6.93889390390723e-18,1.57079637050629,0,0,2.56917214393616
"2020-10_south-west_stereo-BRUVs","FH30","BRUV",0.00234243529848754,1.96717476844788,1,-0.5,12.4893388748169
"2020-10_south-west_stereo-BRUVs","FH31","BRUV",0.00168110686354339,4.98472309112549,1,0.25,30.1716613769531
"2020-10_south-west_stereo-BRUVs","FH32","BRUV",0.00302098831161857,1.10510361194611,3,-0.5,-1.57548987865448
"2020-10_south-west_stereo-BRUVs","FH33","BRUV",0,1.57079637050629,1,-0.25,30.3956832885742
"2020-10_south-west_stereo-BRUVs","FH34","BRUV",0.000704649253748357,2.26752996444702,1,-0.125,15.7538766860962
"2020-10_south-west_stereo-BRUVs","FH35","BRUV",0.00234552612528205,4.31656169891357,1,-0.5,5.34943819046021
"2020-10_south-west_stereo-BRUVs","FH37","BRUV",3.46944695195361e-18,1.57079637050629,0,0,32.8611297607422
"2020-10_south-west_stereo-BRUVs","FH39","BRUV",0.00432932656258345,4.71238899230957,2,-1,5.8661208152771
"2020-10_south-west_stereo-BRUVs","FH40","BRUV",0.0021159490570426,4.0164475440979,1,-0.375,19.9457244873047
"2020-10_south-west_stereo-BRUVs","FH41","BRUV",0.0027131016831845,1.11022302462516e-15,2,-0.25,25.0260448455811
"2020-10_south-west_stereo-BRUVs","FH42","BRUV",6.93889390390723e-18,1.57079637050629,0,0,37.9331016540527
"2020-10_south-west_stereo-BRUVs","FH44","BRUV",0.0021613200660795,1.57079637050629,1,-0.375,22.8077392578125
"2020-10_south-west_stereo-BRUVs","FH45","BRUV",0.00146002287510782,2.76285338401794,1,0.25,36.490062713623
"2020-10_south-west_stereo-BRUVs","FH46","BRUV",0.00108059821650386,4.71238899230957,1,-0.875,2.99410128593445
"2020-10_south-west_stereo-BRUVs","FH47","BRUV",0.00210785400122404,0.539250612258911,1,0.5,31.3763751983643
"2020-10_south-west_stereo-BRUVs","FH48","BRUV",0.00361746223643422,3.14159274101257,3,0.75,36.0570297241211
"2020-10_south-west_stereo-BRUVs","FH49","BRUV",0.00234640459530056,1.17512571811676,1,0.5,10.3992490768433
"2020-10_south-west_stereo-BRUVs","FH5","BRUV",0.00422519166022539,5.4096531867981,3,-0.5,-1.2797315120697
"2020-10_south-west_stereo-BRUVs","FH50","BRUV",0.00210639648139477,2.60349941253662,1,-0.5,0.118029244244099
"2020-10_south-west_stereo-BRUVs","FH51","BRUV",0.00146051961928606,0.379593104124069,1,-0.25,29.0160331726074
"2020-10_south-west_stereo-BRUVs","FH52","BRUV",0.000705647049471736,2.26634740829468,1,0.125,22.6895275115967
"2020-10_south-west_stereo-BRUVs","FH54","BRUV",0.00273907231166959,4.54654359817505,2,-0.5,1.27341389656067
"2020-10_south-west_stereo-BRUVs","FH55","BRUV",0.0021159490570426,2.26673769950867,1,0.625,13.5043497085571
"2020-10_south-west_stereo-BRUVs","FH56","BRUV",6.93889390390723e-18,1.57079637050629,0,0,23.6776142120361
"2020-10_south-west_stereo-BRUVs","FH57","BRUV",0.00292048207484186,5.90406513214111,3,-0.25,35.5434455871582
"2020-10_south-west_stereo-BRUVs","FH58","BRUV",0.00234040594659746,1.96753776073456,2,0.125,25.1521167755127
"2020-10_south-west_stereo-BRUVs","FH59","BRUV",6.93889390390723e-18,1.57079637050629,0,0,30.4028339385986
"2020-10_south-west_stereo-BRUVs","FH6","BRUV",0.00215968303382397,4.71238899230957,1,0.375,31.691442489624
"2020-10_south-west_stereo-BRUVs","FH60","BRUV",0.00211438094265759,5.40894985198975,1,-0.375,32.5331954956055
"2020-10_south-west_stereo-BRUVs","FH61","BRUV",0.0016841571778059,4.98421716690063,1,-0.75,23.6161270141602
"2020-10_south-west_stereo-BRUVs","FH62","BRUV",6.93889390390723e-18,1.57079637050629,0,0,15.6590242385864
"2020-10_south-west_stereo-BRUVs","FH63","BRUV",0.00107949727680534,4.71238899230957,1,0.25,32.3413467407227
"2020-10_south-west_stereo-BRUVs","FH64","BRUV",0.00281694810837507,4.01516771316528,2,0.5,0.594196200370789
"2020-10_south-west_stereo-BRUVs","FH65","BRUV",0,1.57079637050629,0,0,31.5653705596924
"2020-10_south-west_stereo-BRUVs","FH66","BRUV",0.014750418253243,4.30251312255859,10,0.25,9.57036209106445
"2020-10_south-west_stereo-BRUVs","FH67","BRUV",0.00146047852467746,5.90366268157959,1,0.5,7.51912450790405
"2020-10_south-west_stereo-BRUVs","FH68","BRUV",0.0016861743060872,4.98388385772705,1,0.75,36.9802856445312
"2020-10_south-west_stereo-BRUVs","FH69","BRUV",0.00281685194931924,2.26804637908936,2,0.25,34.1943054199219
"2020-10_south-west_stereo-BRUVs","FH7","BRUV",0.000704637146554887,2.26754426956177,1,0.125,18.0496349334717
"2020-10_south-west_stereo-BRUVs","FH70","BRUV",0.00211231643334031,2.26817512512207,1,0.625,23.0501155853271
"2020-10_south-west_stereo-BRUVs","FH71","BRUV",3.46944695195361e-18,1.57079637050629,0,0,35.9571685791016
"2020-10_south-west_stereo-BRUVs","FH72","BRUV",0.00234564300626516,5.10819530487061,2,0.875,7.15878057479858
"2020-10_south-west_stereo-BRUVs","FH74","BRUV",0.0027131016831845,0,2,0.375,35.418327331543
"2020-10_south-west_stereo-BRUVs","FH77","BRUV",0.0018087369389832,3.77475828372553e-15,1,0.375,27.2195568084717
"2020-10_south-west_stereo-BRUVs","FH78","BRUV",0.0018087369389832,3.14159274101257,1,0.625,9.62422466278076
"2020-10_south-west_stereo-BRUVs","FH79","BRUV",0.00146047258749604,5.90367269515991,1,-0.25,38.7424430847168
"2020-10_south-west_stereo-BRUVs","FH8","BRUV",3.46944695195361e-18,1.57079637050629,0,0,36.5849151611328
"2020-10_south-west_stereo-BRUVs","FH82","BRUV",0.0018087369389832,5.77315972805081e-15,1,-0.375,2.2877151966095
"2020-10_south-west_stereo-BRUVs","FH83","BRUV",3.46944695195361e-18,4.71238899230957,0,0,32.185718536377
"2020-10_south-west_stereo-BRUVs","FH84","BRUV",0.000904369226191193,6.28318548202515,1,0.125,37.5234260559082
"2020-10_south-west_stereo-BRUVs","FH85","BRUV",0.00274406676180661,1.7363373041153,2,-0.625,10.2085914611816
"2020-10_south-west_stereo-BRUVs","FH87","BRUV",0.000904369226191193,6.28318548202515,1,0.375,19.7145500183105
"2020-10_south-west_stereo-BRUVs","FH89","BRUV",0.00210642884485424,3.67971158027649,1,0.5,36.6161346435547
"2020-10_south-west_stereo-BRUVs","FH9","BRUV",0,1.57079637050629,0,0,29.5670337677002
"2020-10_south-west_stereo-BRUVs","FH92","BRUV",0.00211478117853403,2.26719903945923,1,-0.625,21.6401977539062
"2020-10_south-west_stereo-BRUVs","FH93","BRUV",0.00234301690943539,1.96707093715668,1,-0.5,20.576566696167
"2020-10_south-west_stereo-BRUVs","FH94","BRUV",0.00938940327614546,3.55689334869385,7,1.5,11.274603843689
"2020-10_south-west_stereo-BRUVs","FH95","BRUV",0.00140903179999441,0.873904824256897,2,0,12.0029220581055
"2020-10_south-west_stereo-BRUVs","FH96","BRUV",3.46944695195361e-18,4.71238899230957,1,0.75,32.1969223022461
"2020-10_south-west_stereo-BRUVs","FH99","BRUV",0,1.57079637050629,0,0,35.0043563842773
"2020-10_south-west_stereo-BRUVs","FHA","BRUV",0.000704154546838254,0.873474717140198,1,-0.125,-1.85790085792542
"2020-10_south-west_stereo-BRUVs","FHB","BRUV",0.0035206985194236,5.40972471237183,3,-0.625,-4.68368911743164
"2020-10_south-west_stereo-BRUVs","FHC","BRUV",0.00918687414377928,4.6631498336792,5,1.25,0.275795638561249
"2020-10_south-west_stereo-BRUVs","FHC01","BRUV",6.93889390390723e-18,1.57079637050629,0,0,33.1235198974609
"2020-10_south-west_stereo-BRUVs","FHC02","BRUV",0.001682014670223,4.44020557403564,1,0.25,33.1840553283691
"2020-10_south-west_stereo-BRUVs","FHC03","BRUV",0.00216581718996167,4.71238899230957,1,-0.375,36.6363868713379
"2020-10_south-west_stereo-BRUVs","FHD","BRUV",0.0105019863694906,4.9293646812439,7,-1,-3.23469018936157
"2020-10_south-west_stereo-BRUVs","FHE","BRUV",0.00401468155905604,5.05707025527954,2,-0.25,-3.19417476654053
"2020-10_south-west_stereo-BRUVs","IO1","BRUV",0.00490142730996013,4.62000274658203,3,0.625,33.877571105957
"2020-10_south-west_stereo-BRUVs","IO100","BRUV",0.00235005374997854,1.17577421665192,1,0.5,18.4440517425537
"2020-10_south-west_stereo-BRUVs","IO101","BRUV",0,1.57079637050629,0,0,22.909496307373
"2020-10_south-west_stereo-BRUVs","IO102","BRUV",0.00403076689690351,1.22754764556885,2,-0.25,15.6347103118896
"2020-10_south-west_stereo-BRUVs","IO105","BRUV",1.38777878078145e-17,4.71238899230957,0,0,-12.5823793411255
"2020-10_south-west_stereo-BRUVs","IO107","BRUV",0.00234975828789175,5.10746335983276,2,-0.125,-13.6228952407837
"2020-10_south-west_stereo-BRUVs","IO108","BRUV",0.00108421745244414,4.71238899230957,1,-0.25,-12.9053058624268
"2020-10_south-west_stereo-BRUVs","IO109","BRUV",0.00234958110377192,4.31728315353394,2,-0.125,-13.1364793777466
"2020-10_south-west_stereo-BRUVs","IO110","BRUV",0.00434145797044039,4.71238899230957,2,0,-17.9043598175049
"2020-10_south-west_stereo-BRUVs","IO113","BRUV",0.0103105353191495,4.75625801086426,5,-0.5,-3.75636100769043
"2020-10_south-west_stereo-BRUVs","IO115","BRUV",0.00872597191482782,4.34118795394897,5,-0.125,-4.2053599357605
"2020-10_south-west_stereo-BRUVs","IO117","BRUV",0.0107556525617838,4.27850341796875,7,-0.375,-4.62719058990479
"2020-10_south-west_stereo-BRUVs","IO119","BRUV",0.00216907216235995,1.57079637050629,1,-0.375,19.8043956756592
"2020-10_south-west_stereo-BRUVs","IO122","BRUV",0.00168922112789005,4.44139623641968,1,-0.25,36.9230880737305
"2020-10_south-west_stereo-BRUVs","IO123","BRUV",0.00108492176514119,4.71238899230957,1,-0.5,37.7052612304688
"2020-10_south-west_stereo-BRUVs","IO125","BRUV",0.00235082255676389,5.10727453231812,1,-0.5,36.7293319702148
"2020-10_south-west_stereo-BRUVs","IO126","BRUV",0.00282498728483915,4.01754856109619,2,-0.25,37.8990173339844
"2020-10_south-west_stereo-BRUVs","IO130","BRUV",0.000705598096828908,2.2664053440094,1,0.125,26.8320446014404
"2020-10_south-west_stereo-BRUVs","IO132","BRUV",0,1.57079637050629,0,0,27.4507293701172
"2020-10_south-west_stereo-BRUVs","IO133","BRUV",0,1.57079637050629,0,0,28.8110733032227
"2020-10_south-west_stereo-BRUVs","IO134","BRUV",0.00210836040787399,3.68124461174011,1,0.5,30.9776611328125
"2020-10_south-west_stereo-BRUVs","IO145","BRUV",0.00274595012888312,4.54696273803711,3,0.25,38.2448234558105
"2020-10_south-west_stereo-BRUVs","IO146","BRUV",0.0023476961068809,5.10782957077026,1,0.5,38.6666526794434
"2020-10_south-west_stereo-BRUVs","IO147","BRUV",0.000705598096828908,5.40799808502197,1,0.125,37.075138092041
"2020-10_south-west_stereo-BRUVs","IO148","BRUV",1.38777878078145e-17,4.71238899230957,0,0,1.78631186485291
"2020-10_south-west_stereo-BRUVs","IO15","BRUV",0.00211796816438437,4.0172438621521,1,-0.625,31.6194610595703
"2020-10_south-west_stereo-BRUVs","IO152","BRUV",0,1.57079637050629,0,0,28.8725605010986
"2020-10_south-west_stereo-BRUVs","IO153","BRUV",0.00234934501349926,1.17564845085144,1,-0.5,23.1104030609131
"2020-10_south-west_stereo-BRUVs","IO155","BRUV",6.93889390390723e-18,4.71238899230957,0,0,25.4061622619629
"2020-10_south-west_stereo-BRUVs","IO157","BRUV",0.00211664475500584,5.40805578231812,1,0.625,37.8573112487793
"2020-10_south-west_stereo-BRUVs","IO158","BRUV",0.00282238540239632,5.40799808502197,2,0.5,39.4759979248047
"2020-10_south-west_stereo-BRUVs","IO16","BRUV",0.000706051709130406,4.01731634140015,1,0.125,32.2622146606445
"2020-10_south-west_stereo-BRUVs","IO164","BRUV",0.00168769457377493,1.84204030036926,1,-0.25,17.7064456939697
"2020-10_south-west_stereo-BRUVs","IO165","BRUV",0.00168787920847535,1.29958271980286,1,0.25,20.3251304626465
"2020-10_south-west_stereo-BRUVs","IO17","BRUV",0.00211800495162606,0.875665605068207,1,0.375,29.9633598327637
"2020-10_south-west_stereo-BRUVs","IO180","BRUV",0.00506096985191107,4.44103097915649,3,0.25,-7.84858798980713
"2020-10_south-west_stereo-BRUVs","IO184","BRUV",0,1.57079637050629,0,0,17.9002017974854
"2020-10_south-west_stereo-BRUVs","IO189","BRUV",0.00141126895323396,5.40795469284058,2,-0.75,-16.159595489502
"2020-10_south-west_stereo-BRUVs","IO191","BRUV",0.0032506303396076,4.71238899230957,2,0.25,-12.9417695999146
"2020-10_south-west_stereo-BRUVs","IO192","BRUV",0.00489613180980086,4.61990261077881,3,0.125,-15.5845241546631
"2020-10_south-west_stereo-BRUVs","IO194","BRUV",0.00234816665761173,5.10774612426758,1,0.5,-12.9658393859863
"2020-10_south-west_stereo-BRUVs","IO195","BRUV",3.46944695195361e-18,1.57079637050629,0,0,33.499584197998
"2020-10_south-west_stereo-BRUVs","IO199","BRUV",0,1.57079637050629,0,0,32.625659942627
"2020-10_south-west_stereo-BRUVs","IO201","BRUV",0.00216856016777456,4.71238899230957,1,0.375,37.3325233459473
"2020-10_south-west_stereo-BRUVs","IO204","BRUV",0.00506484694778919,4.98353385925293,3,0.125,34.5141296386719
"2020-10_south-west_stereo-BRUVs","IO206","BRUV",0.00886134430766106,4.50683403015137,5,-0.875,35.0892028808594
"2020-10_south-west_stereo-BRUVs","IO207","BRUV",0.00416745292022824,3.8498101234436,3,-0.5,34.3849601745605
"2020-10_south-west_stereo-BRUVs","IO210","BRUV",0.00146095722448081,3.52193593978882,1,-0.5,29.3539695739746
"2020-10_south-west_stereo-BRUVs","IO211","BRUV",0.00403013452887535,1.22749149799347,2,1,18.6075420379639
"2020-10_south-west_stereo-BRUVs","IOC06","BRUV",0.00168797164224088,1.29959797859192,1,-0.25,27.5758476257324
"2020-10_south-west_stereo-BRUVs","IO216","BRUV",0.00168820272665471,1.841956615448,1,0.25,12.0160255432129
"2020-10_south-west_stereo-BRUVs","IO217","BRUV",0.000904369226191193,6.28318548202515,1,0.125,11.4650239944458
"2020-10_south-west_stereo-BRUVs","IO218","BRUV",0.00216900813393295,4.71238899230957,1,-0.375,10.9786081314087
"2020-10_south-west_stereo-BRUVs","IO220","BRUV",0,1.57079637050629,0,0,35.6118392944336
"2020-10_south-west_stereo-BRUVs","IO222","BRUV",0.00216881604865193,4.71238899230957,1,0.375,37.2710380554199
"2020-10_south-west_stereo-BRUVs","IO223","BRUV",0.00168838771060109,4.44125890731812,1,-0.25,35.3191757202148
"2020-10_south-west_stereo-BRUVs","IO224","BRUV",0.00216868799179792,4.71238899230957,1,-0.375,36.1013526916504
"2020-10_south-west_stereo-BRUVs","IO225","BRUV",0.00168838771060109,4.44125890731812,1,-0.25,36.7200355529785
"2020-10_south-west_stereo-BRUVs","IO226","BRUV",0,1.57079637050629,0,0,35.805591583252
"2020-10_south-west_stereo-BRUVs","IO227","BRUV",0.00337408808991313,4.44103860855103,2,0,39.4505004882812
"2020-10_south-west_stereo-BRUVs","IO228","BRUV",0.000705708225723356,5.40786743164062,1,0.125,39.8589820861816
"2020-10_south-west_stereo-BRUVs","IO229","BRUV",0.00216696364805102,4.71238899230957,1,0.375,39.6411552429199
"2020-10_south-west_stereo-BRUVs","IO235","BRUV",0.00443088449537754,1.36524748802185,2,-0.875,12.8253679275513
"2020-10_south-west_stereo-BRUVs","IO236","BRUV",0.00211826292797923,5.4074182510376,1,0.375,12.4921922683716
"2020-10_south-west_stereo-BRUVs","IO237","BRUV",0.00470031751319766,4.31738805770874,3,0.875,15.0913333892822
"2020-10_south-west_stereo-BRUVs","IO239","BRUV",0.00382336950860918,4.83093452453613,3,-0.625,11.710018157959
"2020-10_south-west_stereo-BRUVs","IO241","BRUV",0.00381903816014528,4.8310694694519,2,0.125,39.2808113098145
"2020-10_south-west_stereo-BRUVs","IO244","BRUV",0.00210849149152637,0.539755642414093,1,-0.5,15.2512512207031
"2020-10_south-west_stereo-BRUVs","IO245","BRUV",0.00168723321985453,1.842116355896,1,0.25,17.7407646179199
"2020-10_south-west_stereo-BRUVs","IO253","BRUV",0.00581392599269748,5.28809452056885,4,-0.125,-10.3964910507202
"2020-10_south-west_stereo-BRUVs","IO254","BRUV",0.00506221456453204,4.98367881774902,3,0.25,-11.2268047332764
"2020-10_south-west_stereo-BRUVs","IO258","BRUV",0.000705524755176157,4.01669311523438,1,-0.125,11.2419557571411
"2020-10_south-west_stereo-BRUVs","IO259","BRUV",0.00146066688466817,2.76174688339233,1,0.25,9.26602554321289
"2020-10_south-west_stereo-BRUVs","IO260","BRUV",0,1.57079637050629,0,0,10.690954208374
"2020-10_south-west_stereo-BRUVs","IO261","BRUV",0,1.57079637050629,0,0,9.45978164672852
"2020-10_south-west_stereo-BRUVs","IO262","BRUV",0.00146077328827232,0.380028188228607,1,-0.25,27.3518257141113
"2020-10_south-west_stereo-BRUVs","IO263","BRUV",0.00211719539947808,2.26624608039856,1,0.625,26.8623104095459
"2020-10_south-west_stereo-BRUVs","IO264","BRUV",0.00070578174199909,0.875404596328735,1,0.125,28.4809970855713
"2020-10_south-west_stereo-BRUVs","IO266","BRUV",0.0147672044113278,4.30300712585449,11,0.125,28.8334846496582
"2020-10_south-west_stereo-BRUVs","IO267","BRUV",0.0131116146221757,1.255215883255,16,-11.25,11.6023120880127
"2020-10_south-west_stereo-BRUVs","IO269","BRUV",0.00302926125004888,4.24806833267212,2,-0.125,38.0300979614258
"2020-10_south-west_stereo-BRUVs","IO272","BRUV",0.00776290521025658,4.01693916320801,6,-0.5,36.5467796325684
"2020-10_south-west_stereo-BRUVs","IO273","BRUV",0.00423407787457108,4.01688146591187,4,0.5,40.2479209899902
"2020-10_south-west_stereo-BRUVs","IO275","BRUV",0.000706174701917917,5.4073166847229,1,-0.125,-7.55663919448853
"2020-10_south-west_stereo-BRUVs","IO276","BRUV",0.00070618704194203,4.01747608184814,1,-0.125,-5.77136659622192
"2020-10_south-west_stereo-BRUVs","IO277","BRUV",0.0016890357946977,4.44136571884155,1,-0.25,-7.3628830909729
"2020-10_south-west_stereo-BRUVs","IO278","BRUV",0.00146100483834743,0.380424678325653,1,0.25,-5.19319725036621
"2020-10_south-west_stereo-BRUVs","IO280","BRUV",0.000904369226191193,3.14159274101257,1,-0.125,-13.2968702316284
"2020-10_south-west_stereo-BRUVs","IO290","BRUV",0.00571587029844522,4.39041662216187,4,-0.125,-11.0566453933716
"2020-10_south-west_stereo-BRUVs","IO291","BRUV",0.0118623459711671,4.19394636154175,8,-1.875,-5.83119535446167
"2020-10_south-west_stereo-BRUVs","IO293","BRUV",0.0119311101734638,4.71238899230957,7,0.125,4.57728815078735
"2020-10_south-west_stereo-BRUVs","IO294","BRUV",0.017455980181694,4.34130764007568,10,0,0.80846107006073
"2020-10_south-west_stereo-BRUVs","IO295","BRUV",0.0105511397123337,4.49643993377686,6,-0.625,-5.67485666275024
"2020-10_south-west_stereo-BRUVs","IO297","BRUV",0.00824903324246407,4.54719209671021,4,0.25,-8.24992752075195
"2020-10_south-west_stereo-BRUVs","IO298","BRUV",0.000706063990946859,5.40744733810425,1,-0.125,-12.939624786377
"2020-10_south-west_stereo-BRUVs","IO299","BRUV",0,1.57079637050629,0,0,-13.1707983016968
"2020-10_south-west_stereo-BRUVs","IO3","BRUV",0.00382270175032318,4.59382247924805,2,0,34.4526443481445
"2020-10_south-west_stereo-BRUVs","IO300","BRUV",0.000706113176420331,4.01738882064819,1,-0.125,-12.0011119842529
"2020-10_south-west_stereo-BRUVs","IO302","BRUV",0.00423621200025082,4.01730155944824,4,0.5,-10.3524036407471
"2020-10_south-west_stereo-BRUVs","IO306","BRUV",0.00718075269833207,4.52233505249023,4,0.625,-11.2980670928955
"2020-10_south-west_stereo-BRUVs","IO307","BRUV",0.00403277343139052,4.36931800842285,3,0.5,-14.8054552078247
"2020-10_south-west_stereo-BRUVs","IO308","BRUV",0.00382426055148244,4.59387111663818,2,0.125,-14.6793823242188
"2020-10_south-west_stereo-BRUVs","IO310","BRUV",0.00721985893324018,5.31120681762695,5,0.25,33.7212333679199
"2020-10_south-west_stereo-BRUVs","IO311","BRUV",0.0152861326932907,4.59379482269287,9,-0.625,29.0169925689697
"2020-10_south-west_stereo-BRUVs","IO312","BRUV",0.00706241279840469,4.77645874023438,5,0.25,35.3608894348145
"2020-10_south-west_stereo-BRUVs","IO312","BRUV",0.00706241279840469,4.77645874023438,5,0.25,35.3608894348145
"2020-10_south-west_stereo-BRUVs","IO313","BRUV",0.0161259789019823,4.36923360824585,10,0,1.45121574401855
"2020-10_south-west_stereo-BRUVs","IO319","BRUV",0.00638013333082199,4.35015439987183,4,-0.375,-11.8116512298584
"2020-10_south-west_stereo-BRUVs","IO323","BRUV",0.00168764835689217,1.84204792976379,1,-0.25,1.62282240390778
"2020-10_south-west_stereo-BRUVs","IO324","BRUV",0.0018087369389832,6.28318548202515,1,0.375,-8.03495025634766
"2020-10_south-west_stereo-BRUVs","IO325","BRUV",0.0299603920429945,4.42163324356079,20,-0.375,20.1394920349121
"2020-10_south-west_stereo-BRUVs","IO326","BRUV",0.0038194814696908,4.83105564117432,2,-0.125,-11.5738010406494
"2020-10_south-west_stereo-BRUVs","IO327","BRUV",0.0237061399966478,0.787488222122192,21,0,27.3470687866211
"2020-10_south-west_stereo-BRUVs","IO328","BRUV",0.00371979014016688,5.22017669677734,4,-0.625,39.1187515258789
"2020-10_south-west_stereo-BRUVs","IO329","BRUV",0.00813879258930683,4.18876504898071,5,-0.625,-8.22633171081543
"2020-10_south-west_stereo-BRUVs","IO330","BRUV",0.0131406867876649,4.85046339035034,7,-1.625,-2.06236839294434
"2020-10_south-west_stereo-BRUVs","IO331","BRUV",0.0131217548623681,4.39706087112427,8,-0.375,-7.44368362426758
"2020-10_south-west_stereo-BRUVs","IO332","BRUV",0.0057175406254828,4.3905143737793,4,-0.125,-11.4272375106812
"2020-10_south-west_stereo-BRUVs","IO333","BRUV",0.00382437207736075,4.59387445449829,2,0.125,-14.9346256256104
"2020-10_south-west_stereo-BRUVs","IO334","BRUV",0.00549658248201013,4.54710626602173,4,0.75,35.1056480407715
"2020-10_south-west_stereo-BRUVs","IO335","BRUV",0.0054219956509769,4.71238899230957,4,0,36.4736137390137
"2020-10_south-west_stereo-BRUVs","IO336","BRUV",0.000706137798260897,4.01741790771484,1,-0.125,31.3944854736328
"2020-10_south-west_stereo-BRUVs","IO337","BRUV",0.00211715861223638,4.01692485809326,3,1.125,40.4416770935059
"2020-10_south-west_stereo-BRUVs","IO338","BRUV",0.00108319637365639,1.57079637050629,1,-0.875,8.33061122894287
"2020-10_south-west_stereo-BRUVs","IO339","BRUV",6.93889390390723e-18,1.57079637050629,0,0,25.9914817810059
"2020-10_south-west_stereo-BRUVs","IO34","BRUV",6.93889390390723e-18,4.71238899230957,0,0,31.2591171264648
"2020-10_south-west_stereo-BRUVs","IO343","BRUV",0.00235070404596627,4.31748247146606,1,-0.5,-7.06712484359741
"2020-10_south-west_stereo-BRUVs","IO344","BRUV",0.000904369226191193,3.14159274101257,1,0.25,-12.4260406494141
"2020-10_south-west_stereo-BRUVs","IO344","BRUV",0.000904369226191193,3.14159274101257,1,0.25,-12.4260406494141
"2020-10_south-west_stereo-BRUVs","IO349","BRUV",0.00211741589009762,0.875433564186096,1,-0.375,2.10923838615417
"2020-10_south-west_stereo-BRUVs","IO350","BRUV",0.00216779322363436,4.71238899230957,1,0.375,1.13330817222595
"2020-10_south-west_stereo-BRUVs","IO351","BRUV",0.00211752625182271,2.26611566543579,1,0.625,3.30299425125122
"2020-10_south-west_stereo-BRUVs","IO352","BRUV",1.38777878078145e-17,4.71238899230957,0,0,1.75199294090271
"2020-10_south-west_stereo-BRUVs","IO353","BRUV",0.00216849613934755,4.71238899230957,1,-0.375,35.9075965881348
"2020-10_south-west_stereo-BRUVs","IO354","BRUV",0.00168829516042024,4.44124412536621,1,-0.25,36.2305221557617
"2020-10_south-west_stereo-BRUVs","IO355","BRUV",0.00469901831820607,1.9659126996994,3,-0.375,14.1826133728027
"2020-10_south-west_stereo-BRUVs","IO356","BRUV",0.000706027145497501,0.875694572925568,1,-0.125,11.5296096801758
"2020-10_south-west_stereo-BRUVs","IO357","BRUV",0.00325398589484394,4.71238899230957,3,-0.375,12.2610197067261
"2020-10_south-west_stereo-BRUVs","IO36","BRUV",0.00470138201490045,4.31748247146606,3,0.375,-15.1524515151978
"2020-10_south-west_stereo-BRUVs","IO361","BRUV",0.0254970844835043,4.49797868728638,14,-0.625,15.7550792694092
"2020-10_south-west_stereo-BRUVs","IO363","BRUV",0.0101205753162503,4.44100046157837,5,2.625,37.9698066711426
"2020-10_south-west_stereo-BRUVs","IO364","BRUV",0.00421703001484275,3.68137431144714,3,-0.375,-12.4446306228638
"2020-10_south-west_stereo-BRUVs","IO365","BRUV",0.0212931297719479,4.97002553939819,14,-0.375,22.2584133148193
"2020-10_south-west_stereo-BRUVs","IO369","BRUV",0,1.57079637050629,0,0,4.59875249862671
"2020-10_south-west_stereo-BRUVs","IO37","BRUV",0.00403235061094165,4.36928081512451,3,-0.5,-17.0232810974121
"2020-10_south-west_stereo-BRUVs","IO370","BRUV",0.00211701169610023,4.01686668395996,1,0.375,-10.2046365737915
"2020-10_south-west_stereo-BRUVs","IO372","BRUV",0.000705720507539809,4.01692485809326,1,0.125,-9.26612281799316
"2020-10_south-west_stereo-BRUVs","IO374","BRUV",0.0265713911503553,4.76345252990723,14,1.5,30.330150604248
"2020-10_south-west_stereo-BRUVs","IO377","BRUV",0.00980951450765133,4.62006759643555,5,0.625,-10.1310062408447
"2020-10_south-west_stereo-BRUVs","IO378","BRUV",0.00146072602365166,0.379947066307068,1,0.5,-8.22870635986328
"2020-10_south-west_stereo-BRUVs","IO379","BRUV",0.00168861902784556,4.44129705429077,1,-0.25,-14.4665565490723
"2020-10_south-west_stereo-BRUVs","IO4","BRUV",0.00740423984825611,5.02269458770752,4,0.25,32.5203285217285
"2020-10_south-west_stereo-BRUVs","IO40","BRUV",0.00470138201490045,4.31748247146606,3,0.375,-15.7921075820923
"2020-10_south-west_stereo-BRUVs","IO46","BRUV",0.00511631928384304,5.27132034301758,4,0.125,-12.0161294937134
"2020-10_south-west_stereo-BRUVs","IO47","BRUV",0.00421775225549936,3.68166017532349,3,-0.375,-12.1453008651733
"2020-10_south-west_stereo-BRUVs","IO49","BRUV",0.00571541488170624,5.03438806533813,4,0.25,-11.8495416641235
"2020-10_south-west_stereo-BRUVs","IO5","BRUV",0.0119311101734638,4.71238899230957,6,-0.5,28.8160858154297
"2020-10_south-west_stereo-BRUVs","IO58","BRUV",0.0145643334835768,4.46140050888062,9,-0.5,3.72337770462036
"2020-10_south-west_stereo-BRUVs","IO59","BRUV",0.0146584389731288,4.68153810501099,7,-0.5,-6.10693597793579
"2020-10_south-west_stereo-BRUVs","IO62","BRUV",0.0154712907969952,4.38510227203369,9,-0.875,-4.30069208145142
"2020-10_south-west_stereo-BRUVs","IO64","BRUV",0.00216747401282191,1.57079637050629,1,0.375,20.2302799224854
"2020-10_south-west_stereo-BRUVs","IO65","BRUV",0.000705744954757392,2.26623153686523,1,0.125,23.2062091827393
"2020-10_south-west_stereo-BRUVs","IO66","BRUV",3.46944695195361e-18,4.71238899230957,0,0,25.3758945465088
"2020-10_south-west_stereo-BRUVs","IO71","BRUV",0.00433441717177629,4.71238899230957,2,0,-10.2944889068604
"2020-10_south-west_stereo-BRUVs","IO72","BRUV",0.00216804863885045,4.71238899230957,1,-0.375,34.414981842041
"2020-10_south-west_stereo-BRUVs","IO73","BRUV",6.93889390390723e-18,4.71238899230957,0,0,32.820369720459
"2020-10_south-west_stereo-BRUVs","IO74","BRUV",0.00168760225642473,4.9836483001709,1,0.25,33.8608818054199
"2020-10_south-west_stereo-BRUVs","IO75","BRUV",0.00216798484325409,4.71238899230957,1,-0.375,33.3098831176758
"2020-10_south-west_stereo-BRUVs","IO80","BRUV",0.00216952036134899,1.57079637050629,1,-0.375,25.3375244140625
"2020-10_south-west_stereo-BRUVs","IO81","BRUV",0.00168889679480344,1.29975020885468,1,-0.25,24.7865238189697
"2020-10_south-west_stereo-BRUVs","IO91","BRUV",3.46944695195361e-18,1.57079637050629,0,0,23.977180480957
"2020-10_south-west_stereo-BRUVs","IO92","BRUV",0.000706174701917917,0.875868856906891,1,0.125,27.1468658447266
"2020-10_south-west_stereo-BRUVs","IO95","BRUV",0.00638227676972747,4.35028171539307,4,-0.625,-15.652214050293
"2020-10_south-west_stereo-BRUVs","IO96","BRUV",0.00571997463703156,4.39065599441528,3,0.5,-16.0740451812744
"2020-10_south-west_stereo-BRUVs","IO98","BRUV",0.00565071823075414,4.01766490936279,4,0,-16.7782859802246
"2020-10_south-west_stereo-BRUVs","IOC04","BRUV",0.0118204420432448,4.98346567153931,7,-1,-5.70202493667603
"2020-10_south-west_stereo-BRUVs","IOC05","BRUV",0.00216849613934755,1.57079637050629,2,0,20.5834712982178
"2020-10_south-west_stereo-BRUVs","IO215","BRUV",0.00282410159707069,5.40749073028564,3,-0.375,10.4890937805176
"2020-10_south-west_stereo-BRUVs","IOCP11-1","BRUV",0.0076379650272429,4.59370851516724,4,0.375,-9.87265777587891
"2020-10_south-west_stereo-BRUVs","IOCP11-2","BRUV",0.00721493037417531,4.11310482025146,5,0.25,-10.7091684341431
"2020-10_south-west_stereo-BRUVs","IOCP2311","BRUV",1.38777878078145e-17,4.71238899230957,0,0,0.619724094867706
"2020-10_south-west_stereo-BRUVs","IOREDO344","BRUV",0.000904369226191193,3.14159274101257,1,0.25,-12.4260406494141
"2020-10_south-west_stereo-BRUVs","IOREDO344","BRUV",0.000904369226191193,3.14159274101257,1,0.25,-12.4260406494141
"2020-10_south-west_BOSS","OMR1","BOSS",0.0136065101251006,4.61253023147583,8,-0.125,14.0634489059448
"2020-10_south-west_BOSS","OMR2","BOSS",0.0109811872243881,4.54692935943604,6,-0.25,9.42379188537598
"2020-10_south-west_BOSS","OMR3","BOSS",0.0109811872243881,4.54692935943604,6,-0.25,9.42379188537598
"2020-10_south-west_BOSS","OMR4","BOSS",0.0109811872243881,4.54692935943604,6,-0.25,9.42379188537598
"2020-10_south-west_BOSS","216","BOSS",0.00168820272665471,1.841956615448,1,0.25,12.0160255432129
"2020-10_south-west_BOSS","235","BOSS",0.0040316111408174,5.05556297302246,2,-0.25,12.3496742248535
"2020-10_south-west_BOSS","217","BOSS",0.00443088449537754,1.36524748802185,2,-0.875,12.8253679275513
"2020-10_south-west_BOSS","215","BOSS",0.000904369226191193,6.28318548202515,1,0.125,11.4650239944458
"2020-10_south-west_BOSS","356","BOSS",0.00282410159707069,5.40749073028564,3,-0.375,10.4890937805176
"2020-10_south-west_BOSS","278","BOSS",0.00211719539947808,2.26624608039856,1,0.625,26.8623104095459
"2020-10_south-west_BOSS","278","BOSS",0.00211719539947808,2.26624608039856,1,0.625,26.8623104095459
"2020-10_south-west_BOSS","40","BOSS",0.00146100483834743,0.380424678325653,1,0.25,-5.19319725036621
"2020-10_south-west_BOSS","36","BOSS",0.00470138201490045,4.31748247146606,3,0.375,-15.7921075820923
"2020-10_south-west_BOSS","37","BOSS",0.00470138201490045,4.31748247146606,3,0.375,-15.1524515151978
"2020-10_south-west_BOSS","308","BOSS",0.00403235061094165,4.36928081512451,3,-0.5,-17.0232810974121
"2020-10_south-west_BOSS","333","BOSS",0.00382426055148244,4.59387111663818,2,0.125,-14.6793823242188
"2020-10_south-west_BOSS","307","BOSS",0.0065100179053843,4.71238899230957,3,0.375,-15.2544536590576
"2020-10_south-west_BOSS","95","BOSS",0.00403277343139052,4.36931800842285,3,0.5,-14.8054552078247
"2020-10_south-west_BOSS","98","BOSS",0.00638227676972747,4.35028171539307,4,-0.625,-15.652214050293
"2020-10_south-west_BOSS","110","BOSS",0.00565071823075414,4.01766490936279,4,0,-16.7782859802246
"2020-10_south-west_BOSS","96","BOSS",0.00434145797044039,4.71238899230957,2,0,-17.9043598175049
"2020-10_south-west_BOSS","377","BOSS",0.00571997463703156,4.39065599441528,3,0.5,-16.0740451812744
"2020-10_south-west_BOSS","59","BOSS",0.00980951450765133,4.62006759643555,5,0.625,-10.1310062408447
"2020-10_south-west_BOSS","58","BOSS",0.0146584389731288,4.68153810501099,7,-0.5,-6.10693597793579
"2020-10_south-west_BOSS","62","BOSS",0.0145643334835768,4.46140050888062,9,-0.5,3.72337770462036
"2020-10_south-west_BOSS","297","BOSS",0.0154712907969952,4.38510227203369,9,-0.875,-4.30069208145142
"2020-10_south-west_BOSS","295","BOSS",0.00824903324246407,4.54719209671021,4,0.25,-8.24992752075195
"2020-10_south-west_BOSS","331","BOSS",0.0105511397123337,4.49643993377686,6,-0.625,-5.67485666275024
"2020-10_south-west_BOSS","313","BOSS",0.0131217548623681,4.39706087112427,8,-0.375,-7.44368362426758
"2020-10_south-west_BOSS","284","BOSS",NA,NA,NA,NA,-52.9508094787598
"2020-10_south-west_BOSS","321","BOSS",NA,NA,NA,NA,-60.1445655822754
"2020-10_south-west_BOSS","358","BOSS",NA,NA,NA,NA,-73.5561447143555
"2020-10_south-west_BOSS","360","BOSS",0.0549016855657101,4.54707717895508,34,-2.75,-48.661247253418
"2020-10_south-west_BOSS","248","BOSS",0.0596759170293808,4.18059682846069,41,-0.375,-62.3654899597168
"2020-10_south-west_BOSS","135","BOSS",0.00758803682401776,4.71238899230957,5,0.375,7.67955303192139
"2020-10_south-west_BOSS","247","BOSS",0.0337375998497009,4.91473531723022,18,4.625,2.97531127929688
"2020-10_south-west_BOSS","136","BOSS",0.052055336534977,4.76448535919189,26,-1.125,-21.6643447875977
"2020-10_south-west_BOSS","76","BOSS",0.045460257679224,4.86204624176025,25,0.75,-22.7935161590576
"2020-10_south-west_BOSS","78","BOSS",NA,NA,37,NA,-60.2019996643066
"2020-10_south-west_BOSS","63","BOSS",0.0415153503417969,4.58138561248779,27,4.5,-45.3957557678223
"2020-10_south-west_BOSS","77","BOSS",0.0511777140200138,4.60625553131104,30,-1,-33.8852691650391
"2020-10_south-west_BOSS","49","BOSS",1.38777878078145e-17,1.57079637050629,0,0,11.4815015792847
"2020-10_south-west_BOSS","47","BOSS",0.00571541488170624,5.03438806533813,4,0.25,-11.8495416641235
"2020-10_south-west_BOSS","46","BOSS",0.00421775225549936,3.68166017532349,3,-0.375,-12.1453008651733
"2020-10_south-west_BOSS","290","BOSS",0.00511631928384304,5.27132034301758,4,0.125,-12.0161294937134
"2020-10_south-west_BOSS","302","BOSS",0.00571587029844522,4.39041662216187,4,-0.125,-11.0566453933716
"2020-10_south-west_BOSS","329","BOSS",0.00423621200025082,4.01730155944824,4,0.5,-10.3524036407471
"2020-10_south-west_BOSS","117","BOSS",0.00813879258930683,4.18876504898071,5,-0.625,-8.22633171081543
"2020-10_south-west_BOSS","113","BOSS",0.0107556525617838,4.27850341796875,7,-0.375,-4.62719058990479
"2020-10_south-west_BOSS","115","BOSS",0.0103105353191495,4.75625801086426,5,-0.5,-3.75636100769043
"2020-10_south-west_BOSS","4","BOSS",0.00872597191482782,4.34118795394897,5,-0.125,-4.2053599357605
"2020-10_south-west_BOSS","5","BOSS",0.00740423984825611,5.02269458770752,4,0.25,32.5203285217285
"2020-10_south-west_BOSS","1","BOSS",0.0119311101734638,4.71238899230957,6,-0.5,28.8160858154297
"2020-10_south-west_BOSS","3","BOSS",0.00382270175032318,4.59382247924805,2,0,34.4526443481445
"2020-10_south-west_BOSS","335","BOSS",0.0054219956509769,4.71238899230957,4,0,36.4736137390137
"2020-10_south-west_BOSS","206","BOSS",0.00886134430766106,4.50683403015137,5,-0.875,35.0892028808594
"2020-10_south-west_BOSS","204","BOSS",0.00506484694778919,4.98353385925293,3,0.125,34.5141296386719
"2020-10_south-west_BOSS","207","BOSS",0.00416745292022824,3.8498101234436,3,-0.5,34.3849601745605
"2020-10_south-west_BOSS","312","BOSS",0.00706241279840469,4.77645874023438,5,0.25,35.3608894348145
"2020-10_south-west_BOSS","312","BOSS",0.00706241279840469,4.77645874023438,5,0.25,35.3608894348145
"2020-10_south-west_BOSS","334","BOSS",0.00549658248201013,4.54710626602173,4,0.75,35.1056480407715
"2020-10_south-west_BOSS","310","BOSS",0.00721985893324018,5.31120681762695,5,0.25,33.7212333679199
"2020-10_south-west_BOSS","311","BOSS",0.0152861326932907,4.59379482269287,9,-0.625,29.0169925689697
"2020-10_south-west_BOSS","327","BOSS",0.0237061399966478,0.787488222122192,21,0,27.3470687866211
"2020-10_south-west_BOSS","267","BOSS",0.0131116146221757,1.255215883255,16,-11.25,11.6023120880127
"2020-10_south-west_BOSS","365","BOSS",0.0212931297719479,4.97002553939819,14,-0.375,22.2584133148193
"2020-10_south-west_BOSS","266","BOSS",0.0147672044113278,4.30300712585449,11,0.125,28.8334846496582
"2020-10_south-west_BOSS","325","BOSS",0.0299603920429945,4.42163324356079,20,-0.375,20.1394920349121
"2020-10_south-west_BOSS","361","BOSS",0.0254970844835043,4.49797868728638,14,-0.625,15.7550792694092
"2020-10_south-west_BOSS","374","BOSS",0.0265713911503553,4.76345252990723,14,1.5,30.330150604248
"2020-10_south-west_BOSS","363","BOSS",0.0101205753162503,4.44100046157837,5,2.625,37.9698066711426
"2020-10_south-west_BOSS","227","BOSS",0.00337408808991313,4.44103860855103,2,0,39.4505004882812
"2020-10_south-west_BOSS","229","BOSS",0.00216696364805102,4.71238899230957,1,0.375,39.6411552429199
"2020-10_south-west_BOSS","241","BOSS",0.00381903816014528,4.8310694694519,2,0.125,39.2808113098145
"2020-10_south-west_BOSS","228","BOSS",0.000705708225723356,5.40786743164062,1,0.125,39.8589820861816
"2020-10_south-west_BOSS","278REDO","BOSS",0.00211719539947808,2.26624608039856,1,0.625,26.8623104095459
"2020-10_south-west_BOSS","278REDO","BOSS",0.00211719539947808,2.26624608039856,1,0.625,26.8623104095459
"2020-10_south-west_BOSS","277","BOSS",0.0016890357946977,4.44136571884155,1,-0.25,-7.3628830909729
"2020-10_south-west_BOSS","343","BOSS",0.00235070404596627,4.31748247146606,1,-0.5,-7.06712484359741
"2020-10_south-west_BOSS","276","BOSS",0.00070618704194203,4.01747608184814,1,-0.125,-5.77136659622192
"2020-10_south-west_BOSS","275","BOSS",0.000706174701917917,5.4073166847229,1,-0.125,-7.55663919448853
"2020-10_south-west_BOSS","372","BOSS",0.000705720507539809,4.01692485809326,1,0.125,-9.26612281799316
"2020-10_south-west_BOSS","324","BOSS",0.00141136685851961,0.875288724899292,1,-0.375,-9.77970695495605
"2020-10_south-west_BOSS","378","BOSS",0.00146072602365166,0.379947066307068,1,0.5,-8.22870635986328
"2020-10_south-west_BOSS","370","BOSS",0.00211701169610023,4.01686668395996,1,0.375,-10.2046365737915
"2020-10_south-west_BOSS","191","BOSS",0.0032506303396076,4.71238899230957,2,0.25,-12.9417695999146
"2020-10_south-west_BOSS","194","BOSS",0.00234816665761173,5.10774612426758,1,0.5,-12.9658393859863
"2020-10_south-west_BOSS","189","BOSS",0.00141126895323396,5.40795469284058,2,-0.75,-16.159595489502
"2020-10_south-west_BOSS","192","BOSS",0.00489613180980086,4.61990261077881,3,0.125,-15.5845241546631
"2020-10_south-west_BOSS","326","BOSS",0.0038194814696908,4.83105564117432,2,-0.125,-11.5738010406494
"2020-10_south-west_BOSS","364","BOSS",0.00421703001484275,3.68137431144714,3,-0.375,-12.4446306228638
"2020-10_south-west_BOSS","252","BOSS",0.00564580271020532,4.01693916320801,4,0,-11.8049745559692
"2020-10_south-west_BOSS","250","BOSS",0.00433492753654718,4.71238899230957,2,0,-12.6758041381836
"2020-10_south-west_BOSS","254","BOSS",0.00506221456453204,4.98367881774902,3,0.25,-11.2268047332764
"2020-10_south-west_BOSS","253","BOSS",0.00581392599269748,5.28809452056885,4,-0.125,-10.3964910507202
"2020-10_south-west_BOSS","251","BOSS",0.00489756045863032,4.61992931365967,3,-1.375,-13.1007328033447
"2020-10_south-west_BOSS","71","BOSS",0.00433441717177629,4.71238899230957,2,0,-10.2944889068604
"2020-10_south-west_BOSS","180","BOSS",0.00506096985191107,4.44103097915649,3,0.25,-7.84858798980713
"2020-10_south-west_BOSS","CP11-1","BOSS",0.0076379650272429,4.59370851516724,4,0.375,-9.87265777587891
"2020-10_south-west_BOSS","181","BOSS",0.00637323129922152,5.07503366470337,4,0.375,-9.68200016021729
"2020-10_south-west_BOSS","CP11-2","BOSS",0.00721493037417531,4.11310482025146,5,0.25,-10.7091684341431
"2020-10_south-west_BOSS","J11","BOSS",0.000706273247487843,2.26560759544373,1,0.25,14.4609718322754
"2020-10_south-west_BOSS","J12","BOSS",0.0137446541339159,2.1642735004425,8,1.25,21.4235553741455
"2020-10_south-west_BOSS","J9","BOSS",0.0042184772901237,0.540354073047638,3,-1.375,16.5014877319336
"2020-10_south-west_BOSS","J10","BOSS",0.000706260907463729,2.26562213897705,1,-0.25,15.7567300796509
"2020-10_south-west_BOSS","J1","BOSS",0.0230063013732433,1.31246495246887,14,1.25,16.6787967681885
"2020-10_south-west_BOSS","J2","BOSS",0.0176542047411203,0.5140380859375,11,-1.25,16.2943840026855
"2020-10_south-west_BOSS","J3","BOSS",0.0178407672792673,6.13054513931274,12,0.375,18.9745559692383
"2020-10_south-west_BOSS","J4","BOSS",0.00814312137663364,1.04747939109802,5,-0.5,16.2703132629395
"2020-10_south-west_BOSS","J8","BOSS",0.00452181650325656,3.14159274101257,3,0,20.1201725006104
"2020-10_south-west_BOSS","J6","BOSS",0.000706347171217203,0.876072406768799,1,-0.125,19.2493419647217
"2020-10_south-west_BOSS","J5","BOSS",0.00651136552914977,4.71238899230957,3,-1.125,17.8244132995605
"2020-10_south-west_BOSS","J7","BOSS",0.000706347171217203,0.876072406768799,1,-0.125,19.2493419647217
"2020-10_south-west_BOSS","J17","BOSS",0.00718320906162262,4.52240037918091,4,0.875,22.4640693664551
"2020-10_south-west_BOSS","J14","BOSS",0.0085740964859724,5.82426643371582,8,4.25,25.0391407012939
"2020-10_south-west_BOSS","J16","BOSS",0.00217035412788391,4.71238899230957,1,-0.375,20.4159297943115
"2020-10_south-west_BOSS","J15","BOSS",0.00486665079370141,3.8743782043457,4,1.25,22.0555858612061
"2020-10_south-west_BOSS","J13","BOSS",0.0230063013732433,1.31246495246887,14,1.25,16.6787967681885
"2020-10_south-west_BOSS","J18","BOSS",0.00973196048289537,5.622971534729,9,1.5,22.7193126678467
"2020-10_south-west_BOSS","J24","BOSS",0.00141254579648376,4.01757764816284,2,0,36.9876708984375
"2020-10_south-west_BOSS","J26","BOSS",0.00217022560536861,4.71238899230957,1,-0.375,36.3720855712891
"2020-10_south-west_BOSS","J25","BOSS",0.00235099997371435,4.31753492355347,1,0.5,37.2429161071777
"2020-10_south-west_BOSS","J32","BOSS",3.46944695195361e-18,4.71238899230957,0,0,32.7881927490234
"2020-10_south-west_BOSS","J30","BOSS",0.00210919859819114,3.68190765380859,1,-0.5,32.9516830444336
"2020-10_south-west_BOSS","J28","BOSS",0.00235094083473086,5.10725355148315,1,-0.5,34.0567855834961
"2020-10_south-west_BOSS","J29","BOSS",0.00146100483834743,3.52201724052429,1,-0.25,33.6318550109863
"2020-10_south-west_BOSS","J31","BOSS",0.00146101671271026,5.90274047851562,1,-0.25,32.4006805419922
"2020-10_south-west_BOSS","J27","BOSS",0.00168931379448622,4.44141149520874,1,-0.25,36.0117416381836
"2021-03_West-Coast_BOSS","148","BOSS",0.00108421745244414,4.71238899230957,2,0,9.7171688079834
"2021-03_West-Coast_BOSS","2","BOSS",0.00274831196293235,4.87767171859741,2,0,9.97550964355469
"2021-03_West-Coast_BOSS","99","BOSS",0.000705965736415237,0.875622034072876,1,0.125,11.8868551254272
"2021-03_West-Coast_BOSS","127","BOSS",0.00443025818094611,1.77637469768524,3,-0.375,15.8627853393555
"2021-03_West-Coast_BOSS","43","BOSS",0.00372171518392861,2.07829618453979,3,0.5,16.7981986999512
"2021-03_West-Coast_BOSS","110","BOSS",0.00210880348458886,2.60159015655518,2,-0.125,17.4783706665039
"2021-03_West-Coast_BOSS","139","BOSS",0.0018087369389832,6.28318548202515,1,-0.375,20.7772274017334
"2021-03_West-Coast_BOSS","133","BOSS",0.00337695074267685,1.29968166351318,2,0,16.7638816833496
"2021-03_West-Coast_BOSS","52","BOSS",0.00303197512403131,1.10692393779755,2,0.625,17.2774639129639
"2021-03_West-Coast_BOSS","91","BOSS",0.00657005608081818,4.57430219650269,3,0.5,13.1318483352661
"2021-03_West-Coast_BOSS","47","BOSS",0.00274902232922614,4.87762880325317,2,-0.625,11.8766059875488
"2021-03_West-Coast_BOSS","16","BOSS",0.00141220109071583,5.40740346908569,2,0,12.5567779541016
"2021-03_West-Coast_BOSS","38","BOSS",0.00282454420812428,0.87582528591156,2,0.5,16.7910480499268
"2021-03_West-Coast_BOSS","71","BOSS",0.00108472944702953,4.71238899230957,1,-0.125,18.831563949585
"2021-03_West-Coast_BOSS","14","BOSS",6.93889390390723e-18,4.71238899230957,0,0,17.6649761199951
"2021-03_West-Coast_BOSS","150","BOSS",0,1.57079637050629,0,0,17.0493907928467
"2021-03_West-Coast_BOSS","92","BOSS",0.00216971267946064,1.57079637050629,1,0.375,16.3692188262939
"2021-03_West-Coast_BOSS","28","BOSS",0.00347393867559731,2.46703934669495,3,-0.5,12.9442892074585
"2021-03_West-Coast_BOSS","124","BOSS",0.00274957530200481,4.8775954246521,3,0.25,12.648530960083
"2021-03_West-Coast_BOSS","53","BOSS",0.00235070404596627,1.96570301055908,1,0.5,16.4338035583496
"2021-03_West-Coast_BOSS","6","BOSS",0.00278569781221449,2.51770997047424,2,-0.25,15.4983892440796
"2021-03_West-Coast_BOSS","149","BOSS",0.0027857820969075,3.76551747322083,2,-0.125,12.2912855148315
"2021-03_West-Coast_BOSS","32","BOSS",3.46944695195361e-18,1.57079637050629,1,1,16.0119724273682
"2021-03_West-Coast_BOSS","116","BOSS",0.000706248567439616,5.40722942352295,1,-0.25,15.6921443939209
"2021-03_West-Coast_BOSS","69","BOSS",0.0021092479582876,5.74283123016357,2,-0.375,18.8618316650391
"2021-03_West-Coast_BOSS","138","BOSS",0.0021092479582876,5.74283123016357,2,-0.375,18.8618316650391
"2021-03_West-Coast_BOSS","76","BOSS",0.009300178848207,0.235518038272858,6,0.375,19.5660724639893
"2021-03_West-Coast_BOSS","144","BOSS",0.00903438497334719,0.721596002578735,6,0.25,17.8859004974365
"2021-03_West-Coast_BOSS","5","BOSS",0.0176542047411203,0.5140380859375,11,-1.25,16.2943840026855
"2021-03_West-Coast_BOSS","107","BOSS",0.00146105838939548,5.90266895294189,1,0.25,11.7674522399902
"2021-03_West-Coast_BOSS","37","BOSS",0.0185354575514793,1.66852331161499,14,0.375,16.7433834075928
"2021-03_West-Coast_BOSS","102","BOSS",0.00697526708245277,3.37713742256165,6,1,23.1037273406982
"2021-03_West-Coast_BOSS","57","BOSS",0.0027131016831845,3.14159274101257,5,0.25,21.8484840393066
"2021-03_West-Coast_BOSS","24","BOSS",0.0027131016831845,3.14159274101257,5,0.25,21.8484840393066
"2021-03_West-Coast_BOSS","70","BOSS",0.00718320906162262,4.52240037918091,4,0.875,22.4640693664551
"2021-03_West-Coast_BOSS","62","BOSS",0.00993264000862837,4.89550495147705,7,0.25,20.0796566009521
"2021-03_West-Coast_BOSS","104","BOSS",0.00141261972021312,0.876028776168823,7,-0.75,19.0150718688965
"2021-03_West-Coast_BOSS","30","BOSS",0.00680433353409171,3.22141790390015,5,0.625,21.375415802002
"2021-03_West-Coast_BOSS","95","BOSS",0.00571921374648809,5.03416633605957,3,0,20.6711730957031
"2021-03_West-Coast_BOSS","106","BOSS",0.00168949936050922,4.98333597183228,1,-0.25,30.3873348236084
"2021-03_West-Coast_BOSS","39","BOSS",0.00235135550610721,5.10718011856079,1,0.5,30.7071628570557
"2021-03_West-Coast_BOSS","140","BOSS",3.46944695195361e-18,4.71238899230957,0,0,28.9593067169189
"2021-03_West-Coast_BOSS","10","BOSS",0.000706223945599049,2.26566576957703,1,0.125,27.4052085876465
"2021-03_West-Coast_BOSS","147","BOSS",0.0018087369389832,3.14159274101257,1,-0.375,23.9125957489014
"2021-03_West-Coast_BOSS","23","BOSS",6.93889390390723e-18,4.71238899230957,0,0,22.3584957122803
"2021-03_West-Coast_BOSS","Old Point","BOSS",0.00210880348458886,0.540002465248108,1,0.5,31.6809482574463
"2021-03_West-Coast_BOSS","41","BOSS",0.00168815650977194,1.29962837696075,1,-0.25,28.8341884613037
"2021-03_West-Coast_BOSS","33","BOSS",3.46944695195361e-18,4.71238899230957,0,0,31.5820446014404
"2021-03_West-Coast_BOSS","86","BOSS",0.00141212728340179,4.01733064651489,2,0,32.6871452331543
"2021-03_West-Coast_BOSS","56","BOSS",0.00210898439399898,3.68173837661743,1,0.5,31.0310440063477
"2021-03_West-Coast_BOSS","65","BOSS",3.46944695195361e-18,1.57079637050629,0,0,27.3749408721924
"2021-03_West-Coast_BOSS","137","BOSS",3.46944695195361e-18,4.71238899230957,0,0,29.5446281433105
"2021-03_West-Coast_BOSS","48","BOSS",3.46944695195361e-18,4.71238899230957,0,0,28.2488689422607
"2021-03_West-Coast_BOSS","67","BOSS",0.0018087369389832,3.14159274101257,1,0.375,30.2893848419189
"2021-03_West-Coast_BOSS","126","BOSS",0.00146095722448081,3.52193593978882,1,-0.25,30.7143135070801
"2021-03_West-Coast_BOSS","44","BOSS",3.46944695195361e-18,1.57079637050629,0,0,33.499584197998
"2021-03_West-Coast_BOSS","35","BOSS",0.00216958438977599,4.71238899230957,1,0.375,35.6046867370605
"2021-03_West-Coast_BOSS","100","BOSS",0.00216958438977599,4.71238899230957,1,0.375,35.965030670166
"2021-03_West-Coast_BOSS","7","BOSS",0.0018087369389832,3.14159274101257,1,0.375,34.9891014099121
"2021-03_West-Coast_BOSS","108","BOSS",0.00235064490698278,4.31747198104858,2,0.125,35.4140281677246
"2021-03_West-Coast_BOSS","26","BOSS",0.00235064490698278,4.31747198104858,2,0.125,35.7743721008301
"2021-03_West-Coast_BOSS","125","BOSS",0.00168898946139961,4.44135808944702,1,-0.25,35.1587867736816
"2021-03_West-Coast_BOSS","98","BOSS",0,1.57079637050629,0,0,33.6964416503906
"2021-03_West-Coast_BOSS","1","BOSS",0.00282533233985305,4.01765060424805,2,0.25,33.8287086486816
"2021-03_West-Coast_BOSS","83","BOSS",0.00217054667882621,4.71238899230957,1,-0.375,34.9743270874023
"2021-03_West-Coast_BOSS","88","BOSS",0.00235147401690483,4.31761884689331,1,0.5,36.439769744873
"2021-03_West-Coast_BOSS","36","BOSS",0.00282533233985305,4.01765060424805,2,-0.25,36.6709442138672
"2021-03_West-Coast_BOSS","130","BOSS",0.00217022560536861,4.71238899230957,1,-0.375,36.3720855712891
"2021-03_West-Coast_BOSS","46","BOSS",0.00168926746118814,4.44140386581421,1,0.25,36.6273307800293
"2021-03_West-Coast_BOSS","93","BOSS",0.00235105934552848,4.31754541397095,2,-0.125,35.2264709472656
"2021-03_West-Coast_BOSS","78","BOSS",0.00235105934552848,4.31754541397095,1,0.5,35.9066429138184
"2021-03_West-Coast_BOSS","50","BOSS",0.00168917479459196,4.44138860702515,1,0.25,35.7774696350098
"2021-03_West-Coast_BOSS","80","BOSS",0.00235070404596627,4.31748247146606,1,0.5,37.239818572998
"2021-03_West-Coast_BOSS","114","BOSS",0.0023505266290158,4.31745100021362,1,-0.5,36.3658905029297
"2021-03_West-Coast_BOSS","64","BOSS",0.00216952036134899,4.71238899230957,1,-0.375,35.9409599304199
"2021-03_West-Coast_BOSS","136","BOSS",0.00216939230449498,4.71238899230957,1,0.375,37.1721343994141
"2021-03_West-Coast_BOSS","97","BOSS",0.00216932827606797,4.71238899230957,1,0.375,36.0670318603516
"2021-03_West-Coast_BOSS","121","BOSS",6.93889390390723e-18,4.71238899230957,0,0,34.6015892028809
"2021-03_West-Coast_BOSS","3","BOSS",0.00216913619078696,4.71238899230957,1,0.375,35.152587890625
"2021-03_West-Coast_BOSS","73","BOSS",0.00216920021921396,4.71238899230957,1,-0.375,34.897346496582
"2021-03_West-Coast_BOSS","118","BOSS",0.00168838771060109,4.98351907730103,1,0.25,37.7605514526367
"2021-03_West-Coast_BOSS","128","BOSS",0.00216888007707894,4.71238899230957,1,-0.375,37.3761367797852
"2021-03_West-Coast_BOSS","60","BOSS",0.00234981742687523,5.10745286941528,1,0.5,37.9917259216309
"2021-03_West-Coast_BOSS","134","BOSS",3.46944695195361e-18,1.57079637050629,0,0,34.4047355651855
"2021-03_West-Coast_BOSS","120","BOSS",0.000705990300048143,4.0172438621521,1,-0.125,32.9798049926758
"2021-03_West-Coast_BOSS","8","BOSS",0.00216856016777456,4.71238899230957,1,-0.375,34.5713233947754
"2021-03_West-Coast_BOSS","68","BOSS",0.000705941172782332,5.40759229660034,1,-0.125,33.4016342163086
"2021-03_West-Coast_BOSS","117","BOSS",0.0116327656432986,4.13697957992554,8,0.125,13.0606060028076
"2021-03_West-Coast_BOSS","17","BOSS",0.0135066630318761,4.44126653671265,8,0.25,7.86994791030884
"2021-03_West-Coast_BOSS","40","BOSS",0.0156076811254025,4.47850608825684,9,0.125,3.6792905330658
"2021-03_West-Coast_BOSS","72","BOSS",0.0132923340424895,4.50684595108032,8,0.125,-0.538535296916962
"2021-03_West-Coast_BOSS","109","BOSS",0.00847300980240107,4.01737451553345,6,-0.25,-7.79067993164062
"2021-03_West-Coast_BOSS","145","BOSS",0.00433876411989331,4.71238899230957,2,0,-10.940821647644
"2021-03_West-Coast_BOSS","S1","BOSS",0.000706199323758483,4.01749038696289,1,-0.125,-6.38695287704468
"2021-03_West-Coast_BOSS","S2","BOSS",0.00235070404596627,4.31748247146606,1,-0.5,-7.06712484359741
"2021-03_West-Coast_BOSS","S3","BOSS",0.00235070404596627,4.31748247146606,1,-0.5,-7.06712484359741
"2021-03_West-Coast_BOSS","90","BOSS",0.00780627876520157,4.47856569290161,4,0.125,-12.6178951263428
"2021-03_West-Coast_BOSS","22","BOSS",0.00549926701933146,4.54718732833862,3,0.375,-9.95416927337646
"2021-03_West-Coast_BOSS","77","BOSS",0.0131217548623681,4.39706087112427,8,-0.375,-7.44368362426758
"2021-03_West-Coast_BOSS","82","BOSS",0.0167904775589705,4.35474252700806,11,0.625,4.77104377746582
"2021-03_West-Coast_BOSS","49","BOSS",0.0174504518508911,4.60856294631958,9,0.125,3.28462791442871
"2021-03_West-Coast_BOSS","141","BOSS",0.0135133303701878,4.98337411880493,8,0,-3.32786011695862
"2021-03_West-Coast_BOSS","11","BOSS",0.0169679429382086,4.84602022171021,11,-1,11.2066955566406
"2021-03_West-Coast_BOSS","146","BOSS",0.00814203824847937,4.18899536132812,6,0.25,32.9319076538086
"2021-03_West-Coast_BOSS","18","BOSS",0.0107817277312279,4.41443157196045,7,0.375,31.6120796203613
"2021-03_West-Coast_BOSS","42","BOSS",0.0196096692234278,4.8047456741333,11,-0.875,25.9078388214111
"2021-03_West-Coast_BOSS","84","BOSS",0.0255862399935722,4.40730333328247,16,0,22.5234260559082
"2021-03_West-Coast_BOSS","20","BOSS",0.016496617347002,4.40613317489624,10,2.375,34.0984954833984
"2021-03_West-Coast_BOSS","55","BOSS",0.0236408207565546,4.44135046005249,14,1.5,25.4588394165039
"2021-03_West-Coast_BOSS","115","BOSS",0.0190311223268509,4.64105606079102,11,0.875,15.8191833496094
"2021-03_West-Coast_BOSS","96","BOSS",0.0293479580432177,4.4314489364624,18,-1.75,20.074426651001
"2021-03_West-Coast_BOSS","89","BOSS",0.0190637465566397,4.01743268966675,13,1.625,26.6254272460938
"2021-03_West-Coast_BOSS","131","BOSS",0.0147054921835661,4.80476188659668,8,0.75,27.5608425140381
"2021-03_West-Coast_BOSS","112","BOSS",0.00867736525833607,4.71238899230957,5,0.25,31.135913848877
"2021-03_West-Coast_BOSS","101","BOSS",0.00740423984825611,5.02269458770752,4,0.25,32.5203285217285
"2021-03_West-Coast_BOSS","12","BOSS",0.00441874982789159,5.24950790405273,3,0,32.8401565551758
"2021-03_West-Coast_BOSS","54","BOSS",0.00168880412820727,4.98345041275024,1,0.25,33.5443954467773
"2021-03_West-Coast_BOSS","94","BOSS",0.00382325821556151,4.83093786239624,2,-0.875,32.0953979492188
"2021-03_West-Coast_BOSS","4","BOSS",0.00511707924306393,4.15355014801025,4,-0.125,32.7109832763672
"2021-03_West-Coast_BOSS","79","BOSS",0.00433876411989331,4.71238899230957,3,0.25,32.7755699157715
"2021-03_West-Coast_BOSS","103","BOSS",0.0166657492518425,4.49360704421997,9,0.5,27.4316711425781
"2021-03_West-Coast_BOSS","129","BOSS",0.0215129964053631,4.27859306335449,15,-0.125,25.0472583770752
"2021-03_West-Coast_BOSS","45","BOSS",0.0215124748647213,4.27858209609985,14,0.5,27.9826736450195
"2021-03_West-Coast_BOSS","143","BOSS",0.011168004013598,4.2050518989563,7,0,30.6869144439697
"2021-03_West-Coast_BOSS","113","BOSS",0.00651873974129558,4.1241135597229,5,0,32.9421577453613
"2021-03_West-Coast_BOSS","122","BOSS",0.00433825189247727,4.71238899230957,4,0.875,33.5577430725098
"2021-03_West-Coast_BOSS","27","BOSS",0.00382158998399973,4.59378814697266,3,0.625,37.4464454650879
"2021-03_West-Coast_BOSS","135","BOSS",0.00805971678346395,4.369065284729,7,1,32.8878211975098
"2021-03_West-Coast_BOSS","74","BOSS",0.00805971678346395,4.369065284729,7,1,32.8878211975098
"2021-03_West-Coast_BOSS","105","BOSS",0.021214697510004,4.24837493896484,15,-0.5,17.6730937957764
"2021-03_West-Coast_BOSS","63","BOSS",0.0152056887745857,4.65288257598877,11,-3.75,17.0575065612793
"2021-03_West-Coast_BOSS","25","BOSS",0.0202348530292511,3.7391369342804,15,0.125,21.5710906982422
"2021-03_West-Coast_BOSS","59","BOSS",0.0164895374327898,4.40599727630615,11,1.625,27.8263339996338
"2021-03_West-Coast_BOSS","123","BOSS",0.00377648207359016,3.43282175064087,3,0.25,35.0651321411133
"2021-03_West-Coast_BOSS","119","BOSS",0.0179554764181376,4.09468841552734,12,1,31.5305767059326
"2021-03_West-Coast_BOSS","15","BOSS",0.0236317552626133,4.44124412536621,14,-1,24.275333404541
"2021-03_West-Coast_BOSS","85","BOSS",0.0222047176212072,4.40201473236084,13,1.375,20.0846748352051
"2021-03_West-Coast_BOSS","81","BOSS",0.0124793630093336,4.67614841461182,8,-0.875,29.1087455749512
"2021-03_West-Coast_BOSS","29","BOSS",0.0169699136167765,4.578773021698,9,0.75,24.744348526001
"2021-03_West-Coast_BOSS","61","BOSS",0.0223428029567003,4.2052903175354,15,0.375,20.8735198974609
"2021-03_West-Coast_BOSS","21","BOSS",0.00235129613429308,1.17599451541901,3,-0.125,32.4080772399902
"2021-03_West-Coast_BOSS","58","BOSS",0.00168931379448622,4.44141149520874,1,0.5,32.8944931030273
"2021-03_West-Coast_BOSS","87","BOSS",0.00506818108260632,4.4414267539978,3,0.5,32.3029747009277
"2021-03_West-Coast_BOSS","132","BOSS",0.0114371404051781,4.39058494567871,7,0.625,36.6842918395996
"2021-03_West-Coast_BOSS","9","BOSS",0.00416865153238177,3.8501455783844,3,0.25,37.3885307312012
"2021-03_West-Coast_BOSS","111","BOSS",0.00598393334075809,4.78802680969238,3,0.25,38.6811904907227
"2021-03_West-Coast_BOSS","142","BOSS",0.00216958438977599,4.71238899230957,1,0.375,38.8072624206543
"2021-03_West-Coast_BOSS","66","BOSS",0.00274910125881433,4.54715394973755,2,0.625,39.5894393920898
"2021-03_West-Coast_BOSS","34","BOSS",0.00949228461831808,4.47189950942993,6,-1,34.5653686523438
"2021-03_West-Coast_BOSS","19","BOSS",0.00443163653835654,4.91790246963501,2,-0.125,38.4602661132812
"2021-03_West-Coast_BOSS","75","BOSS",0.00216926424764097,4.71238899230957,1,-0.375,37.8041648864746
"2021-03_West-Coast_BOSS","51","BOSS",0.0021181155461818,4.01730155944824,1,-0.375,38.1614112854004
"2021-03_West-Coast_BOSS","31","BOSS",0.000705990300048143,4.0172438621521,1,0.125,38.9435844421387
"2021-03_West-Coast_BOSS","13","BOSS",0.00211782078258693,4.0171856880188,1,0.375,37.6447296142578
