"campaignid","sample","latitude","longitude","date","time.bottom","depth","broad.ascidians","broad.bryozoa","broad.consolidated","broad.hydroids","broad.invertebrate.complex","broad.macroalgae","broad.octocoral.black","broad.seagrasses","broad.sponges","broad.stony.corals","broad.unconsolidated","broad.unknown","broad.crinoids","sum"
"2021-03_West-Coast_BOSS","148",-34.0518,114.925,"20210308","07:36:19",46.6,0,0,2.5974025974026,0,0,29.8701298701299,0,0,1.2987012987013,0,58.4415584415584,7.79220779220779,0,100
"2021-03_West-Coast_BOSS","2",-34.0604,114.924,"20210308","07:48:50",47.3,0,0,13.8888888888889,0,0,44.4444444444444,0,0,16.6666666666667,0,23.6111111111111,1.38888888888889,0,100
"2021-03_West-Coast_BOSS","99",-34.0555,114.916,"20210308","08:00:44",47.2,0,0,21.5189873417722,0,0,58.2278481012658,0,1.26582278481013,11.3924050632911,0,1.26582278481013,6.32911392405063,0,100
"2021-03_West-Coast_BOSS","127",-34.0545,114.91,"20210308","08:10:54",44,0,0,0,0,0,46.7532467532467,0,25.974025974026,20.7792207792208,0,1.2987012987013,5.19480519480519,0,100
"2021-03_West-Coast_BOSS","43",-34.0521,114.909,"20210308","08:19:45",45.5,0,0,7.5,0,0,55,1.25,11.25,8.75,0,16.25,0,0,100
"2021-03_West-Coast_BOSS","110",-34.0505,114.907,"20210308","08:29:42",45,0,0,5.06329113924051,0,0,39.2405063291139,0,41.7721518987342,1.26582278481013,0,10.126582278481,2.53164556962025,0,100
"2021-03_West-Coast_BOSS","139",-34.0616,114.898,"20210308","08:42:53",44,0,0,12.6582278481013,0,0,73.4177215189873,0,3.79746835443038,1.26582278481013,0,6.32911392405063,2.53164556962025,0,100
"2021-03_West-Coast_BOSS","133",-34.075,114.911,"20210308","08:57:52",44,0,0,4,0,0,54.6666666666667,0,25.3333333333333,4,0,2.66666666666667,9.33333333333333,0,100
"2021-03_West-Coast_BOSS","52",-34.0826,114.915,"20210308","09:08:49",46.1,0,0,5.19480519480519,0,0,63.6363636363636,0,16.8831168831169,10.3896103896104,0,2.5974025974026,1.2987012987013,0,100
"2021-03_West-Coast_BOSS","91",-34.0807,114.928,"20210308","09:21:33",44.8,0,0,1.2987012987013,0,0,85.7142857142857,0,0,0,0,10.3896103896104,2.5974025974026,0,100
"2021-03_West-Coast_BOSS","47",-34.0832,114.926,"20210308","09:32:14",45.1,0,0,1.26582278481013,0,0,75.9493670886076,0,22.7848101265823,0,0,0,0,0,100
"2021-03_West-Coast_BOSS","16",-34.0848,114.924,"20210308","09:42:04",44.1,0,0,0,0,0,57.8947368421053,0,26.3157894736842,10.5263157894737,0,1.31578947368421,3.94736842105263,0,100
"2021-03_West-Coast_BOSS","38",-34.0904,114.917,"20210308","09:54:17",45.4,0,0,2.7027027027027,0,0,43.2432432432432,0,25.6756756756757,13.5135135135135,0,2.7027027027027,12.1621621621622,0,100
"2021-03_West-Coast_BOSS","71",-34.0923,114.908,"20210308","10:05:26",43.5,0,0,3.79746835443038,0,0,82.2784810126582,0,6.32911392405063,1.26582278481013,0,6.32911392405063,0,0,100
"2021-03_West-Coast_BOSS","14",-34.0979,114.913,"20210308","10:15:13",43.6,0,0,10.126582278481,0,0,49.3670886075949,0,0,10.126582278481,0,18.9873417721519,11.3924050632911,0,99.9999999999999
"2021-03_West-Coast_BOSS","150",-34.1,114.917,"20210308","10:25:02",44.6,0,0,13.9240506329114,0,0,50.6329113924051,0,0,0,0,32.9113924050633,2.53164556962025,0,100
"2021-03_West-Coast_BOSS","92",-34.101,114.918,"20210308","10:32:55",44.3,0,0,15,0,0,21.25,0,33.75,21.25,0,8.75,0,0,100
"2021-03_West-Coast_BOSS","28",-34.0995,114.923,"20210308","10:41:55",47,0,0,1.25,0,0,55,0,17.5,15,0,6.25,5,0,100
"2021-03_West-Coast_BOSS","124",-34.1003,114.929,"20210308","10:51:39",45,0,0,1.26582278481013,0,0,51.8987341772152,0,0,1.26582278481013,0,45.5696202531646,0,0,100
"2021-03_West-Coast_BOSS","53",-34.1047,114.92,"20210308","11:03:15",45.4,0,0,8.75,0,0,60,0,0,3.75,0,26.25,1.25,0,100
"2021-03_West-Coast_BOSS","6",-34.1073,114.918,"20210308","11:15:50",44.4,0,0,6.41025641025641,0,0,57.6923076923077,0,28.2051282051282,3.84615384615385,0,0,3.84615384615385,0,100
"2021-03_West-Coast_BOSS","149",-34.1135,114.931,"20210308","11:27:50",45.1,0,0,2.53164556962025,0,0,59.4936708860759,0,8.86075949367089,2.53164556962025,0,26.5822784810127,0,0,100
"2021-03_West-Coast_BOSS","32",-34.1125,114.921,"20210308","11:39:04",45.1,0,0,2.5,0,0,56.25,0,22.5,3.75,0,12.5,2.5,0,100
"2021-03_West-Coast_BOSS","116",-34.1138,114.919,"20210308","11:47:32",45.1,0,0,5,0,0,76.25,0,1.25,1.25,0,15,1.25,0,100
"2021-03_West-Coast_BOSS","69",-34.1187,114.911,"20210308","11:58:09",43.7,0,0,25,0,0,56.578947368421,0,11.8421052631579,0,0,0,6.57894736842105,0,99.9999999999999
"2021-03_West-Coast_BOSS","138",-34.119,114.912,"20210308","12:06:14",41.8,0,0,0,0,0,59.4936708860759,0,32.9113924050633,1.26582278481013,0,0,6.32911392405063,0,100
"2021-03_West-Coast_BOSS","76",-34.1217,114.916,"20210308","12:16:18",43.3,0,0,2.53164556962025,0,0,58.2278481012658,0,27.8481012658228,6.32911392405063,0,5.06329113924051,0,0,100
"2021-03_West-Coast_BOSS","144",-34.1221,114.92,"20210308","12:25:27",43.2,0,0,7.04225352112676,0,0,38.0281690140845,0,12.6760563380282,5.63380281690141,0,33.8028169014084,2.8169014084507,0,100
"2021-03_West-Coast_BOSS","5",-34.125,114.93,"20210308","12:36:29",45.2,0,0,1.25,0,0,82.5,0,0,7.5,0,3.75,5,0,100
"2021-03_West-Coast_BOSS","107",-34.1347,114.94,"20210308","12:49:09",44.4,0,0,1.25,0,0,88.75,0,0,0,0,7.5,2.5,0,100
"2021-03_West-Coast_BOSS","37",-34.1303,114.931,"20210308","13:01:59",46.5,0,0,0,0,0,95,0,5,0,0,0,0,0,100
"2021-03_West-Coast_BOSS","102",-34.1305,114.926,"20210308","13:10:46",35.3,0,0,2.53164556962025,0,0,59.4936708860759,0,32.9113924050633,0,0,3.79746835443038,1.26582278481013,0,100
"2021-03_West-Coast_BOSS","57",-34.1341,114.924,"20210308","13:19:57",44.4,0,0,3.79746835443038,0,0,59.4936708860759,0,17.7215189873418,7.59493670886076,0,10.126582278481,1.26582278481013,0,100
"2021-03_West-Coast_BOSS","24",-34.1347,114.923,"20210308","13:28:10",39.9,0,0,2.53164556962025,0,0,68.3544303797468,0,21.5189873417722,0,0,0,7.59493670886076,0,100
"2021-03_West-Coast_BOSS","70",-34.1321,114.922,"20210308","13:36:49",38.7,0,0,0,0,0,29.1139240506329,0,65.8227848101266,0,0,0,5.06329113924051,0,100
"2021-03_West-Coast_BOSS","62",-34.1281,114.919,"20210308","13:46:11",40.4,0,0,5,0,0,36.25,0,7.5,0,0,51.25,0,0,100
"2021-03_West-Coast_BOSS","104",-34.1255,114.918,"20210308","13:54:56",41.8,0,0,6.41025641025641,0,0,56.4102564102564,0,25.6410256410256,1.28205128205128,0,0,10.2564102564103,0,100
"2021-03_West-Coast_BOSS","30",-34.1256,114.915,"20210308","14:03:59",41.7,0,0,0,0,0,70,0,18.75,2.5,0,3.75,5,0,100
"2021-03_West-Coast_BOSS","95",-34.1229,114.91,"20210308","14:13:32",41.2,0,0,11.25,0,0,50,0,8.75,8.75,0,15,6.25,0,100
"2021-03_West-Coast_BOSS","106",-34.1313,114.875,"20210308","14:31:45",43.9,0,0,2.53164556962025,0,0,60.7594936708861,0,22.7848101265823,2.53164556962025,0,2.53164556962025,8.86075949367089,0,100
"2021-03_West-Coast_BOSS","39",-34.1301,114.877,"20210308","14:42:20",42.3,0,0,1.26582278481013,0,0,77.2151898734177,0,8.86075949367089,2.53164556962025,0,3.79746835443038,6.32911392405063,0,100
"2021-03_West-Coast_BOSS","140",-34.1163,114.882,"20210308","14:54:08",42.4,0,0,11.3924050632911,0,0,67.0886075949367,0,11.3924050632911,1.26582278481013,0,6.32911392405063,2.53164556962025,0,99.9999999999999
"2021-03_West-Coast_BOSS","10",-34.1084,114.886,"20210308","15:04:55",41.5,0,0,9.09090909090909,0,0,75.3246753246753,0,2.5974025974026,2.5974025974026,0,6.49350649350649,3.8961038961039,0,100
"2021-03_West-Coast_BOSS","147",-34.0908,114.895,"20210308","15:18:53",43.3,0,0,17.7215189873418,0,0,62.0253164556962,0,2.53164556962025,1.26582278481013,0,12.6582278481013,3.79746835443038,0,100
"2021-03_West-Coast_BOSS","23",-34.0829,114.899,"20210308","15:29:52",43.2,0,0,9.09090909090909,0,0,75.3246753246753,0,0,1.2987012987013,0,9.09090909090909,5.19480519480519,0,100
"2021-03_West-Coast_BOSS","Old Point",-34.050194,114.869122,"20210309","07:36:34",42.3,0,0,20.5128205128205,0,0,53.8461538461538,0,7.69230769230769,5.12820512820513,0,11.5384615384615,1.28205128205128,0,99.9999999999999
"2021-03_West-Coast_BOSS","41",-34.0596,114.877,"20210309","07:50:33",41.4,0,0,1.35135135135135,0,0,85.1351351351351,0,1.35135135135135,5.40540540540541,0,1.35135135135135,5.40540540540541,0,100
"2021-03_West-Coast_BOSS","33",-34.0742,114.871,"20210309","08:07:39",46.7,0,0,2.56410256410256,0,0,93.5897435897436,0,1.28205128205128,1.28205128205128,0,1.28205128205128,0,0,100
"2021-03_West-Coast_BOSS","86",-34.0774,114.865,"20210309","08:18:23",41.2,0,0,19.4805194805195,0,0,58.4415584415584,0,9.09090909090909,0,0,7.79220779220779,5.19480519480519,0,100
"2021-03_West-Coast_BOSS","56",-34.0782,114.873,"20210309","08:30:02",41.6,0,0,3.79746835443038,0,0,78.4810126582278,0,1.26582278481013,0,0,16.4556962025316,0,0,99.9999999999999
"2021-03_West-Coast_BOSS","65",-34.0813,114.884,"20210309","08:41:51",41.6,0,0,2.5,0,0,63.75,0,3.75,1.25,0,20,8.75,0,100
"2021-03_West-Coast_BOSS","137",-34.0854,114.877,"20210309","08:57:16",42.1,0,0,3.84615384615385,0,0,60.2564102564103,0,11.5384615384615,5.12820512820513,0,19.2307692307692,0,0,100
"2021-03_West-Coast_BOSS","48",-34.0891,114.882,"20210309","09:08:35",42.1,0,0,2.53164556962025,0,0,74.6835443037975,0,10.126582278481,5.06329113924051,0,5.06329113924051,2.53164556962025,0,100
"2021-03_West-Coast_BOSS","67",-34.0899,114.873,"20210309","09:19:29",42.5,0,0,16.4556962025316,0,0,65.8227848101266,0,1.26582278481013,0,0,16.4556962025316,0,0,99.9999999999999
"2021-03_West-Coast_BOSS","126",-34.0912,114.87,"20210309","09:30:26",43.1,0,0,0,0,0,56.4102564102564,0,12.8205128205128,1.28205128205128,0,26.9230769230769,2.56410256410256,0,99.9999999999999
"2021-03_West-Coast_BOSS","44",-34.0931,114.858,"20210309","09:43:34",43.8,0,0,2.53164556962025,0,0,64.5569620253165,0,22.7848101265823,0,0,6.32911392405063,3.79746835443038,0,100
"2021-03_West-Coast_BOSS","35",-34.0959,114.852,"20210309","09:54:00",43.5,0,0,0,0,0,75.9493670886076,0,11.3924050632911,3.79746835443038,0,8.86075949367089,0,0,100
"2021-03_West-Coast_BOSS","100",-34.0961,114.847,"20210309","10:03:01",43.4,0,0,13.75,0,0,43.75,0,11.25,3.75,0,27.5,0,0,100
"2021-03_West-Coast_BOSS","7",-34.0995,114.853,"20210309","10:12:29",44.2,0,0,3.79746835443038,0,0,40.5063291139241,0,12.6582278481013,2.53164556962025,0,36.7088607594937,3.79746835443038,0,100
"2021-03_West-Coast_BOSS","108",-34.1001,114.85,"20210309","10:21:15",44.1,0,0,1.25,0,0,50,0,31.25,3.75,0,7.5,6.25,0,100
"2021-03_West-Coast_BOSS","26",-34.1003,114.844,"20210309","10:30:44",44.2,0,0,5,0,0,76.25,0,2.5,0,0,16.25,0,0,100
"2021-03_West-Coast_BOSS","125",-34.104,114.847,"20210309","10:40:33",45.8,0,0,5.19480519480519,0,0,61.038961038961,0,5.19480519480519,6.49350649350649,0,19.4805194805195,2.5974025974026,0,100
"2021-03_West-Coast_BOSS","98",-34.1139,114.856,"20210309","10:51:35",43.5,0,0,8.86075949367089,0,0,73.4177215189873,0,15.1898734177215,1.26582278481013,0,0,1.26582278481013,0,100
"2021-03_West-Coast_BOSS","1",-34.1318,114.853,"20210309","11:05:09",44.1,0,0,12.3456790123457,0,0,65.4320987654321,0,0,0,0,12.3456790123457,9.87654320987654,0,100
"2021-03_West-Coast_BOSS","83",-34.1341,114.838,"20210309","11:16:50",47.9,0,0,46.7532467532467,0,0,40.2597402597403,0,1.2987012987013,0,0,10.3896103896104,1.2987012987013,0,100
"2021-03_West-Coast_BOSS","88",-34.1351,114.827,"20210309","11:29:20",50.3,0,0,22.5,0,0,47.5,0,18.75,8.75,0,0,2.5,0,100
"2021-03_West-Coast_BOSS","36",-34.1317,114.822,"20210309","11:39:04",50.7,0,0,2.5974025974026,0,0,84.4155844155844,0,0,1.2987012987013,0,5.19480519480519,6.49350649350649,0,100
"2021-03_West-Coast_BOSS","130",-34.1213,114.83,"20210309","11:51:00",48.1,0,0,1.25,0,0,46.25,0,21.25,0,22.5,8.75,0,0,100
"2021-03_West-Coast_BOSS","46",-34.119,114.831,"20210309","11:59:57",48.1,0,0,24.6753246753247,0,0,59.7402597402597,0,6.49350649350649,0,0,7.79220779220779,1.2987012987013,0,100
"2021-03_West-Coast_BOSS","93",-34.1196,114.845,"20210309","12:12:12",45.1,0,0,33.3333333333333,0,0,42.3076923076923,0,0,0,0,24.3589743589744,0,0,100
"2021-03_West-Coast_BOSS","78",-34.1182,114.841,"20210309","12:21:57",46.7,0,0,1.31578947368421,0,0,69.7368421052632,0,18.4210526315789,10.5263157894737,0,0,0,0,100
"2021-03_West-Coast_BOSS","50",-34.1143,114.842,"20210309","12:32:09",45.7,0,0,3.79746835443038,0,0,73.4177215189873,0,20.253164556962,2.53164556962025,0,0,0,0,99.9999999999999
"2021-03_West-Coast_BOSS","80",-34.1034,114.832,"20210309","12:45:20",46.6,0,0,30,0,0,63.75,0,2.5,1.25,0,2.5,0,0,100
"2021-03_West-Coast_BOSS","114",-34.0969,114.834,"20210309","12:55:55",46.4,0,0,8.97435897435897,0,0,57.6923076923077,0,30.7692307692308,1.28205128205128,0,1.28205128205128,0,0,100
"2021-03_West-Coast_BOSS","64",-34.0937,114.84,"20210309","13:06:18",47.7,0,0,8.64197530864197,0,0,48.1481481481481,0,16.0493827160494,2.46913580246914,0,17.2839506172839,7.40740740740741,0,99.9999999999999
"2021-03_West-Coast_BOSS","136",-34.0891,114.833,"20210309","13:18:35",46,0,0,0,0,0,87.3417721518987,0,10.126582278481,0,0,1.26582278481013,1.26582278481013,0,100
"2021-03_West-Coast_BOSS","97",-34.0872,114.842,"20210309","13:29:24",44.8,0,0,0,0,0,58.2278481012658,0,21.5189873417722,1.26582278481013,0,13.9240506329114,5.06329113924051,0,100
"2021-03_West-Coast_BOSS","121",-34.0836,114.853,"20210309","13:40:06",42.8,0,0,6.32911392405063,0,0,78.4810126582278,0,5.06329113924051,0,0,10.126582278481,0,0,99.9999999999999
"2021-03_West-Coast_BOSS","3",-34.0789,114.851,"20210309","13:52:23",43.5,0,0,0,0,0,86.0759493670886,0,8.86075949367089,0,0,3.79746835443038,1.26582278481013,0,100
"2021-03_West-Coast_BOSS","73",-34.0802,114.848,"20210309","14:01:47",43.4,0,0,5.06329113924051,0,0,88.6075949367088,0,0,1.26582278481013,0,2.53164556962025,2.53164556962025,0,99.9999999999999
"2021-03_West-Coast_BOSS","118",-34.0714,114.826,"20210309","14:17:04",47.3,0,0,13.9240506329114,0,0,75.9493670886076,0,2.53164556962025,1.26582278481013,0,6.32911392405063,0,0,100
"2021-03_West-Coast_BOSS","128",-34.0694,114.823,"20210309","14:26:53",47.8,0,0,8.86075949367089,0,0,82.2784810126582,0,2.53164556962025,1.26582278481013,0,3.79746835443038,1.26582278481013,0,100
"2021-03_West-Coast_BOSS","60",-34.0652,114.821,"20210309","14:36:23",48.7,0,0,23.75,0,0,61.25,0,6.25,3.75,0,5,0,0,100
"2021-03_West-Coast_BOSS","134",-34.0631,114.857,"20210309","14:53:24",41.7,0,0,2.53164556962025,0,0,77.2151898734177,0,17.7215189873418,0,0,2.53164556962025,0,0,100
"2021-03_West-Coast_BOSS","120",-34.0617,114.861,"20210309","15:01:57",41.2,0,0,2.53164556962025,0,0,69.620253164557,0,8.86075949367089,2.53164556962025,0,13.9240506329114,2.53164556962025,0,100
"2021-03_West-Coast_BOSS","8",-34.0554,114.851,"20210309","15:13:44",42.5,0,0,13.9240506329114,0,0,46.8354430379747,0,11.3924050632911,7.59493670886076,0,20.253164556962,0,0,100
"2021-03_West-Coast_BOSS","68",-34.05,114.859,"20210309","15:24:24",41.1,0,0,19.4805194805195,0,0,51.9480519480519,0,19.4805194805195,0,0,2.5974025974026,6.49350649350649,0,100
"2021-03_West-Coast_BOSS","117",-34.0681,114.76,"20210310","07:47:40",87.6,0,0,0,0,25,0,0,0,21.25,0,48.75,5,0,100
"2021-03_West-Coast_BOSS","17",-34.0742,114.757,"20210310","07:59:46",92.2,0,0,0,1.28205128205128,1.28205128205128,0,0,0,6.41025641025641,0,89.7435897435898,1.28205128205128,0,100
"2021-03_West-Coast_BOSS","40",-34.0784,114.754,"20210310","08:11:17",97,0,0,1.25,0,2.5,0,0,0,0,0,96.25,0,0,100
"2021-03_West-Coast_BOSS","72",-34.0685,114.747,"20210310","08:24:26",105,0,0,3.75,1.25,0,0,0,0,0,0,95,0,0,100
"2021-03_West-Coast_BOSS","109",-34.0839,114.741,"20210310","08:39:30",114,0,0,0,0,0,0,0,0,0,0,100,0,0,100
"2021-03_West-Coast_BOSS","145",-34.0891,114.732,"20210310","08:53:28",121,0,0,0,0,0,0,0,0,0,0,100,0,0,100
"2021-03_West-Coast_BOSS","S1",-34.10277,114.639918,"20210310","09:35:53",140,0,0,0,0,0,0,0,0,0,0,100,0,0,100
"2021-03_West-Coast_BOSS","S2",-34.10284,114.640335,"20210310","09:48:43",140,0,0,0,0,0,0,0,0,5.06329113924051,0,93.6708860759494,1.26582278481013,0,100
"2021-03_West-Coast_BOSS","S3",-34.102738,114.640238,"20210310","10:00:35",140,0,0,0,0,0,0,0,0,1.25,0,96.25,2.5,0,100
"2021-03_West-Coast_BOSS","90",-34.1003,114.731,"20210310","10:40:20",122,0,0,0,0,0,0,0,0,1.25,0,98.75,0,0,100
"2021-03_West-Coast_BOSS","22",-34.1033,114.745,"20210310","10:53:32",116,0,0,0,1.38888888888889,0,0,0,0,0,0,95.8333333333333,2.77777777777778,0,100
"2021-03_West-Coast_BOSS","77",-34.0979,114.75,"20210310","11:05:33",111,0,0,0,0,0,0,0,0,0,0,100,0,0,100
"2021-03_West-Coast_BOSS","82",-34.0964,114.759,"20210310","11:17:10",100,1.33333333333333,0,1.33333333333333,2.66666666666667,8,0,0,0,6.66666666666667,0,77.3333333333333,2.66666666666667,0,100
"2021-03_West-Coast_BOSS","49",-34.103,114.762,"20210310","11:29:02",96.4,0,0,2.53164556962025,0,3.79746835443038,0,0,0,2.53164556962025,0,91.1392405063291,0,0,100
"2021-03_West-Coast_BOSS","141",-34.1175,114.762,"20210310","11:43:24",105,0,0,0,0,0,0,0,0,0,0,95,5,0,100
"2021-03_West-Coast_BOSS","11",-34.1163,114.775,"20210310","11:56:15",87.5,0,0,30.1587301587302,0,7.93650793650794,0,1.58730158730159,0,3.17460317460317,0,57.1428571428571,0,0,100
"2021-03_West-Coast_BOSS","146",-34.1099,114.79,"20210310","12:11:02",62.1,0,0,63.75,0,0,16.25,0,0,15,0,3.75,1.25,0,100
"2021-03_West-Coast_BOSS","18",-34.1078,114.787,"20210310","12:21:15",61.6,0,0,15.9420289855072,0,0,39.1304347826087,0,0,0,0,43.4782608695652,1.44927536231884,0,99.9999999999999
"2021-03_West-Coast_BOSS","42",-34.106,114.781,"20210310","12:31:20",70.1,0,0,11.25,0,0,1.25,0,0,0,0,86.25,1.25,0,100
"2021-03_West-Coast_BOSS","84",-34.1034,114.78,"20210310","12:40:18",69,0,0,65.7894736842105,0,5.26315789473684,1.31578947368421,0,0,21.0526315789474,0,3.94736842105263,2.63157894736842,0,100
"2021-03_West-Coast_BOSS","20",-34.1018,114.784,"20210310","12:51:30",63.7,0,0,43.75,0,0,11.25,0,1.25,43.75,0,0,0,0,100
"2021-03_West-Coast_BOSS","55",-34.1011,114.778,"20210310","13:01:39",71.7,0,0,13.3333333333333,2.66666666666667,14.6666666666667,0,1.33333333333333,0,52,0,8,8,0,100
"2021-03_West-Coast_BOSS","115",-34.1013,114.774,"20210310","13:11:40",80.2,0,0,13.9240506329114,2.53164556962025,0,1.26582278481013,1.26582278481013,0,55.6962025316456,0,25.3164556962025,0,0,100
"2021-03_West-Coast_BOSS","96",-34.0975,114.776,"20210310","13:21:13",71.4,0,0,33.3333333333333,3.84615384615385,0,19.2307692307692,1.28205128205128,0,3.84615384615385,0,38.4615384615385,0,0,100
"2021-03_West-Coast_BOSS","89",-34.0945,114.775,"20210310","13:30:24",72.3,0,0,34.1772151898734,0,0,8.86075949367089,0,0,2.53164556962025,0,54.4303797468354,0,0,99.9999999999999
"2021-03_West-Coast_BOSS","131",-34.0906,114.773,"20210310","13:40:07",73.4,0,0,5.26315789473684,6.57894736842105,19.7368421052632,0,0,0,46.0526315789474,0,11.8421052631579,10.5263157894737,0,100
"2021-03_West-Coast_BOSS","112",-34.0897,114.779,"20210310","13:50:27",64.3,0,0,55.6962025316456,1.26582278481013,1.26582278481013,25.3164556962025,0,0,5.06329113924051,0,11.3924050632911,0,0,100
"2021-03_West-Coast_BOSS","101",-34.0917,114.782,"20210310","13:59:19",65.1,0,0,28.75,0,6.25,8.75,0,0,6.25,0,50,0,0,100
"2021-03_West-Coast_BOSS","12",-34.0901,114.783,"20210310","14:07:52",64.1,0,0,26.9230769230769,0,5.12820512820513,3.84615384615385,3.84615384615385,0,52.5641025641026,0,3.84615384615385,3.84615384615385,0,100
"2021-03_West-Coast_BOSS","54",-34.0925,114.789,"20210310","14:19:06",61.4,0,0,13.75,0,17.5,12.5,1.25,0,46.25,2.5,3.75,2.5,0,100
"2021-03_West-Coast_BOSS","94",-34.0889,114.787,"20210310","14:31:40",62.7,0,0,7.59493670886076,0,0,10.126582278481,0,0,0,0,82.2784810126582,0,0,100
"2021-03_West-Coast_BOSS","4",-34.0862,114.785,"20210310","14:41:33",63.5,0,0,20.253164556962,0,0,36.7088607594937,1.26582278481013,1.26582278481013,25.3164556962025,0,12.6582278481013,2.53164556962025,0,100
"2021-03_West-Coast_BOSS","79",-34.0875,114.783,"20210310","14:50:01",63.5,0,0,10.3896103896104,0,5.19480519480519,19.4805194805195,0,0,10.3896103896104,0,46.7532467532467,7.79220779220779,0,100
"2021-03_West-Coast_BOSS","103",-34.0866,114.774,"20210310","15:02:11",69.1,0,0,7.79220779220779,0,10.3896103896104,9.09090909090909,3.8961038961039,0,15.5844155844156,0,41.5584415584416,11.6883116883117,0,100
"2021-03_West-Coast_BOSS","129",-34.0839,114.772,"20210310","15:11:59",71.8,0,5,10,2.5,23.75,1.25,3.75,0,46.25,0,7.5,0,0,100
"2021-03_West-Coast_BOSS","45",-34.0816,114.771,"20210310","15:21:31",74.4,0,0,20,0,10,8.75,0,0,51.25,0,10,0,0,100
"2021-03_West-Coast_BOSS","143",-34.0833,114.776,"20210310","15:31:04",63.3,0,0,63.75,0,3.75,2.5,0,0,20,0,10,0,0,100
"2021-03_West-Coast_BOSS","113",-34.0809,114.78,"20210310","15:40:40",64.4,0,1.26582278481013,3.79746835443038,0,0,7.59493670886076,1.26582278481013,0,2.53164556962025,0,83.5443037974684,0,0,100
"2021-03_West-Coast_BOSS","122",-34.0789,114.777,"20210310","15:49:34",66.4,0,0,33.7662337662338,0,0,37.6623376623377,0,0,3.8961038961039,0,24.6753246753247,0,0,100
"2021-03_West-Coast_BOSS","27",-34.0521,114.789,"20210311","07:35:29",54.2,0,0,3.79746835443038,0,0,67.0886075949367,0,2.53164556962025,1.26582278481013,0,3.79746835443038,21.5189873417722,0,100
"2021-03_West-Coast_BOSS","135",-34.0516,114.77,"20210311","07:49:47",64.6,0,0,4.34782608695652,0,37.6811594202899,0,4.34782608695652,0,26.0869565217391,0,8.69565217391304,18.8405797101449,0,100
"2021-03_West-Coast_BOSS","74",-34.0513,114.769,"20210311","07:59:08",64.9,0,0,38.75,0,13.75,3.75,0,0,27.5,0,13.75,2.5,0,100
"2021-03_West-Coast_BOSS","105",-34.0534,114.76,"20210311","08:10:00",79.3,0,0,6.25,5,32.5,0,0,0,22.5,0,28.75,5,0,100
"2021-03_West-Coast_BOSS","63",-34.056,114.761,"20210311","08:20:29",79.6,0,0,6.49350649350649,0,11.6883116883117,0,2.5974025974026,0,28.5714285714286,0,48.0519480519481,2.5974025974026,0,100
"2021-03_West-Coast_BOSS","25",-34.0626,114.765,"20210311","08:32:18",75.4,0,0,16.4556962025316,2.53164556962025,3.79746835443038,0,0,0,51.8987341772152,0,18.9873417721519,6.32911392405063,0,100
"2021-03_West-Coast_BOSS","59",-34.062,114.766,"20210311","08:41:29",70,0,0,18.1818181818182,6.49350649350649,10.3896103896104,0,1.2987012987013,0,54.5454545454545,0,9.09090909090909,0,0,100
"2021-03_West-Coast_BOSS","123",-34.0614,114.785,"20210311","08:55:37",60.4,0,0,8.86075949367089,0,0,21.5189873417722,0,0,7.59493670886076,0,60.7594936708861,1.26582278481013,0,100
"2021-03_West-Coast_BOSS","119",-34.0634,114.771,"20210311","09:08:31",64.8,0,1.25,20,1.25,30,7.5,0,0,30,0,3.75,6.25,0,100
"2021-03_West-Coast_BOSS","15",-34.0656,114.769,"20210311","09:18:54",70.3,0,0,10.2564102564103,0,15.3846153846154,3.84615384615385,0,0,53.8461538461538,0,14.1025641025641,2.56410256410256,0,100
"2021-03_West-Coast_BOSS","85",-34.0701,114.767,"20210311","09:31:10",76.3,0,0,10.3896103896104,0,16.8831168831169,0,1.2987012987013,0,28.5714285714286,0,33.7662337662338,9.09090909090909,0,100
"2021-03_West-Coast_BOSS","81",-34.0726,114.775,"20210311","09:41:57",67.3,0,0,1.26582278481013,1.26582278481013,13.9240506329114,7.59493670886076,1.26582278481013,0,22.7848101265823,0,51.8987341772152,0,0,100
"2021-03_West-Coast_BOSS","29",-34.1266,114.784,"20210311","10:08:31",74,0,0,1.35135135135135,1.35135135135135,0,17.5675675675676,0,0,13.5135135135135,0,59.4594594594595,6.75675675675676,0,100
"2021-03_West-Coast_BOSS","61",-34.1305,114.783,"20210311","10:18:51",80.9,0,0,20.5128205128205,1.28205128205128,8.97435897435897,0,8.97435897435897,0,28.2051282051282,0,29.4871794871795,2.56410256410256,0,100
"2021-03_West-Coast_BOSS","21",-34.1285,114.797,"20210311","10:31:29",62.5,0,0,33.7662337662338,0,0,7.79220779220779,0,0,45.4545454545455,0,7.79220779220779,5.19480519480519,0,100
"2021-03_West-Coast_BOSS","58",-34.1219,114.794,"20210311","10:43:21",62.1,0,0,40,0,6.25,7.5,0,6.25,26.25,0,12.5,1.25,0,100
"2021-03_West-Coast_BOSS","87",-34.1259,114.805,"20210311","10:54:39",59.2,0,0,33.3333333333333,0,0,24.3589743589744,0,0,38.4615384615385,0,2.56410256410256,1.28205128205128,0,100
"2021-03_West-Coast_BOSS","132",-34.1162,114.808,"20210311","11:07:21",54.3,0,0,11.3924050632911,0,0,2.53164556962025,0,0,5.06329113924051,0,75.9493670886076,5.06329113924051,0,100
"2021-03_West-Coast_BOSS","9",-34.1175,114.813,"20210311","11:17:35",51.7,0,0,20.5128205128205,0,0,46.1538461538462,0,15.3846153846154,15.3846153846154,0,0,2.56410256410256,0,100
"2021-03_West-Coast_BOSS","111",-34.1035,114.812,"20210311","11:31:22",49.9,0,0,18.75,0,0,68.75,0,3.75,1.25,0,6.25,1.25,0,100
"2021-03_West-Coast_BOSS","142",-34.0971,114.814,"20210311","11:43:30",49.3,0,0,0,0,0,70.5128205128205,0,17.9487179487179,2.56410256410256,0,2.56410256410256,6.41025641025641,0,99.9999999999999
"2021-03_West-Coast_BOSS","66",-34.0855,114.807,"20210311","11:56:02",51,0,0,15,0,0,73.75,0,0,1.25,0,7.5,2.5,0,100
"2021-03_West-Coast_BOSS","34",-34.0829,114.798,"20210311","12:07:52",56.3,0,0,5.06329113924051,0,0,50.6329113924051,0,0,0,0,44.3037974683544,0,0,100
"2021-03_West-Coast_BOSS","19",-34.0802,114.806,"20210311","12:18:47",50.6,0,0,2.5,0,0,76.25,0,13.75,6.25,0,1.25,0,0,100
"2021-03_West-Coast_BOSS","75",-34.0836,114.816,"20210311","12:30:45",49.6,0,0,21.3333333333333,0,0,68,0,1.33333333333333,2.66666666666667,0,1.33333333333333,5.33333333333333,0,100
"2021-03_West-Coast_BOSS","51",-34.0709,114.814,"20210311","12:43:40",49.7,0,0,5,0,0,57.5,0,33.75,1.25,0,2.5,0,0,100
"2021-03_West-Coast_BOSS","31",-34.061,114.806,"20210311","12:55:47",50.5,0,0,22.7848101265823,0,0,43.0379746835443,0,22.7848101265823,5.06329113924051,0,5.06329113924051,1.26582278481013,0,100
"2021-03_West-Coast_BOSS","13",-34.051,114.813,"20210311","13:07:27",49.6,0,0,16.4556962025316,0,0,72.1518987341772,0,2.53164556962025,1.26582278481013,0,6.32911392405063,1.26582278481013,0,99.9999999999999
"2020-10_south-west_BOSS","FH92",-33.8437,114.8714,"20201020","08:34:48",44.1,0,0,46.551724137931,0,0,10.3448275862069,0,13.7931034482759,15.5172413793103,0,13.7931034482759,0,0,100
"2020-10_south-west_BOSS","FH61",-33.8412,114.8639,"20201020","09:06:40",NA,0,0,52.3076923076923,0,0,16.9230769230769,0,23.0769230769231,3.07692307692308,0,4.61538461538462,0,0,100
"2020-10_south-west_BOSS","FH27",-33.8362,114.8714,"20201020","09:32:24",42.8,0,0,52.2388059701493,0,1.49253731343284,22.3880597014925,0,4.47761194029851,10.4477611940298,0,8.95522388059701,0,0,100
"2020-10_south-west_BOSS","FH17",-33.8337,114.8764,"20201020","09:46:43",NA,0,0,25,0,0,22.5,0,1.25,1.25,0,50,0,0,100
"2020-10_south-west_BOSS","FH56",-33.8312,114.8664,"20201020","10:00:37",41.9,0,0,39.7058823529412,0,0,17.6470588235294,0,16.1764705882353,2.94117647058824,0,23.5294117647059,0,0,100
"2020-10_south-west_BOSS","FH96",-33.8187,114.8339,"20201020","10:40:01",NA,0,0,37.5,0,0,37.5,0,12.5,1.25,0,11.25,0,0,100
"2020-10_south-west_BOSS","FH60",-33.8162,114.8214,"20201020","10:54:30",44.4,0,0,49.2307692307692,0,0,15.3846153846154,0,0,3.07692307692308,0,32.3076923076923,0,0,100
"2020-10_south-west_BOSS","FH26",-33.8112,114.8289,"20201020","11:05:07",43.9,0,0,37.3333333333333,0,0,28,0,2.66666666666667,10.6666666666667,0,21.3333333333333,0,0,100
"2020-10_south-west_BOSS","FH110",-33.8087,114.8214,"20201020","11:17:02",44.9,0,1.28205128205128,29.4871794871795,0,0,12.8205128205128,0,1.28205128205128,7.69230769230769,0,47.4358974358974,0,0,100
"2020-10_south-west_BOSS","FH48",-33.7962,114.8139,"20201020","11:30:39",45,0,0,69.8630136986301,0,0,13.6986301369863,0,9.58904109589041,1.36986301369863,0,5.47945205479452,0,0,100
"2020-10_south-west_BOSS","FH21",-33.7937,114.8089,"20201020","11:41:29",46.3,0,0,47.0588235294118,0,0,19.1176470588235,0,25,2.94117647058824,0,5.88235294117647,0,0,100
"2020-10_south-west_BOSS","FH18",-33.7912,114.8214,"20201020","11:55:54",45.1,0,0,25.3731343283582,0,0,38.8059701492537,0,4.47761194029851,2.98507462686567,0,28.3582089552239,0,0,100
"2020-10_south-west_BOSS","FH106",-33.7887,114.8164,"20201020","12:06:58",46.2,0,0,10.2564102564103,0,0,51.2820512820513,0,0,1.28205128205128,0,37.1794871794872,0,0,100
"2020-10_south-west_BOSS","FH57",-33.7887,114.8114,"20201020","12:18:13",44.2,0,0,54.5454545454545,0,0,19.4805194805195,0,9.09090909090909,1.2987012987013,0,15.5844155844156,0,0,100
"2020-10_south-west_BOSS","FH34",-33.7862,114.8839,"20201020","12:51:20",44.6,0,0,37.6623376623377,0,1.2987012987013,18.1818181818182,0,9.09090909090909,5.19480519480519,0,28.5714285714286,0,0,100
"2020-10_south-west_BOSS","FH7",-33.7837,114.8789,"20201020","13:04:33",45.2,0,0,31.1688311688312,0,0,36.3636363636364,0,0,15.5844155844156,0,16.8831168831169,0,0,100
"2020-10_south-west_BOSS","FH20",-33.7827,114.8727,"20201020","13:17:56",42.4,0,0,60.7594936708861,0,0,3.79746835443038,0,11.3924050632911,7.59493670886076,0,16.4556962025316,0,0,99.9999999999999
"2020-10_south-west_BOSS","FH93",-33.7762,114.8689,"20201020","13:32:44",44.3,0,0,49.3506493506493,0,0,12.987012987013,0,16.8831168831169,18.1818181818182,0,2.5974025974026,0,0,100
"2020-10_south-west_BOSS","FH44",-33.7712,114.8639,"20201020","13:46:18",44.5,0,0,33.3333333333333,0,0,7.69230769230769,0,21.7948717948718,3.84615384615385,0,33.3333333333333,0,0,99.9999999999999
"2020-10_south-west_BOSS","FH14",-33.7662,114.8714,"20201020","13:59:42",44.9,0,0,5,0,0,22.5,0,0,1.25,0,71.25,0,0,100
"2020-10_south-west_BOSS","FH95",-33.7587,114.8914,"20201020","14:17:10",NA,0,0,6.66666666666667,0,0,50.6666666666667,0,0,4,0,38.6666666666667,0,0,100
"2020-10_south-west_BOSS","FH62",-33.7562,114.8814,"20201020","14:32:04",45.2,0,0,15.7894736842105,0,2.63157894736842,27.6315789473684,0,2.63157894736842,25,0,26.3157894736842,0,0,99.9999999999999
"2020-10_south-west_BOSS","FH30",-33.7512,114.8889,"20201020","14:44:05",NA,0,0,6.66666666666667,0,0,69.3333333333333,0,0,0,0,24,0,0,100
"2020-10_south-west_BOSS","261",-33.9762,114.9214,"20201030","07:00:38",46.5,0,0,19.2307692307692,0,1.28205128205128,17.9487179487179,0,0,39.7435897435897,0,21.7948717948718,0,0,99.9999999999999
"2020-10_south-west_BOSS","338",-33.9723,114.9225,"20201030","07:16:01",46,0,0,5.26315789473684,0,5.26315789473684,14.4736842105263,0,0,15.7894736842105,0,59.2105263157895,0,0,100
"2020-10_south-west_BOSS","260",-33.9712,114.9164,"20201030","07:25:21",46.1,0,0,50.6493506493506,0,0,15.5844155844156,0,6.49350649350649,7.79220779220779,0,19.4805194805195,0,0,100
"2020-10_south-west_BOSS","259",-33.9687,114.9214,"20201030","07:39:07",46.3,0,0,36.6197183098592,0,0,14.0845070422535,0,2.8169014084507,42.2535211267606,0,4.22535211267606,0,0,100
"2020-10_south-west_BOSS","258",-33.9662,114.9139,"20201030","07:48:52",46.2,0,0,20,0,0,37.3333333333333,0,10.6666666666667,30.6666666666667,0,1.33333333333333,0,0,100
"2020-10_south-west_BOSS","FH10",-33.9862,114.8864,"20201030","08:08:24",NA,0,0,67.6470588235294,0,0,11.7647058823529,0,1.47058823529412,0,0,19.1176470588235,0,0,99.9999999999999
"2020-10_south-west_BOSS","FH111",-33.9862,114.8789,"20201030","08:17:49",NA,0,0,1.25,0,0,25,0,5,1.25,0,67.5,0,0,100
"2020-10_south-west_BOSS","130",-33.9812,114.8764,"20201030","08:30:30",NA,0,0,26.9230769230769,0,0,43.5897435897436,0,25.6410256410256,3.84615384615385,0,0,0,0,99.9999999999999
"2020-10_south-west_BOSS","152",-33.9812,114.8689,"20201030","08:39:18",41.9,0,0,52.0547945205479,0,0,23.2876712328767,0,5.47945205479452,1.36986301369863,0,17.8082191780822,0,0,100
"2020-10_south-west_BOSS","134",-33.9837,114.8614,"20201030","08:47:50",41.3,0,0,19.1176470588235,0,0,54.4117647058823,0,7.35294117647059,4.41176470588235,0,14.7058823529412,0,0,99.9999999999999
"2020-10_south-west_BOSS","133",-33.9912,114.8664,"20201030","08:58:26",40.5,0,0,17.910447761194,0,0,44.7761194029851,0,31.3432835820896,5.97014925373134,0,0,0,0,100
"2020-10_south-west_BOSS","132",-33.9912,114.8714,"20201030","09:07:01",42.7,0,0,12.1621621621622,0,0,51.3513513513513,0,28.3783783783784,0,0,8.10810810810811,0,0,100
"2020-10_south-west_BOSS","FH77",-33.9962,114.8764,"20201030","09:18:46",42,0,0,8.75,0,0,63.75,0,1.25,1.25,0,25,0,0,100
"2020-10_south-west_BOSS","FH52",-33.9912,114.8889,"20201030","09:28:26",42.8,0,0,46.7532467532467,0,0,10.3896103896104,0,18.1818181818182,0,0,24.6753246753247,0,0,100
"2020-10_south-west_BOSS","244",-34.0037,114.9064,"20201030","09:46:06",45.6,0,0,14.2857142857143,0,0,28.5714285714286,0,0,18.5714285714286,0,38.5714285714286,0,0,100
"2020-10_south-west_BOSS","245",-34.0087,114.9014,"20201030","09:55:54",45.5,0,0,24,0,0,28,0,1.33333333333333,6.66666666666667,0,40,0,0,100
"2020-10_south-west_BOSS","64",-34.0137,114.8964,"20201030","10:06:10",NA,0,0,21.25,0,0,36.25,0,0,8.75,0,33.75,0,0,100
"2020-10_south-west_BOSS","C01",-34.015,114.8891,"20201030","10:16:53",NA,0,0,13.9240506329114,0,0,84.8101265822785,0,0,1.26582278481013,0,0,0,0,100
"2020-10_south-west_BOSS","65",-34.0112,114.8889,"20201030","10:25:08",NA,0,0,55.6962025316456,0,0,20.253164556962,0,2.53164556962025,0,0,21.5189873417722,0,0,100
"2020-10_south-west_BOSS","272",-34.0087,114.8139,"20201030","10:52:55",50.1,0,0,13.1578947368421,0,0,56.578947368421,0,0,9.21052631578947,0,21.0526315789474,0,0,100
"2020-10_south-west_BOSS","337",-34.0054,114.8202,"20201030","11:01:29",43.8,0,0,9.21052631578947,0,0,89.4736842105263,0,0,1.31578947368421,0,0,0,0,100
"2020-10_south-west_BOSS","273",-33.9987,114.8214,"20201030","11:09:00",46,0,1.31578947368421,34.2105263157895,0,0,51.3157894736842,0,1.31578947368421,6.57894736842105,0,5.26315789473684,0,0,100
"2020-10_south-west_BOSS","328",-33.9936,114.8214,"20201030","11:16:15",44.8,0,0,22.5,0,0,62.5,0,6.25,1.25,0,7.5,0,0,100
"2020-10_south-west_BOSS","269",-33.9887,114.8139,"20201030","11:26:27",47.7,0,0,32.0512820512821,0,0,48.7179487179487,0,0,12.8205128205128,0,6.41025641025641,0,0,100
"2020-10_south-west_BOSS","145",-33.9862,114.8239,"20201030","11:36:14",44.3,0,0,24.6376811594203,0,0,56.5217391304348,0,1.44927536231884,4.34782608695652,0,13.0434782608696,0,0,100
"2020-10_south-west_BOSS","147",-33.9812,114.8314,"20201030","11:45:03",43.6,0,0,14.0845070422535,0,0,42.2535211267606,0,0,0,0,43.6619718309859,0,0,100
"2020-10_south-west_BOSS","158",-33.9812,114.8189,"20201030","11:57:31",46.1,0,0,43.5897435897436,0,0,2.56410256410256,0,0,0,0,53.8461538461538,0,0,100
"2020-10_south-west_BOSS","146",-33.9762,114.8214,"20201030","12:05:43",45.3,0,0,45.5696202531646,0,0,15.1898734177215,0,10.126582278481,0,0,29.1139240506329,0,0,100
"2020-10_south-west_BOSS","157",-33.9712,114.8239,"20201030","12:14:40",44.7,0,2.56410256410256,19.2307692307692,0,1.28205128205128,42.3076923076923,0,6.41025641025641,8.97435897435897,0,19.2307692307692,0,0,99.9999999999999
"2020-10_south-west_BOSS","OMR1",-33.9676,114.9582,"20201030","13:03:59",35.6,0,0,13.9240506329114,0,0,30.379746835443,0,0,0,0,55.6962025316456,0,0,100
"2020-10_south-west_BOSS","OMR2",-33.9679,114.9551,"20201030","13:15:35",38,0,0,0,0,0,0,0,0,0,0,100,0,0,100
"2020-10_south-west_BOSS","OMR3",-33.9685,114.9543,"20201030","13:23:54",38,0,0,0,0,0,22.5,0,0,0,0,77.5,0,0,100
"2020-10_south-west_BOSS","OMR4",-33.9682,114.9529,"20201030","13:35:02",38.6,0,0,2.77777777777778,0,0,5.55555555555556,0,0,1.38888888888889,0,90.2777777777778,0,0,100
"2020-10_south-west_BOSS","216",-34.0612,114.9164,"20201031","07:01:16",47.5,0,0,21.25,0,0,20,0,0,16.25,0,42.5,0,0,100
"2020-10_south-west_BOSS","235",-34.0912,114.9364,"20201031","07:11:46",47,0,1.36986301369863,15.0684931506849,0,0,17.8082191780822,0,2.73972602739726,21.9178082191781,0,41.0958904109589,0,0,100
"2020-10_south-west_BOSS","217",-34.0662,114.9139,"20201031","07:19:39",46.3,0,0,7.5,0,0,16.25,0,0,0,0,76.25,0,0,100
"2020-10_south-west_BOSS","215",-34.0662,114.9189,"20201031","07:28:33",46.9,0,0,0,0,0,0,0,0,0,0,100,0,0,100
"2020-10_south-west_BOSS","356",-34.0687,114.9264,"20201031","07:39:03",47.2,0,0,24.3589743589744,0,0,3.84615384615385,0,2.56410256410256,44.8717948717949,0,24.3589743589744,0,0,100
"2020-10_south-west_BOSS","218",-34.0696,114.9185,"20201031","07:53:09",46.5,0,0,22.5,0,0,1.25,0,0,0,0,76.25,0,0,100
"2020-10_south-west_BOSS","102",-34.0737,114.9214,"20201031","08:02:56",46.4,0,0,11.3924050632911,0,0,72.1518987341772,0,0,10.126582278481,0,6.32911392405063,0,0,99.9999999999999
"2020-10_south-west_BOSS","100",-34.0712,114.9114,"20201031","08:12:11",44.5,0,0,23.6842105263158,0,0,50,0,14.4736842105263,9.21052631578947,0,2.63157894736842,0,0,100
"2020-10_south-west_BOSS","119",-34.0762,114.9089,"20201031","08:20:22",43.5,0,0,18.9873417721519,0,0,55.6962025316456,0,0,6.32911392405063,0,18.9873417721519,0,0,100
"2020-10_south-west_BOSS","101",-34.0762,114.9039,"20201031","08:29:57",43.4,0,0,14.1025641025641,0,0,69.2307692307692,0,0,7.69230769230769,0,8.97435897435897,0,0,100
"2020-10_south-west_BOSS","236",-34.0787,114.8964,"20201031","08:47:27",46,0,0,1.25,0,0,70,0,0,0,0,28.75,0,0,100
"2020-10_south-west_BOSS","237",-34.0812,114.9239,"20201031","08:57:11",43.2,0,0,0,0,0,0,0,0,0,0,100,0,0,100
"2020-10_south-west_BOSS","C02",-34.0812,114.9364,"20201031","09:07:10",45,0,2.73972602739726,9.58904109589041,0,0,43.8356164383562,0,0,42.4657534246575,0,1.36986301369863,0,0,100
"2020-10_south-west_BOSS","235REDO",-34.0854,114.9279,"20201031","09:17:31",44.3,0,0,0,0,0,13.75,0,0,0,0,86.25,0,0,100
"2020-10_south-west_BOSS","239",-34.0912,114.9364,"20201031","09:25:33",45.3,0,0,0,0,0,0,0,0,0,0,100,0,0,100
"2020-10_south-west_BOSS","91",-34.0912,114.9314,"20201031","09:43:27",42.7,0,0,18.75,0,0,56.25,0,0,3.75,0,21.25,0,0,100
"2020-10_south-west_BOSS","80",-34.0937,114.8939,"20201031","09:51:03",43.1,0,0,23.3766233766234,0,0,50.6493506493506,0,11.6883116883117,2.5974025974026,0,11.6883116883117,0,0,100
"2020-10_south-west_BOSS","81",-34.0937,114.8889,"20201031","09:59:33",43.3,0,0,14.8648648648649,0,0,52.7027027027027,0,20.2702702702703,4.05405405405405,0,8.10810810810811,0,0,100
"2020-10_south-west_BOSS","92",-34.0987,114.8914,"20201031","10:07:45",41.3,0,0,25,0,0,45,0,7.5,0,0,22.5,0,0,100
"2020-10_south-west_BOSS","210",-34.0987,114.8864,"20201031","10:19:54",43.9,0,0,16.4556962025316,0,0,46.8354430379747,0,18.9873417721519,6.32911392405063,0,11.3924050632911,0,0,99.9999999999999
"2020-10_south-west_BOSS","336",-34.0912,114.8739,"20201031","10:28:58",43.1,0,0,23.75,0,0,56.25,0,3.75,2.5,0,13.75,0,0,100
"2020-10_south-west_BOSS","195",-34.0924,114.8664,"20201031","10:37:50",44.4,0,0,18.4210526315789,0,0,61.8421052631579,0,13.1578947368421,3.94736842105263,0,2.63157894736842,0,0,99.9999999999999
"2020-10_south-west_BOSS","199",-34.0937,114.8589,"20201031","10:47:22",42.7,0,0,24.6753246753247,0,0,59.7402597402597,0,5.19480519480519,2.5974025974026,0,7.79220779220779,0,0,100
"2020-10_south-west_BOSS","16",-34.0862,114.8614,"20201031","11:16:16",41.4,0,0,20.8333333333333,0,0,48.6111111111111,0,5.55555555555556,15.2777777777778,0,9.72222222222222,0,0,100
"2020-10_south-west_BOSS","17",-34.0737,114.8689,"20201031","11:26:32",41,0,0,0,0,0,89.7435897435898,0,2.56410256410256,2.56410256410256,0,5.12820512820513,0,0,100
"2020-10_south-west_BOSS","34",-34.0637,114.8764,"20201031","11:34:38",41.4,0,0,20.253164556962,0,0,58.2278481012658,0,12.6582278481013,0,0,8.86075949367089,0,0,100
"2020-10_south-west_BOSS","15",-34.0612,114.8714,"20201031","11:42:46",41.6,0,0,12.6582278481013,0,0,55.6962025316456,0,18.9873417721519,2.53164556962025,0,10.126582278481,0,0,100
"2020-10_south-west_BOSS","223",-34.0612,114.8664,"20201031","11:58:00",44.2,0,0,23.0769230769231,0,0,15.3846153846154,0,10.2564102564103,8.97435897435897,0,42.3076923076923,0,0,100
"2020-10_south-west_BOSS","225",-34.0712,114.8464,"20201031","12:09:16",45.2,0,0,17.5,1.25,0,68.75,0,0,1.25,0,11.25,0,0,100
"2020-10_south-west_BOSS","222",-34.0712,114.8339,"20201031","12:18:32",46.9,0,0,61.5384615384615,0,0,28.2051282051282,0,0,5.12820512820513,0,5.12820512820513,0,0,100
"2020-10_south-west_BOSS","C03.1",-34.0662,114.8314,"20201031","12:28:05",42.4,0,0,9.83606557377049,0,0,75.4098360655738,0,0,14.7540983606557,0,0,0,0,100
"2020-10_south-west_BOSS","C03.2",-34.0664,114.8398,"20201031","12:35:55",43.4,0,0,24.5901639344262,0,0,57.3770491803279,0,0,18.0327868852459,0,0,0,0,100
"2020-10_south-west_BOSS","226",-34.0664,114.8398,"20201031","12:43:58",44,0,0,18.9189189189189,0,0,59.4594594594595,0,5.40540540540541,2.7027027027027,0,13.5135135135135,0,0,100
"2020-10_south-west_BOSS","224",-34.0637,114.8439,"20201031","12:53:00",44.9,0,0,38.75,0,0,28.75,0,3.75,1.25,0,27.5,0,0,100
"2020-10_south-west_BOSS","220",-34.0612,114.8389,"20201031","13:01:48",43.9,0,0,12.8205128205128,0,0,79.4871794871795,0,0,0,0,7.69230769230769,0,0,100
"2020-10_south-west_BOSS","353",-34.0562,114.8439,"20201031","13:11:00",45,0,0,0,0,0,98.7341772151899,0,0,0,0,1.26582278481013,0,0,100
"2020-10_south-west_BOSS","201",-34.0544,114.8391,"20201031","13:19:40",46.3,0,0,35,0,0,26.25,0,0,2.5,0,36.25,0,0,100
"2020-10_south-west_BOSS","72",-34.0562,114.8339,"20201031","13:36:24",43.3,0,0,8.75,0,0,61.25,0,11.25,2.5,0,16.25,0,0,100
"2020-10_south-west_BOSS","75",-34.0362,114.8464,"20201031","13:45:35",42.6,0,0,17.5,0,5,37.5,0,17.5,3.75,0,18.75,0,0,100
"2020-10_south-west_BOSS","74",-34.0337,114.8539,"20201031","13:55:30",43.2,0,0,35,0,0,32.5,0,18.75,6.25,0,7.5,0,0,100
"2020-10_south-west_BOSS","73",-34.0287,114.8514,"20201031","14:03:39",42.2,0,0,9.58904109589041,0,0,50.6849315068493,0,32.8767123287671,1.36986301369863,0,5.47945205479452,0,0,100
"2020-10_south-west_BOSS","264",-34.0287,114.8589,"20201031","14:24:30",42.4,0,0,48.7179487179487,0,0,16.6666666666667,0,8.97435897435897,7.69230769230769,0,17.9487179487179,0,0,100
"2020-10_south-west_BOSS","66",-34.0187,114.8739,"20201031","14:33:06",42.5,0,0,19.4444444444444,0,0,51.3888888888889,0,20.8333333333333,0,0,8.33333333333333,0,0,99.9999999999999
"2020-10_south-west_BOSS","339",-34.0162,114.8814,"20201031","14:40:57",42.1,0,2.94117647058824,2.94117647058824,0,2.94117647058824,39.7058823529412,0,16.1764705882353,27.9411764705882,7.35294117647059,0,0,0,100
"2020-10_south-west_BOSS","262",-34.0146,114.8785,"20201031","14:48:37",42.1,0,0,18.3098591549296,0,0,60.5633802816901,0,7.04225352112676,2.8169014084507,0,11.2676056338028,0,0,100
"2020-10_south-west_BOSS","263",-34.0137,114.8739,"20201031","14:57:46",42.6,0,0,12.6582278481013,0,0,56.9620253164557,0,25.3164556962025,2.53164556962025,0,2.53164556962025,0,0,100
"2020-10_south-west_BOSS","278",-34.0087,114.8789,"20201104","07:43:00",140,0,0,0,0,5.06329113924051,0,0,0,1.26582278481013,0,93.6708860759494,0,0,100
"2020-10_south-west_BOSS","40",-34.1112,114.6389,"20201104","10:31:33",130,0,0,0,0,0,0,0,0,0,0,100,0,0,100
"2020-10_south-west_BOSS","36",-34.1037,114.7139,"20201104","10:42:42",129,0,0,1.26582278481013,0,0,0,0,0,0,0,98.7341772151899,0,0,100
"2020-10_south-west_BOSS","37",-34.1037,114.7189,"20201104","10:54:04",129,0,0,0,0,1.25,0,0,0,0,0,98.75,0,0,100
"2020-10_south-west_BOSS","308",-34.1087,114.7189,"20201104","11:08:18",125,0,0,0,0,2.5,0,0,0,0,0,97.5,0,0,100
"2020-10_south-west_BOSS","333",-34.1112,114.7289,"20201104","11:20:14",125,0,0,2.5,1.25,3.75,0,0,0,2.5,0,90,0,0,100
"2020-10_south-west_BOSS","307",-34.113,114.7251,"20201104","12:18:00",119,0,0,0,0,0,0,0,0,0,0,100,0,0,100
"2020-10_south-west_BOSS","95",-34.1187,114.7264,"20201104","12:33:38",127,0,0,0,0,0,0,0,0,0,0,100,0,0,100
"2020-10_south-west_BOSS","98",-34.1262,114.7339,"20201104","12:50:15",128,0,0,0,0,0,0,0,0,0,0,100,0,0,100
"2020-10_south-west_BOSS","110",-34.1337,114.7314,"20201104","13:03:23",129,0,0,0,0,0,0,0,0,1.25,0,98.75,0,0,100
"2020-10_south-west_BOSS","96",-34.1412,114.7289,"20201104","13:16:25",126,0,0,0,0,1.2987012987013,0,0,0,0,0,98.7012987012987,0,0,100
"2020-10_south-west_BOSS","377",-34.1362,114.7364,"20201104","13:36:50",115,0,0,0,0,0,0,0,0,0,0,100,0,0,100
"2020-10_south-west_BOSS","59",-34.1387,114.7589,"20201104","13:49:33",110,0,0,0,0,0,0,0,0,0,0,100,0,0,100
"2020-10_south-west_BOSS","58",-34.1412,114.7664,"20201104","14:02:50",94.3,0,0,0,0,0,0,0,0,0,0,100,0,0,100
"2020-10_south-west_BOSS","62",-34.1362,114.7739,"20201104","14:13:05",108,0,0,0,0,1.33333333333333,0,0,0,0,0,98.6666666666667,0,0,100
"2020-10_south-west_BOSS","297",-34.1337,114.7664,"20201104","14:33:05",115,0,0,0,0,0,0,0,0,0,0,100,0,0,100
"2020-10_south-west_BOSS","295",-34.1062,114.7489,"20201104","14:43:23",112,0,0,0,0,0,0,0,0,0,0,100,0,0,100
"2020-10_south-west_BOSS","331",-34.1037,114.7539,"20201104","14:53:29",111,0,0,0,0,0,0,0,0,0,0,100,0,0,100
"2020-10_south-west_BOSS","313",-34.0984,114.7501,"20201104","15:04:00",105,0,0,0,0,0,0,0,0,1.31578947368421,0,98.6842105263158,0,0,100
"2020-10_south-west_BOSS","282",-34.1262,114.7339,"20201107","06:52:16",147,0,0,0,1.31578947368421,5.26315789473684,0,0,0,0,0,93.4210526315789,0,0,100
"2020-10_south-west_BOSS","265",-34.1462,114.5439,"20201107","07:07:03",148,0,0,0,0,13.9240506329114,0,0,0,8.86075949367089,0,77.2151898734177,0,0,100
"2020-10_south-west_BOSS","340",-34.1487,114.5364,"20201107","07:21:23",148,0,0,0,1.38888888888889,8.33333333333333,0,0,0,13.8888888888889,0,76.3888888888889,0,0,100
"2020-10_south-west_BOSS","281",-34.143,114.5378,"20201107","07:34:00",147,0,0,0,1.38888888888889,6.94444444444444,0,0,0,8.33333333333333,0,83.3333333333333,0,0,100
"2020-10_south-west_BOSS","283",-34.1387,114.5414,"20201107","07:44:40",149,0,0,0,0,8.86075949367089,0,0,0,3.79746835443038,0,87.3417721518987,0,0,100
"2020-10_south-west_BOSS","342",-34.1387,114.5364,"20201107","08:22:30",229,0,0,18.8679245283019,0,33.9622641509434,0,0,0,41.5094339622642,0,5.66037735849057,0,0,100
"2020-10_south-west_BOSS","288",-34.0958,114.4752,"20201107","08:39:29",201,0,0,0,0,0,0,0,0,4.47761194029851,0,95.5223880597015,0,0,100
"2020-10_south-west_BOSS","274",-34.0912,114.4814,"20201107","08:51:59",218,0,1.75438596491228,0,0,7.01754385964912,0,0,0,5.26315789473684,0,85.9649122807018,0,0,100
"2020-10_south-west_BOSS","286",-34.0787,114.4739,"20201107","09:13:10",203,0,0,0,0,1.58730158730159,0,0,0,1.58730158730159,0,96.8253968253968,0,0,100
"2020-10_south-west_BOSS","285",-34.0787,114.4789,"20201107","09:26:10",215,0,1.5625,0,0,15.625,0,0,0,18.75,0,64.0625,0,0,100
"2020-10_south-west_BOSS","341",-34.0737,114.4764,"20201107","09:39:17",215,0,0,0,0,21.875,0,1.5625,0,50,0,26.5625,0,0,100
"2020-10_south-west_BOSS","284",-34.0725,114.4776,"20201107","10:33:35",230,0,0,0,0,0,0,0,0,9.52380952380952,0,90.4761904761905,0,0,100
"2020-10_south-west_BOSS","321",-34.0662,114.4764,"20201107","10:54:39",242,0,1.88679245283019,0,0,1.88679245283019,0,0,0,5.66037735849057,0,90.5660377358491,0,0,100
"2020-10_south-west_BOSS","358",-34.0482,114.4681,"20201107","11:08:35",213,0,0,0,0,0,0,0,0,3.50877192982456,0,96.4912280701754,0,0,100
"2020-10_south-west_BOSS","360",-34.0462,114.4764,"20201107","11:22:49",255,0,0,0,0,0,0,0,0,0,0,100,0,0,100
"2020-10_south-west_BOSS","248",-34.0437,114.4714,"20201107","11:36:00",154,0,0,0,0,2.08333333333333,0,0,0,18.75,0,79.1666666666667,0,0,100
"2020-10_south-west_BOSS","135",-34.0362,114.4889,"20201107","11:51:47",170,0,0,0,9.80392156862745,7.84313725490196,0,0,0,11.7647058823529,0,70.5882352941177,0,0,100
"2020-10_south-west_BOSS","247",-34.0337,114.4839,"20201107","12:03:22",197,0,0,0,1.96078431372549,5.88235294117647,0,0,0,13.7254901960784,0,78.4313725490196,0,0,100
"2020-10_south-west_BOSS","136",-34.0337,114.4789,"20201107","12:16:17",180,0,1.69491525423729,1.69491525423729,0,11.864406779661,0,0,0,18.6440677966102,0,66.1016949152542,0,0,100
"2020-10_south-west_BOSS","76",-34.0287,114.4789,"20201107","12:33:47",233,0,0,0,0,0,0,0,0,0,0,100,0,0,100
"2020-10_south-west_BOSS","78",-34.0237,114.4689,"20201107","12:49:14",219,0,0,0,0,5,0,0,0,1.66666666666667,0,93.3333333333333,0,0,100
"2020-10_south-west_BOSS","63",-34.0162,114.4689,"20201107","13:02:42",203,0,0,0,0,0,0,0,0,0,0,100,0,0,100
"2020-10_south-west_BOSS","77",-34.0112,114.4739,"20201107","13:16:24",221,0,0,0,0,0,0,0,0,3.03030303030303,0,96.969696969697,0,0,100
"2020-10_south-west_BOSS","347",-34.0112,114.4664,"20201107","13:44:04",146,0,0,0,0,4.34782608695652,0,0,0,1.44927536231884,0,94.2028985507246,0,0,100
"2020-10_south-west_BOSS","322",-34.0287,114.5414,"20201107","13:56:13",145,0,0,0,3.33333333333333,0,0,0,0,6.66666666666667,0,90,0,0,100
"2020-10_south-west_BOSS","346",-34.0327,114.5439,"20201107","14:08:00",145,0,0,0,6.25,1.5625,0,0,0,3.125,0,89.0625,0,0,100
"2020-10_south-west_BOSS","345",-34.0262,114.5464,"20201107","14:17:40",146,0,0,0,0,1.53846153846154,0,0,0,4.61538461538462,0,93.8461538461538,0,0,100
"2020-10_south-west_BOSS","49",-34.0287,114.5514,"20201108","07:03:31",130,0,0,0,1.36986301369863,4.10958904109589,0,0,0,0,0,94.5205479452055,0,0,100
"2020-10_south-west_BOSS","47",-34.0612,114.7064,"20201108","07:14:14",127,0,0,0,0,0,0,0,0,1.25,0,98.75,0,0,100
"2020-10_south-west_BOSS","46",-34.0637,114.7114,"20201108","07:25:59",125,0,1.61290322580645,1.61290322580645,0,56.4516129032258,0,0,0,4.83870967741935,0,35.4838709677419,0,0,100
"2020-10_south-west_BOSS","290",-34.0687,114.7114,"20201108","07:38:01",124,0,0,0,0,0,0,0,0,1.36986301369863,0,98.6301369863014,0,0,100
"2020-10_south-west_BOSS","302",-34.0687,114.7189,"20201108","07:48:30",122,0,0,0,0,0,0,0,0,0,0,100,0,0,100
"2020-10_south-west_BOSS","329",-34.0712,114.7239,"20201108","07:59:37",118,0,0,0,1.69491525423729,40.6779661016949,0,0,0,18.6440677966102,0,38.9830508474576,0,0,100
"2020-10_south-west_BOSS","117",-34.0648,114.7266,"20201108","08:11:19",112,0,0,0,0,0,0,0,0,0,0,100,0,0,100
"2020-10_south-west_BOSS","113",-34.0637,114.7389,"20201108","08:21:39",111,0,0,0,0,0,0,0,0,0,0,100,0,0,100
"2020-10_south-west_BOSS","115",-34.0587,114.7389,"20201108","08:31:25",111,0,0,0,0,2.56410256410256,0,0,0,0,0,97.4358974358974,0,0,100
"2020-10_south-west_BOSS","4",-34.0537,114.7364,"20201108","08:57:56",60,0,0,48.6486486486487,0,0,6.75675675675676,0,0,20.2702702702703,0,24.3243243243243,0,0,100
"2020-10_south-west_BOSS","5",-34.0912,114.7814,"20201108","09:07:02",66,0,0,16.6666666666667,0,2.77777777777778,1.38888888888889,0,0,8.33333333333333,0,70.8333333333333,0,0,100
"2020-10_south-west_BOSS","1",-34.0887,114.7764,"20201108","09:18:31",62.6,0,0,25.4901960784314,0,27.4509803921569,0,0,0,29.4117647058824,0,17.6470588235294,0,0,100
"2020-10_south-west_BOSS","3",-34.0762,114.7839,"20201108","09:29:21",61.4,0,1.66666666666667,43.3333333333333,0,8.33333333333333,3.33333333333333,0,0,33.3333333333333,0,10,0,0,99.9999999999999
"2020-10_south-west_BOSS","335",-34.0669,114.794,"20201108","09:40:59",54.9,0,1.47058823529412,36.7647058823529,0,0,33.8235294117647,0,0,11.7647058823529,0,16.1764705882353,0,0,99.9999999999999
"2020-10_south-west_BOSS","206",-34.0637,114.7914,"20201108","09:49:23",58.2,0,0,10.126582278481,0,0,2.53164556962025,0,0,3.79746835443038,0,83.5443037974684,0,0,100
"2020-10_south-west_BOSS","204",-34.0662,114.7864,"20201108","09:59:09",60.6,0,0,3.77358490566038,0,3.77358490566038,1.88679245283019,0,0,9.43396226415094,0,81.1320754716981,0,0,100
"2020-10_south-west_BOSS","207",-34.0612,114.7864,"20201108","10:08:10",60.2,0,0,11.6883116883117,0,0,11.6883116883117,0,0,2.5974025974026,0,74.025974025974,0,0,100
"2020-10_south-west_BOSS","312",-34.05868897,114.7788721,"20201108","10:20:56",65.2,0,0,3.79746835443038,0,6.32911392405063,0,0,0,1.26582278481013,0,88.6075949367088,0,0,99.9999999999999
"2020-10_south-west_BOSS","334",-34.0616,114.7754,"20201108","10:29:33",63,0,0,0,0,3.8961038961039,0,1.2987012987013,0,1.2987012987013,0,93.5064935064935,0,0,100
"2020-10_south-west_BOSS","310",-34.0587,114.7739,"20201108","10:37:49",64.1,0,2.77777777777778,16.6666666666667,2.77777777777778,6.94444444444444,5.55555555555556,0,0,12.5,0,52.7777777777778,0,0,100
"2020-10_south-west_BOSS","311",-34.0562,114.7689,"20201108","10:47:06",67.2,0,1.42857142857143,60,0,12.8571428571429,2.85714285714286,0,0,14.2857142857143,0,8.57142857142857,0,0,100
"2020-10_south-west_BOSS","327",-34.0295,114.7624,"20201108","11:34:53",64.9,1.47058823529412,0,30.8823529411765,1.47058823529412,4.41176470588235,0,0,0,30.8823529411765,0,30.8823529411765,0,0,100
"2020-10_south-west_BOSS","267",-34.0262,114.7639,"20201108","11:42:58",62.7,0,0,6.84931506849315,0,1.36986301369863,6.84931506849315,0,0,4.10958904109589,0,80.8219178082192,0,0,100
"2020-10_south-west_BOSS","365",-34.0237,114.7539,"20201108","11:54:40",72,0,0,41.6666666666667,0,20.8333333333333,9.72222222222222,0,0,25,0,2.77777777777778,0,0,100
"2020-10_south-west_BOSS","266",-34.0212,114.7589,"20201108","12:03:40",67.3,0,2.5974025974026,6.49350649350649,0,6.49350649350649,0,0,0,7.79220779220779,0,76.6233766233766,0,0,100
"2020-10_south-west_BOSS","325",-33.9918,114.7443,"20201108","12:21:33",82.4,0,0,34.7826086956522,7.2463768115942,28.9855072463768,0,2.89855072463768,0,20.2898550724638,0,5.79710144927536,0,0,100
"2020-10_south-west_BOSS","361",-33.9887,114.7414,"20201108","12:30:37",84.3,0,0,13.1578947368421,1.31578947368421,15.7894736842105,0,3.94736842105263,0,6.57894736842105,0,59.2105263157895,0,0,100
"2020-10_south-west_BOSS","374",-33.9862,114.7464,"20201108","12:39:45",74.8,0,0,18.6666666666667,4,45.3333333333333,0,1.33333333333333,0,25.3333333333333,0,5.33333333333333,0,0,100
"2020-10_south-west_BOSS","363",-33.9862,114.7514,"20201108","12:48:25",65.6,0,0,42.8571428571429,0,31.1688311688312,9.09090909090909,0,0,15.5844155844156,0,1.2987012987013,0,0,100
"2020-10_south-west_BOSS","227",-33.9987,114.7839,"20201108","13:05:40",54.1,0,0,46.8354430379747,0,0,41.7721518987342,0,0,1.26582278481013,0,10.126582278481,0,0,100
"2020-10_south-west_BOSS","229",-33.9937,114.7864,"20201108","13:14:36",52.5,0,0,68,0,0,18.6666666666667,0,0,12,0,1.33333333333333,0,0,100
"2020-10_south-west_BOSS","241",-33.9937,114.7914,"20201108","13:22:31",51.3,0,0,50.6493506493506,0,0,36.3636363636364,0,0,10.3896103896104,0,2.5974025974026,0,0,100
"2020-10_south-west_BOSS","228",-34.0037,114.7939,"20201108","13:32:47",50.6,0,0,55.8441558441558,0,0,33.7662337662338,0,2.5974025974026,6.49350649350649,0,1.2987012987013,0,0,100
"2020-10_south-west_BOSS","278REDO",-34.0087,114.8789,"20201111","07:18:57",140,0,0,0,0,9.33333333333333,0,0,0,0,0,89.3333333333333,0,1.33333333333333,100
"2020-10_south-west_BOSS","277",-34.1062,114.6464,"20201111","07:30:06",139,0,0,0,0,8.21917808219178,0,0,0,0,0,91.7808219178082,0,0,100
"2020-10_south-west_BOSS","343",-34.1026,114.6407,"20201111","07:41:11",140,0,0,0,0,1.63934426229508,0,0,0,0,0,98.3606557377049,0,0,100
"2020-10_south-west_BOSS","276",-34.1012,114.6364,"20201111","07:53:00",141,0,0,0,0,11.2676056338028,0,0,0,8.45070422535211,0,80.2816901408451,0,0,100
"2020-10_south-west_BOSS","275",-34.0987,114.6464,"20201111","08:04:11",139,0,1.31578947368421,0,0,7.89473684210526,0,0,0,2.63157894736842,0,88.1578947368421,0,0,100
"2020-10_south-west_BOSS","280",-34.0887,114.6739,"20201111","08:20:04",138,0,1.47058823529412,0,0,1.47058823529412,0,0,0,1.47058823529412,0,95.5882352941177,0,0,100
"2020-10_south-west_BOSS","344",-34.0844,114.6744,"20201111","08:29:59",138,0,0,0,0,5.19480519480519,0,0,0,0,0,94.8051948051948,0,0,100
"2020-10_south-west_BOSS","299",-34.0812,114.6764,"20201111","08:39:36",138,0,0,0,0,1.33333333333333,0,0,0,0,0,98.6666666666667,0,0,100
"2020-10_south-west_BOSS","298",-34.0762,114.6714,"20201111","08:50:46",136,0,0,0,0,0,0,0,0,1.42857142857143,0,98.5714285714286,0,0,100
"2020-10_south-west_BOSS","352",-34.0362,114.5989,"20201111","09:22:42",140,0,0,0,0,0,0,0,0,1.26582278481013,0,98.7341772151899,0,0,100
"2020-10_south-west_BOSS","323",-34.031,114.6001,"20201111","09:33:24",142,0,1.2987012987013,0,0,7.79220779220779,0,0,0,6.49350649350649,0,84.4155844155844,0,0,100
"2020-10_south-west_BOSS","351",-34.0312,114.5964,"20201111","09:43:30",141,0,0,0,0,1.40845070422535,0,0,0,2.8169014084507,0,95.7746478873239,0,0,99.9999999999999
"2020-10_south-west_BOSS","369",-34.0287,114.5914,"20201111","09:54:08",134,0,0,0,0,0,0,0,0,7.79220779220779,0,92.2077922077922,0,0,100
"2020-10_south-west_BOSS","349",-34.0237,114.5964,"20201111","10:05:20",134,0,0,0,0,8.57142857142857,0,0,0,11.4285714285714,0,80,0,0,100
"2020-10_south-west_BOSS","350",-34.0262,114.6039,"20201111","10:15:42",142,0,0,0,1.26582278481013,6.32911392405063,0,0,0,5.06329113924051,0,87.3417721518987,0,0,100
"2020-10_south-west_BOSS","372",-34.0062,114.6439,"20201111","10:56:54",134,0,0,0,0,4.22535211267606,0,0,0,1.40845070422535,0,94.3661971830986,0,0,100
"2020-10_south-west_BOSS","324",-33.9984,114.6406,"20201111","11:09:27",142,0,0,0,0,3.75,0,0,0,2.5,0,93.75,0,0,100
"2020-10_south-west_BOSS","378",-33.9937,114.6389,"20201111","11:19:31",142,0,0,1.25,0,1.25,0,0,0,0,0,97.5,0,0,100
"2020-10_south-west_BOSS","370",-33.9962,114.6464,"20201111","11:29:48",141,0,0,0,0,1.31578947368421,0,0,0,1.31578947368421,0,97.3684210526316,0,0,100
"2020-10_south-west_BOSS","191",-33.9987,114.6714,"20201111","11:44:55",136,0,0,0,0,1.38888888888889,0,0,0,8.33333333333333,0,90.2777777777778,0,0,100
"2020-10_south-west_BOSS","194",-33.9962,114.6639,"20201111","11:57:09",137,0,0,0,0,2.5,0,0,0,3.75,0,93.75,0,0,100
"2020-10_south-west_BOSS","189",-33.9887,114.6639,"20201111","12:08:49",138,0,0,0,0,0,0,0,0,2.5,0,97.5,0,0,100
"2020-10_south-west_BOSS","192",-33.9862,114.6689,"20201111","12:19:02",138,0,0,0,0,6.25,0,0,0,2.5,0,91.25,0,0,100
"2020-10_south-west_BOSS","326",-34.0043,114.6893,"20201111","12:36:42",129,0,1.58730158730159,0,1.58730158730159,42.8571428571429,0,0,0,42.8571428571429,0,11.1111111111111,0,0,100
"2020-10_south-west_BOSS","364",-34.0087,114.6889,"20201111","12:46:27",131,0,0,0,0,2.5,0,0,0,0,0,97.5,0,0,100
"2020-10_south-west_BOSS","252",-34.0087,114.6939,"20201111","12:55:36",129,0,0,0,0,2.5,0,0,0,1.25,0,96.25,0,0,100
"2020-10_south-west_BOSS","250",-34.0137,114.6939,"20201111","13:06:10",130,0,0,0,0,0,0,0,0,0,0,100,0,0,100
"2020-10_south-west_BOSS","254",-34.0187,114.6964,"20201111","13:16:56",128,0,0,0,0,2.53164556962025,0,0,0,0,0,97.4683544303797,0,0,100
"2020-10_south-west_BOSS","253",-34.0137,114.7039,"20201111","13:27:37",125,0,0,0,0,0,0,0,0,0,0,100,0,0,100
"2020-10_south-west_BOSS","251",-34.0112,114.6989,"20201111","13:37:17",128,0,0,0,1.25,5,0,0,0,2.5,0,91.25,0,0,100
"2020-10_south-west_BOSS","71",-34.0037,114.6989,"20201111","13:47:50",125,0,0,0,0,1.25,0,0,0,1.25,0,97.5,0,0,100
"2020-10_south-west_BOSS","180",-33.9962,114.7039,"20201111","13:58:35",123,0,0,0,0,0,0,0,0,0,0,100,0,0,100
"2020-10_south-west_BOSS","CP11-1",-33.9928,114.6966,"20201111","14:08:52",125,0,0,0,6.84931506849315,12.3287671232877,0,0,0,5.47945205479452,0,75.3424657534247,0,0,100
"2020-10_south-west_BOSS","181",-33.9887,114.6989,"20201111","14:18:40",125,0,0,0,0,0,0,0,0,1.25,0,98.75,0,0,100
"2020-10_south-west_BOSS","CP11-2",-33.9743,114.6928,"20201111","14:32:11",124,0,0,0,2.85714285714286,54.2857142857143,0,2.85714285714286,0,37.1428571428571,0,2.85714285714286,0,0,100
"2020-10_south-west_BOSS","J11",-34.1178,114.9231,"20201119","06:58:19",39.7,0,0,5.75539568345324,0,0,33.8129496402878,0,46.7625899280576,13.6690647482014,0,0,0,0,100
"2020-10_south-west_BOSS","J12",-34.1323,114.9285,"20201119","07:05:56",44.7,0,0,5.85106382978723,0,0,64.8936170212766,0,0,27.6595744680851,0,1.59574468085106,0,0,100
"2020-10_south-west_BOSS","J9",-34.1195,114.9161,"20201119","07:13:23",44.1,0,0,2.71739130434783,0,0,61.9565217391304,0,5.43478260869565,9.78260869565217,0,20.1086956521739,0,0,100
"2020-10_south-west_BOSS","J10",-34.1173,114.9187,"20201119","07:20:50",38.7,0,0,3.64583333333333,0,0,77.0833333333333,0,15.1041666666667,3.125,0,1.04166666666667,0,0,100
"2020-10_south-west_BOSS","J1",-34.1286,114.9309,"20201119","07:29:32",44.3,0,0,16.0804020100502,0,0,2.51256281407035,0,0,0,0,81.4070351758794,0,0,100
"2020-10_south-west_BOSS","J2",-34.1253,114.9288,"20201119","07:37:40",44.4,0,0,4.76190476190476,0,0,38.0952380952381,0,36.734693877551,9.52380952380952,0,10.8843537414966,0,0,100
"2020-10_south-west_BOSS","J3",-34.1269,114.9259,"20201119","07:44:54",44.4,0,0.606060606060606,6.66666666666667,0.606060606060606,0,40.6060606060606,0,21.8181818181818,29.0909090909091,0,0.606060606060606,0,0,100
"2020-10_south-west_BOSS","J4",-34.1226,114.9203,"20201119","07:52:40",42.9,0,0,7.74647887323944,0,0,80.2816901408451,0,0,7.04225352112676,0,4.92957746478873,0,0,100
"2020-10_south-west_BOSS","J8",-34.1294,114.9118,"20201119","08:03:44",43.4,0,0,0.50251256281407,0,0,98.9949748743718,0,0,0.50251256281407,0,0,0,0,99.9999999999999
"2020-10_south-west_BOSS","J6",-34.1328,114.9124,"20201119","08:11:29",37.1,0,0,0,0,0,92.0289855072464,0,0,7.97101449275362,0,0,0,0,100
"2020-10_south-west_BOSS","J5",-34.1315,114.9158,"20201119","08:19:57",42.7,0,0,2.42424242424242,0,0,90.9090909090909,0,1.81818181818182,0.606060606060606,0,4.24242424242424,0,0,100
"2020-10_south-west_BOSS","J7",-34.1348,114.9102,"20201119","08:27:10",43.3,0,0,27.6729559748428,0,0,30.188679245283,0,23.8993710691824,5.0314465408805,0,13.2075471698113,0,0,100
"2020-10_south-west_BOSS","J17",-34.1321,114.9208,"20201119","08:41:02",40.6,0,0,5.43478260869565,0,0,65.7608695652174,0,25.5434782608696,0.543478260869565,0,2.71739130434783,0,0,100
"2020-10_south-west_BOSS","J14",-34.1284,114.9255,"20201119","08:48:29",41.7,0,0,4.8780487804878,0,0,83.5365853658537,0,0.609756097560976,3.65853658536585,0,7.31707317073171,0,0,100
"2020-10_south-west_BOSS","J16",-34.1262,114.9065,"20201119","08:56:44",41.2,0,0,8.48484848484849,0,0,75.7575757575758,0,1.81818181818182,0.606060606060606,0,13.3333333333333,0,0,100
"2020-10_south-west_BOSS","J15",-34.125,114.9103,"20201119","09:03:36",40.8,0,1.05820105820106,8.99470899470899,0,6.34920634920635,65.0793650793651,0,1.58730158730159,15.3439153439153,0,1.58730158730159,0,0,100
"2020-10_south-west_BOSS","J13",-34.1285,114.9305,"20201119","09:11:19",42.3,0,0,2.07253886010363,0,0,44.559585492228,0,10.880829015544,5.18134715025907,0,37.3056994818653,0,0,100
"2020-10_south-west_BOSS","J18",-34.1287,114.9241,"20201119","09:18:36",41.4,0,0,5.71428571428571,0,0,86.4285714285714,0,3.57142857142857,2.14285714285714,0,2.14285714285714,0,0,100
"2020-10_south-west_BOSS","J24",-34.1187,114.8264,"20201119","09:28:14",42.4,0,0,7.43243243243243,0,0,54.7297297297297,0,2.7027027027027,0,0,35.1351351351351,0,0,99.9999999999999
"2020-10_south-west_BOSS","J26",-34.1209,114.8289,"20201119","09:35:38",42.6,0,0,10.5960264900662,0,0,73.5099337748344,0,5.29801324503311,5.96026490066225,0,4.63576158940397,0,0,99.9999999999999
"2020-10_south-west_BOSS","J25",-34.1168,114.8284,"20201119","09:43:40",43,0,0,8.58895705521472,0,0,63.1901840490798,0,20.2453987730061,1.84049079754601,0,6.13496932515337,0,0,100
"2020-10_south-west_BOSS","J32",-34.1301,114.8611,"20201119","09:54:43",42.9,0,0,6.47058823529412,0,0,68.2352941176471,0,12.9411764705882,1.76470588235294,0,10.5882352941176,0,0,100
"2020-10_south-west_BOSS","J30",-34.1121,114.8595,"20201119","10:01:46",42.5,0,0,9.49720670391061,0,0,62.5698324022346,0,24.0223463687151,2.23463687150838,1.67597765363128,0,0,0,100
"2020-10_south-west_BOSS","J28",-34.1129,114.8521,"20201119","10:09:12",42.9,0,0,11.6279069767442,0,0,63.3720930232558,0,11.046511627907,10.4651162790698,0,3.48837209302326,0,0,100
"2020-10_south-west_BOSS","J29",-34.1111,114.8556,"20201119","10:16:30",43.8,0,0,6.01092896174863,0,0,54.6448087431694,0,16.3934426229508,2.73224043715847,0,20.2185792349727,0,0,100
"2020-10_south-west_BOSS","J31",-34.116,114.8607,"20201119","10:24:15",43.4,0,0,12.1951219512195,0,0,56.0975609756098,0,22.5609756097561,6.70731707317073,0,2.4390243902439,0,0,100
"2020-10_south-west_BOSS","J27",-34.1218,114.8329,"20201119","10:31:14",43.5,0,0,2.46913580246914,0,0,91.9753086419753,0,3.7037037037037,1.23456790123457,0,0.617283950617284,0,0,100
"2020-10_south-west_BOSS","J19",-34.1225,114.9278,"20201119","11:11:13",45.9,0,0,14.4654088050314,0,0,74.8427672955975,0,3.14465408805031,5.66037735849057,0,1.88679245283019,0,0,100
"2020-10_south-west_BOSS","J21",-34.1282,114.8174,"20201119","11:18:42",48.2,0,0,17.9775280898876,0,0,61.7977528089888,0,3.93258426966292,1.68539325842697,0,14.6067415730337,0,0,100
"2020-10_south-west_BOSS","J22",-34.1263,114.8196,"20201119","11:26:32",49.6,0,0,31.1594202898551,0,0,59.4202898550725,0,0.72463768115942,5.07246376811594,0,3.6231884057971,0,0,100
"2020-10_south-west_BOSS","J34",-34.1313,114.8661,"20201119","11:34:05",49.6,0,0,18.0327868852459,0,0,71.5846994535519,0,2.73224043715847,3.27868852459016,0,4.37158469945355,0,0,100
"2020-10_south-west_BOSS","J36",-34.1305,114.8783,"20201119","11:41:09",49.3,0,0,27.9220779220779,0,0,63.6363636363636,0,2.5974025974026,2.5974025974026,0,3.24675324675325,0,0,99.9999999999999
"2020-10_south-west_BOSS","J35",-34.1348,114.8693,"20201119","11:49:38",52,0,0,38.5057471264368,0,0,37.3563218390805,0,1.72413793103448,2.29885057471264,0.574712643678161,19.5402298850575,0,0,100
"2020-10_south-west_BOSS","J33",-34.1331,114.8627,"20201119","11:57:39",51.3,0,0,21.7948717948718,0,0,64.1025641025641,0,3.2051282051282,5.12820512820513,0,5.76923076923077,0,0,100
"2020-10_south-west_BOSS","J38",-34.1279,114.8839,"20201119","12:04:47",51,0,0,0,0,0,36.144578313253,0,0,1.80722891566265,0,62.0481927710843,0,0,100
"2020-10_south-west_BOSS","J37",-34.1264,114.8789,"20201119","12:12:46",49.3,0,0,18.7845303867403,0,0,36.4640883977901,0,0.552486187845304,2.76243093922652,0,41.4364640883978,0,0,100
"2020-10_south-west_BOSS","J20",-34.1302,114.8202,"20201119","12:23:27",48,0,0,42.9447852760736,0,0,39.8773006134969,0,4.9079754601227,7.36196319018405,0,4.9079754601227,0,0,100
"2020-10_south-west_BOSS","122",-34.1162,114.8264,"20201119","12:31:15",49.4,0,0,27.027027027027,0,0,40.5405405405405,0,16.2162162162162,12.1621621621622,0,4.05405405405405,0,0,99.9999999999999
"2020-10_south-west_BOSS","125",-34.1087,114.8264,"20201119","12:40:33",48.3,0,0,21.6666666666667,0,0,50,0,0,10,0,18.3333333333333,0,0,100
"2020-10_south-west_BOSS","123",-34.1062,114.8189,"20201119","12:49:26",49.1,0,0,19.6969696969697,0,0,37.8787878787879,1.51515151515152,0,3.03030303030303,0,37.8787878787879,0,0,100
"2020-10_south-west_BOSS","126",-34.1137,114.8189,"20201119","12:58:23",48.8,0,0,24.6153846153846,0,0,27.6923076923077,0,10.7692307692308,4.61538461538462,7.69230769230769,24.6153846153846,0,0,100
"2020-10_south-west_BOSS","293",-34.0887,114.7589,"20201119","13:22:25",95.2,0,0,4.61538461538462,1.53846153846154,47.6923076923077,0,4.61538461538462,0,15.3846153846154,0,26.1538461538462,0,0,100
"2020-10_south-west_BOSS","330",-34.0883,114.7545,"20201119","13:31:34",116,0,0,0,1.35135135135135,14.8648648648649,0,0,0,6.75675675675676,0,77.027027027027,0,0,100
"2020-10_south-west_BOSS","C04",-34.0876,114.7493,"20201119","13:41:55",110,0,0,0,0,0,0,0,0,0,0,100,0,0,100
"2020-10_south-west_BOSS","291",-34.0837,114.7489,"20201119","13:51:37",108,0,0,0,0,0,0,0,0,1.49253731343284,0,98.5074626865672,0,0,100
"2020-10_south-west_BOSS","294",-34.0837,114.7539,"20201119","14:00:52",102,0,0,0,0,0,0,0,0,1.49253731343284,0,98.5074626865672,0,0,100
