"sample","latitude","longitude","date","time","site","location","successful.count","habitat.backwards.image.saved","fov.facing.up","fov.limited","fov.open","fov.total.points.annotated","detailed.consolidated.boulder.turf.mat","detailed.consolidated.cobbles.no.biota","detailed.consolidated.cobbles.turf.mat","detailed.consolidated.rock.no.biota","detailed.consolidated.rock.turf.mat","detailed.consolidated.rock.veneer","detailed.macroalgae.articulated.calcareous.","detailed.macroalgae.encrusting.red","detailed.macroalgae.erect.course.branching.brown","detailed.macroalgae.erect.course.branching.green","detailed.macroalgae.erect.course.branching.red","detailed.macroalgae.erect.fine.branching.green","detailed.macroalgae.erect.fine.branching.red","detailed.macroalgae.filamentous.and.filiform.","detailed.macroalgae.large.canopy.forming.ecklonia.radiata","detailed.macroalgae.large.canopy.forming.scytothalia.dorycarpa","detailed.macroalgae.sheet.like.membranous.","detailed.macroalgae.small.mixed.","detailed.octocoral.black.fan.2d.","detailed.seagrasses.strap.like.leaves.thalassodendrum.sp.","detailed.sponges.crusts.","detailed.sponges.erect.forms.","detailed.sponges.hollow.forms.","detailed.sponges.massive.forms.","detailed.sponges.small.mixed.","detailed.stony.corals.sub.massive.live","detailed.unconsolidated.sand.mud.coarse.sand.","detailed.total.points.annotated","mean.relief","sd.relief"
"FH10",-33.98618897,114.8863721,20201013,12:32:00,"C.FH.24","South-west","Yes","Yes",0,0,40,40,0,0,0,0,5,0,0,0,9,0,0,0,0,0,0,0,0,0,0,10,0,0,0,0,0,0,0,24,2.54166666666667,0.508977377704051
"FH102",-33.68868897,114.9288721,20201017,06:42:00,"C.FH.3","South-west","Yes","Yes",0,0,40,40,0,0,0,0,0,0,0,0,0,0,0,0,0,0,0,0,0,0,0,0,0,0,0,0,0,0,27,27,0.185185185185185,0.39584739066357
"FH106",-33.78868897,114.8163721,20201012,13:16:00,"C.FH.12","South-west","Yes","Yes",0,0,40,40,0,0,0,2,0,0,0,0,17,0,0,0,0,0,3,0,0,0,0,0,0,0,0,0,0,0,1,23,2.17391304347826,0.576208131040061
"FH108",-33.76118897,114.9238721,20201017,09:32:00,"C.FH.9","South-west","Yes","Yes",0,0,40,40,0,0,0,0,1,0,0,0,12,1,0,0,2,0,0,0,0,0,0,0,0,0,0,0,1,0,6,23,1.69565217391304,0.558795995356872
"FH109",-33.91618897,114.9088721,20201029,13:04:00,"C.FH.20","South-west","Yes","Yes",0,0,40,40,0,0,4,0,1,0,0,0,1,0,0,0,0,0,1,0,0,0,0,9,0,0,0,3,0,0,1,20,2.6,0.598243041616119
"FH11",-33.89868897,114.9388721,20201029,14:48:00,"C.FH.18","South-west","Yes","Yes",0,0,40,40,0,0,0,0,0,0,0,0,2,0,0,0,0,0,2,0,0,0,0,0,0,0,0,8,0,0,13,25,1.52,1.35769412362775
"FH110",-33.80868897,114.8213721,20201012,15:06:00,"C.FH.13","South-west","Yes","Yes",0,0,40,40,0,0,0,1,6,0,0,0,0,0,0,0,3,0,1,0,0,0,0,2,0,1,0,4,0,0,4,22,2,0.925820099772551
"FH111",-33.98618897,114.8788721,20201013,12:28:00,"C.FH.24","South-west","Yes","Yes",0,3,37,40,0,0,0,0,2,0,0,0,7,0,0,0,1,0,0,0,0,0,0,5,0,0,0,0,0,0,10,25,1.72,0.842614977317636
"FH113",-33.72368897,114.7963721,20201012,12:41:00,"C.FH.7","South-west","Yes","Yes",0,0,20,20,0,0,0,0,1,0,0,0,1,0,0,0,0,0,0,0,0,0,0,7,0,0,0,1,0,0,0,10,2.7,0.483045891539648
"FH12",-33.91868897,114.8963721,20201029,12:46:00,"C.FH.21","South-west","Yes","Yes",0,10,30,40,0,0,0,0,0,0,0,0,10,1,0,0,6,0,0,0,0,0,0,3,0,0,0,0,0,0,0,20,2.15,0.366347548532523
"FH14",-33.76618897,114.8713721,20201017,11:24:00,"C.FH.10","South-west","Yes","Yes",0,8,12,20,0,0,0,0,0,0,0,0,0,5,0,0,1,0,2,0,0,0,0,0,0,0,0,0,0,0,4,12,1.83333333333333,0.717740562565273
"FH15",-33.68868897,114.8063721,20201012,10:29:00,"C.FH.4","South-west","Yes","Yes",0,8,32,40,0,0,0,0,0,0,0,0,0,0,0,0,0,0,0,0,0,0,0,0,0,0,0,0,0,0,22,22,0,0
"FH16",-33.90118897,114.8563721,20201013,08:02:00,"C.FH.19","South-west","Yes","Yes",0,8,32,40,0,0,0,1,0,0,0,2,7,0,0,0,5,0,1,0,0,0,0,15,0,0,0,0,0,0,1,32,2.46875,0.567073699482846
"FH17",-33.83368897,114.8763721,20201012,15:35:00,"C.FH.14","South-west","Yes","Yes",0,4,36,40,0,0,0,0,0,0,0,0,19,0,1,0,0,0,0,0,0,0,0,0,0,0,0,0,0,0,5,25,1.84615384615385,0.464095480892257
"FH18",-33.79118897,114.8213721,20201012,13:19:00,"C.FH.12","South-west","Yes","Yes",0,0,40,40,0,0,0,0,2,0,0,0,5,0,1,0,6,0,2,0,0,0,0,0,0,0,0,0,0,0,4,20,2,0.794719414239026
"FH2",-33.91868897,114.8913721,20201029,12:43:00,"C.FH.21","South-west","Yes","Yes",0,0,20,20,0,0,0,0,0,0,0,0,0,0,0,0,0,0,0,0,0,0,0,5,0,0,0,0,0,0,0,5,3,0
"FH20",-33.78618897,114.8738721,20201017,11:40:00,"C.FH.11","South-west","Yes","Yes",0,0,40,40,0,0,7,0,0,0,0,0,5,0,0,0,0,0,0,0,0,0,0,4,0,0,0,1,0,0,3,20,2.05,0.604805318829299
"FH21",-33.79368897,114.8088721,20201012,13:26:00,"C.FH.12","South-west","Yes","Yes",0,0,40,40,0,0,0,0,3,0,0,0,0,0,0,0,6,0,4,0,0,0,0,12,0,0,0,0,0,0,0,25,2.64,0.489897948556636
"FH23",-33.94618897,114.8288721,20201013,09:51:00,"C.FH.22","South-west","Yes","Yes",0,0,40,40,0,0,8,0,1,0,0,0,0,0,0,0,0,0,2,0,0,0,0,12,0,0,0,0,0,0,2,25,2.48,0.653197264742181
"FH24",-33.66868897,114.8438721,20201012,07:55:00,"C.FH.1","South-west","Yes","Yes",0,3,37,40,0,0,0,0,0,0,0,0,12,0,0,0,0,0,0,0,0,0,0,0,0,0,0,0,0,0,8,20,1.6,0.502624689950035
"FH25",-33.87868897,114.8163721,20201013,07:34:00,"C.FH.16","South-west","Yes","Yes",0,5,35,40,0,0,0,0,1,0,0,0,7,0,0,2,2,0,0,0,0,0,0,7,0,0,0,1,0,0,3,23,2.32,0.690410505906933
"FH26",-33.81118897,114.8288721,20201012,15:10:00,"C.FH.13","South-west","Yes","No",0,0,20,20,0,0,0,0,1,0,0,0,3,0,0,0,2,0,2,0,0,0,0,6,0,0,0,1,0,0,0,15,2.4375,0.51234753829798
"FH27",-33.83618897,114.8713721,20201012,15:39:00,"C.FH.14","South-west","Yes","Yes",0,5,35,40,0,0,0,0,2,0,0,0,10,0,0,0,0,0,1,0,0,0,0,3,0,0,0,2,0,0,2,20,2.25,0.638666373658505
"FH28",-33.76368897,114.9338721,20201017,09:24:00,"C.FH.9","South-west","Yes","Yes",0,0,40,40,0,0,0,0,0,0,0,0,0,0,0,0,0,0,0,0,0,0,0,0,0,1,0,0,0,0,24,25,0.76,0.66332495807108
"FH30",-33.75118897,114.8888721,20201017,11:12:00,"C.FH.8","South-west","Yes","Yes",0,3,37,40,0,0,0,0,0,0,0,0,0,0,0,0,22,0,0,0,0,0,0,0,0,0,0,0,0,0,0,22,2.81818181818182,0.394771016975861
"FH31",-33.67368897,114.8238721,20201012,08:27:00,"C.FH.2","South-west","Yes","Yes",0,0,40,40,0,0,0,1,0,0,0,0,13,0,0,0,0,0,5,0,0,0,0,4,0,0,0,2,0,0,3,28,2.39285714285714,0.685256681526506
"FH32",-33.69618897,114.9463721,20201017,08:50:00,"C.FH.5","South-west","Yes","Yes",0,0,20,20,0,0,0,0,0,0,0,0,0,0,0,0,0,0,0,0,0,0,0,0,0,1,0,1,0,0,12,14,0.9375,0.928708781050335
"FH33",-33.70868897,114.8263721,20201012,10:54:00,"C.FH.6","South-west","Yes","Yes",0,3,17,20,0,2,0,0,0,0,0,0,0,0,0,1,7,0,1,0,0,0,0,0,0,0,0,0,0,0,0,11,1.90909090909091,0.539359889970594
"FH34",-33.78618897,114.8838721,20201017,11:51:00,"C.FH.11","South-west","Yes","Yes",0,0,40,40,0,0,0,0,3,0,0,0,9,0,0,0,2,0,0,0,0,0,0,6,0,0,0,1,0,0,3,24,2.16666666666667,0.637022057270606
"FH35",-33.88368897,114.9313721,20201029,15:09:00,"C.FH.17","South-west","Yes","Yes",0,0,40,40,0,0,0,0,0,0,0,0,0,0,0,0,0,0,0,0,0,0,0,0,0,0,0,0,0,0,16,16,0.5,0.516397779494322
"FH36",-33.69868897,114.9338721,20201017,08:59:00,"C.FH.5","South-west","No","Yes",20,0,0,20,NA,NA,NA,NA,NA,NA,NA,NA,NA,NA,NA,NA,NA,NA,NA,NA,NA,NA,NA,NA,NA,NA,NA,NA,NA,NA,NA,NA,NA,NA
"FH37",-33.71118897,114.8138721,20201012,11:03:00,"C.FH.6","South-west","Yes","Yes",0,5,35,40,0,0,0,0,1,0,0,0,12,0,0,2,7,0,0,0,0,0,0,4,0,0,0,0,0,0,0,26,2.42307692307692,0.503831473655779
"FH39",-33.90368897,114.9313721,20201029,14:44:00,"C.FH.18","South-west","Yes","Yes",0,0,40,40,0,0,0,0,0,0,0,0,9,0,0,0,9,0,0,0,0,0,0,0,0,3,0,0,0,0,2,23,2.08333333333333,0.503610155185335
"FH40",-33.92368897,114.8888721,20201029,12:40:00,"C.FH.21","South-west","Yes","Yes",0,0,20,20,0,0,0,1,0,0,0,0,0,0,0,0,10,0,0,0,0,0,0,0,0,0,0,0,0,0,2,13,2,0.912870929175277
"FH41",-33.67118897,114.8388721,20201012,08:01:00,"C.FH.1","South-west","Yes","Yes",0,0,40,40,0,0,0,0,4,0,0,0,0,0,0,0,0,0,0,0,0,0,0,27,0,0,0,0,0,0,0,31,2.87096774193548,0.340777100548239
"FH42",-33.88118897,114.8113721,20201013,07:38:00,"C.FH.16","South-west","Yes","Yes",0,0,40,40,0,0,0,0,2,0,0,0,0,0,0,0,2,0,15,0,0,0,0,8,0,0,0,0,0,0,0,27,2.88888888888889,0.320256307610174
"FH44",-33.77118897,114.8638721,20201017,11:28:00,"C.FH.10","South-west","Yes","Yes",0,3,37,40,0,0,0,0,1,0,0,0,3,0,0,0,0,1,0,0,0,0,0,17,0,0,0,0,0,0,4,26,2.53846153846154,0.706018086497463
"FH45",-33.69368897,114.7988721,20201012,10:39:00,"C.FH.4","South-west","Yes","Yes",0,0,40,40,0,0,0,0,1,0,0,0,4,0,0,0,0,0,7,0,0,0,0,9,0,0,0,0,0,0,2,23,2.60869565217391,0.656376446504361
"FH46",-33.76618897,114.9288721,20201017,09:28:00,"C.FH.9","South-west","Yes","Yes",0,3,37,40,0,0,0,0,0,0,0,0,1,0,0,0,0,0,0,0,0,0,0,0,0,1,0,0,0,0,18,20,0.95,0.825577947481897
"FH47",-33.90618897,114.8488721,20201013,08:09:00,"C.FH.19","South-west","Yes","Yes",0,0,40,40,0,0,0,1,1,0,0,0,8,0,0,2,1,0,4,0,0,0,0,7,0,0,0,0,0,0,0,24,2.45833333333333,0.508977377704051
"FH48",-33.79618897,114.8138721,20201012,13:23:00,"C.FH.12","South-west","Yes","No",0,0,20,20,0,0,0,0,2,0,0,0,0,0,0,0,0,0,1,0,0,0,0,11,1,2,0,0,3,0,0,20,2.7,0.470162345981627
"FH49",-33.92118897,114.9163721,20201029,13:00:00,"C.FH.20","South-west","Yes","Yes",0,3,37,40,0,0,0,0,0,0,0,0,0,0,0,0,10,0,0,0,0,0,0,1,0,4,0,5,0,0,0,20,2.5,0.512989176042577
"FH5",-33.69368897,114.9413721,20201017,08:46:00,"C.FH.5","South-west","Yes","Yes",0,0,40,40,0,0,0,0,5,0,0,0,0,1,0,0,0,0,0,0,0,0,0,7,0,0,0,3,0,0,6,22,2.18181818181818,0.852802865422442
"FH50",-33.68118897,114.9313721,20201017,06:51:00,"C.FH.3","South-west","Yes","Yes",0,0,40,40,0,0,0,0,0,0,0,0,0,0,0,0,0,0,0,0,0,0,0,0,0,0,0,0,0,0,20,20,0,0
"FH51",-33.90618897,114.8538721,20201013,08:06:00,"C.FH.19","South-west","Yes","Yes",0,0,40,40,0,0,0,0,1,0,0,0,3,0,0,0,0,0,4,0,0,0,0,19,0,1,0,1,1,0,2,32,2.71875,0.581120996783997
"FH52",-33.99118897,114.8888721,20201013,12:36:00,"C.FH.24","South-west","Yes","Yes",0,0,40,40,0,0,9,0,6,0,0,0,0,0,0,0,0,0,0,0,0,0,0,11,0,0,0,0,1,0,0,27,2.22222222222222,0.751067616198811
"FH54",-33.76618897,114.9388721,20201017,09:20:00,"C.FH.9","South-west","Yes","Yes",0,0,20,20,0,0,0,0,0,0,0,0,12,0,0,0,0,0,0,0,0,0,0,0,0,0,0,0,0,0,0,12,2,0
"FH55",-33.92368897,114.9088721,20201029,12:52:00,"C.FH.20","South-west","Yes","Yes",0,0,40,40,0,0,0,0,0,0,0,0,0,0,0,0,0,0,0,0,0,0,0,0,0,1,0,2,0,0,24,27,0.703703703703704,0.868899162725891
"FH56",-33.83118897,114.8663721,20201012,15:31:00,"C.FH.14","South-west","Yes","Yes",0,0,40,40,0,0,0,0,0,0,0,0,1,0,0,0,1,0,0,0,0,0,0,23,0,0,0,1,0,0,0,26,2.88461538461538,0.325812593608421
"FH57",-33.78868897,114.8113721,20201012,13:12:00,"C.FH.12","South-west","Yes","Yes",0,0,40,40,0,0,0,0,1,0,0,0,0,0,0,0,1,0,5,0,0,0,0,8,0,0,0,1,2,0,9,27,2.18518518518519,0.921413505980268
"FH58",-33.66368897,114.8413721,20201012,07:47:00,"C.FH.1","South-west","Yes","Yes",0,5,35,40,0,0,0,0,0,0,0,0,13,0,0,0,2,0,0,0,0,0,0,4,0,0,0,0,0,0,4,23,2.17391304347826,0.716822148161496
"FH59",-33.66868897,114.8188721,20201012,08:32:00,"C.FH.2","South-west","Yes","No",0,0,20,20,0,0,0,3,0,0,0,0,7,0,0,0,1,0,0,0,0,0,0,0,0,0,0,0,0,0,4,15,1.8,0.560611910581388
"FH6",-33.70618897,114.8213721,20201012,10:50:00,"C.FH.6","South-west","Yes","No",0,0,20,20,0,0,0,0,0,0,0,0,6,0,0,0,0,0,2,0,0,0,0,2,0,0,0,0,0,0,0,10,2.4,0.516397779494322
"FH60",-33.81618897,114.8213721,20201012,15:14:00,"C.FH.13","South-west","Yes","Yes",0,0,40,40,0,0,0,0,2,0,0,0,2,0,0,0,2,0,0,0,0,0,0,4,0,2,0,4,2,0,5,23,2.20833333333333,0.779027636204913
"FH61",-33.84118897,114.8638721,20201012,15:43:00,"C.FH.14","South-west","Yes","Yes",0,0,40,40,0,0,0,0,1,0,0,0,3,0,0,0,1,0,5,0,0,0,0,17,0,0,0,0,0,0,0,27,2.85185185185185,0.362013992898246
"FH62",-33.75618897,114.8813721,20201017,11:17:00,"C.FH.8","South-west","Yes","Yes",0,0,20,20,0,0,0,0,0,0,0,0,0,0,0,0,3,0,0,0,0,2,0,2,0,0,0,1,2,0,0,10,2.5,0.52704627669473
"FH63",-33.67868897,114.8163721,20201012,08:20:00,"C.FH.2","South-west","Yes","Yes",0,0,40,40,0,0,0,0,1,0,0,0,14,0,0,0,1,0,2,4,0,0,0,2,0,0,0,0,0,0,3,27,2.48148148148148,0.700020349724556
"FH64",-33.70118897,114.9388721,20201017,08:56:00,"C.FH.5","South-west","Yes","Yes",0,0,40,40,0,0,0,0,0,0,0,0,0,0,0,0,0,0,0,0,0,0,0,0,0,0,0,0,0,0,25,25,0,0
"FH65",-33.71368897,114.8188721,20201012,10:59:00,"C.FH.6","South-west","Yes","No",0,0,20,20,0,0,0,0,2,0,0,0,7,0,0,0,0,0,4,0,0,0,0,1,0,0,0,0,0,0,0,14,2.35714285714286,0.497245158098847
"FH66",-33.90618897,114.9363721,20201029,14:40:00,"C.FH.18","South-west","Yes","Yes",0,3,37,40,0,0,0,0,0,0,0,0,0,0,0,3,0,0,1,0,0,0,0,18,0,0,0,3,0,0,0,25,2.92,0.276887462097269
"FH67",-33.88868897,114.9238721,20201029,15:00:00,"C.FH.17","South-west","Yes","Yes",0,0,40,40,0,0,0,0,0,0,0,0,0,0,0,0,0,0,0,0,0,0,0,0,0,0,0,0,0,0,15,15,1,0
"FH68",-33.95118897,114.8288721,20201013,10:01:00,"C.FH.22","South-west","Yes","Yes",0,0,40,40,0,0,0,0,0,0,0,0,7,0,0,0,4,0,8,0,0,0,0,5,0,0,0,0,0,0,1,25,2.52,0.585946527708232
"FH69",-33.69618897,114.8038721,20201012,10:43:00,"C.FH.4","South-west","Yes","Yes",0,0,40,40,0,0,0,0,3,0,0,0,0,0,0,0,7,0,1,0,0,0,0,6,0,1,0,2,0,0,0,20,2.45,0.51041778553404
"FH7",-33.78368897,114.8788721,20201017,11:45:00,"C.FH.11","South-west","Yes","Yes",0,0,40,40,0,0,0,0,0,0,0,0,0,1,0,0,7,0,0,0,0,0,0,7,0,4,0,2,2,0,0,23,2.43478260869565,0.506869801869702
"FH70",-33.67368897,114.8463721,20201012,08:07:00,"C.FH.1","South-west","Yes","Yes",0,0,40,40,0,0,1,0,0,0,0,0,4,0,0,0,6,0,0,0,0,0,0,0,0,3,0,0,0,0,3,17,2,0.612372435695794
"FH71",-33.88368897,114.8188721,20201013,07:30:00,"C.FH.16","South-west","Yes","Yes",0,0,40,40,0,0,0,0,0,0,0,0,0,0,1,0,2,0,19,0,0,0,0,6,0,0,0,0,1,0,3,32,2.71875,0.634206387491867
"FH72",-33.88868897,114.9288721,20201029,15:06:00,"C.FH.17","South-west","Yes","Yes",0,0,40,40,0,0,0,0,0,0,0,0,3,0,0,0,0,0,0,0,0,0,0,0,0,0,0,15,2,0,0,20,2.9,0.307793505625546
"FH74",-33.73118897,114.8063721,20201012,12:47:00,"C.FH.7","South-west","Yes","Yes",0,5,35,40,0,0,0,0,0,0,0,0,4,0,0,0,1,0,3,0,0,0,0,16,0,0,0,0,1,0,2,27,2.74074074074074,0.594370552161152
"FH77",-33.99618897,114.8763721,20201013,12:42:00,"C.FH.24","South-west","Yes","Yes",0,0,20,20,0,0,0,0,0,0,0,0,10,0,0,0,0,0,0,0,0,0,0,0,0,0,0,0,0,0,0,10,2,0
"FH78",-33.89118897,114.9163721,20201029,14:56:00,"C.FH.17","South-west","Yes","Yes",0,5,35,40,0,0,0,3,0,0,0,0,0,0,0,0,0,0,0,0,0,0,0,0,0,0,0,0,0,0,16,19,0.842105263157895,0.374634324632678
"FH79",-33.88618897,114.8088721,20201013,07:43:00,"C.FH.16","South-west","Yes","Yes",0,3,37,40,0,0,0,0,3,0,0,0,1,0,0,0,0,0,7,0,0,0,0,17,0,0,0,0,0,0,0,28,2.85714285714286,0.356348322549899
"FH8",-33.72368897,114.8013721,20201012,12:34:00,"C.FH.7","South-west","Yes","Yes",0,0,40,40,0,0,0,0,1,0,0,0,1,0,0,0,7,0,3,0,0,0,0,13,0,0,0,0,0,0,0,25,2.64,0.489897948556636
"FH82",-33.68618897,114.9238721,20201017,06:46:00,"C.FH.3","South-west","Yes","Yes",0,3,37,40,0,0,0,0,0,0,0,0,0,0,0,0,8,0,0,0,0,0,0,0,0,0,0,2,0,0,13,23,1.58333333333333,0.717281502356772
"FH83",-33.91118897,114.8463721,20201013,08:13:00,"C.FH.19","South-west","Yes","Yes",0,0,40,40,0,0,0,0,0,0,0,0,8,0,0,0,9,0,0,0,0,0,0,0,0,0,0,0,0,0,6,23,1.78260869565217,0.671262158456362
"FH84",-33.73368897,114.7988721,20201012,12:50:00,"C.FH.7","South-west","Yes","Yes",0,3,37,40,0,0,0,0,2,0,0,0,14,0,0,0,1,0,0,0,0,0,0,6,0,0,0,0,0,0,4,27,2.2962962962963,0.724027985796491
"FH85",-33.92618897,114.9138721,20201029,12:55:00,"C.FH.20","South-west","Yes","Yes",0,0,40,40,0,0,0,0,0,0,0,0,6,0,0,0,0,0,0,0,0,0,0,0,0,0,0,3,0,0,4,13,2.07692307692308,0.862316498502576
"FH87",-33.92868897,114.8938721,20201029,12:36:00,"C.FH.21","South-west","Yes","Yes",0,0,40,40,0,0,0,0,1,0,0,0,6,0,0,0,1,0,1,0,0,0,0,6,0,0,0,2,0,0,7,24,2.08333333333333,0.829702233998107
"FH89",-33.68618897,114.8013721,20201012,10:34:00,"C.FH.4","South-west","Yes","No",0,0,20,20,0,0,0,0,0,0,0,0,0,0,0,0,0,0,13,0,0,0,0,0,0,0,0,0,0,0,0,13,3,0
"FH9",-33.90118897,114.8513721,20201013,07:58:00,"C.FH.19","South-west","Yes","Yes",0,0,40,40,0,0,0,0,2,0,0,0,4,0,0,0,13,0,0,0,0,0,0,3,0,0,0,0,2,0,3,27,2.03703703703704,0.517500017204123
"FH92",-33.84368897,114.8713721,20201012,15:47:00,"C.FH.14","South-west","Yes","Yes",0,0,40,40,0,0,0,0,0,0,0,0,2,0,0,0,5,0,7,0,0,0,0,12,0,0,0,1,0,0,1,28,2.67857142857143,0.547964004533647
"FH93",-33.77618897,114.8688721,20201017,11:33:00,"C.FH.10","South-west","Yes","Yes",0,0,40,40,0,0,0,0,0,0,0,0,0,0,0,0,0,0,0,0,0,0,0,21,0,0,0,4,1,0,0,26,2.96296296296296,0.192450089729875
"FH94",-33.90868897,114.9413721,20201029,14:36:00,"C.FH.18","South-west","Yes","Yes",0,0,40,40,0,0,0,0,0,0,0,0,3,2,0,0,3,0,0,0,0,0,0,4,0,0,0,3,0,0,10,25,1.76,1.09087121146357
"FH95",-33.75868897,114.8913721,20201017,11:07:00,"C.FH.8","South-west","Yes","Yes",0,0,40,40,0,0,0,0,0,0,0,0,17,0,0,0,1,0,0,0,0,0,0,0,0,0,0,5,0,0,2,25,2.28,0.613731754650732
"FH96",-33.81868897,114.8338721,20201012,15:20:00,"C.FH.13","South-west","Yes","Yes",0,0,40,40,0,0,0,0,2,2,0,0,5,0,0,0,0,0,3,0,0,0,0,6,1,0,0,2,1,0,2,24,2.41666666666667,0.653862548158294
"FH99",-33.95368897,114.8363721,20201013,10:04:00,"C.FH.22","South-west","Yes","Yes",0,0,40,40,0,0,0,0,0,0,0,0,12,0,0,0,9,0,0,0,0,0,0,0,0,0,0,2,2,0,0,25,2.08,0.276887462097269
"FHA",-33.683135,114.937827,20201017,06:55:00,"C.FH.3","South-west","Yes","Yes",0,0,40,40,0,0,0,0,0,0,0,0,2,0,0,0,4,0,0,0,0,0,0,0,0,0,0,3,0,0,16,25,1.36,0.489897948556636
"FHB",-33.681655,114.957127,20201017,07:02:00,"C.FH.A","South-west","Yes","Yes",0,4,36,40,0,0,0,0,1,0,0,0,0,0,0,2,9,0,0,0,0,0,0,0,0,8,0,2,0,0,7,29,1.96551724137931,0.680480849981921
"FHC",-33.680718,114.965092,20201017,07:07:00,"C.FH.A","South-west","Yes","Yes",0,0,40,40,0,0,0,0,0,0,0,0,0,0,0,0,1,0,26,0,0,0,0,0,0,0,0,0,0,0,0,27,3,0
"FHC01",-33.669869,114.809825,20201012,08:38:00,"C.FH.2","South-west","Yes","Yes",0,2,38,40,0,0,0,0,0,0,0,0,0,0,0,0,10,0,3,0,0,8,0,0,0,0,0,1,0,0,0,22,2.59090909090909,0.503236279740196
"FHC02",-33.72358,114.813293,20201012,11:13:00,"C.FH.6","South-west","Yes","Yes",0,0,40,40,0,0,0,0,7,0,1,0,2,0,0,0,3,0,3,0,0,0,0,11,0,0,0,0,0,0,0,27,2.59259259259259,0.50071174413254
"FHC03",-33.948622,114.819555,20201013,09:56:00,"C.FH.22","South-west","Yes","Yes",0,0,40,40,0,0,0,0,0,0,0,0,0,0,0,0,1,0,5,0,0,0,0,13,0,0,0,0,1,0,0,20,3,0
"FHD",-33.686897,114.958507,20201017,07:12:00,"C.FH.A","South-west","Yes","Yes",0,0,40,40,0,0,0,0,0,0,0,0,0,0,0,0,1,0,0,0,0,0,0,0,0,0,0,0,0,0,19,20,0.5,0.606976978666884
"FHE",-33.687267,114.951172,20201017,07:16:00,"C.FH.A","South-west","Yes","Yes",0,0,40,40,0,0,0,0,0,0,0,0,0,0,0,0,0,0,0,0,0,0,0,0,0,0,0,0,0,0,25,25,0,0
"IO1",-34.07868897,114.7788721,20201015,12:07:00,"C.IO.43","South-west","Yes","Yes",0,0,40,40,0,0,0,0,0,0,0,0,0,0,0,0,11,0,0,0,0,0,0,0,0,0,0,0,0,0,14,25,1.48,1.22882057274445
"IO100",-34.07618897,114.9088721,20201029,10:21:00,"C.IO.39","South-west","Yes","Yes",0,0,40,40,0,0,0,0,0,0,0,0,0,0,0,0,19,0,1,0,0,1,0,3,0,2,0,0,0,0,2,28,2.28571428571429,0.599823607228292
"IO101",-34.07868897,114.8963721,20201029,10:10:00,"C.IO.39","South-west","Yes","Yes",0,0,40,40,0,0,0,0,0,0,0,0,0,0,0,1,22,0,0,0,0,0,0,0,0,0,0,2,0,0,0,25,2.16,0.374165738677394
"IO102",-34.07118897,114.9113721,20201029,10:26:00,"C.IO.2","South-west","Yes","Yes",0,0,40,40,0,0,0,0,0,0,0,0,0,0,0,0,4,0,0,0,0,0,0,19,1,0,0,1,3,0,0,28,2.92857142857143,0.262265264156481
"IO105",-34.06368897,114.6688721,20201023,09:45:00,"C.IO.30","South-west","Yes","Yes",0,0,40,40,0,0,0,0,0,0,0,0,0,0,0,0,0,0,0,0,0,0,0,0,0,0,0,0,0,0,22,22,0.782608695652174,0.59973643750101
"IO107",-34.06368897,114.6763721,20201023,09:50:00,"C.IO.30","South-west","Yes","Yes",0,5,35,40,0,0,0,0,0,0,0,0,0,0,0,0,0,0,0,0,0,0,0,0,0,0,0,1,0,0,21,22,0.590909090909091,0.734139659030241
"IO108",-34.05118897,114.6688721,20201023,10:04:00,"C.IO.30","South-west","Yes","Yes",0,0,40,40,0,0,0,0,0,0,0,0,0,0,0,0,0,0,0,0,0,0,0,0,0,0,0,0,0,0,20,20,0.3,0.470162345981627
"IO109",-34.05618897,114.6738721,20201023,09:57:00,"C.IO.30","South-west","Yes","Yes",0,0,40,40,0,0,0,0,0,0,0,0,0,0,0,0,0,0,0,0,0,0,0,0,0,0,0,0,0,0,20,20,0.25,0.550119604220181
"IO110",-34.14118897,114.7288721,20201022,08:00:00,"C.IO.68","South-west","Yes","Yes",0,3,37,40,0,0,0,0,0,0,0,0,0,0,0,0,0,0,0,0,0,0,0,0,0,0,0,0,0,0,23,23,0.333333333333333,0.701964118163034
"IO113",-34.05868897,114.7388721,20201023,07:30:00,"C.IO.31","South-west","Yes","Yes",0,0,40,40,0,0,0,0,0,0,0,0,0,0,0,0,0,0,0,0,0,0,0,0,0,0,0,0,0,0,20,20,0,0
"IO115",-34.05368897,114.7363721,20201023,07:34:00,"C.IO.31","South-west","Yes","Yes",0,0,40,40,0,0,0,0,0,0,0,0,0,0,0,0,0,0,0,0,0,0,0,0,0,0,0,0,0,0,22,22,0.347826086956522,0.714059817469728
"IO117",-34.06368897,114.7388721,20201023,07:25:00,"C.IO.31","South-west","Yes","Yes",0,3,37,40,0,0,0,0,0,0,0,0,0,0,0,0,0,0,0,0,0,0,0,0,0,0,0,0,0,0,20,20,0,0
"IO119",-34.07618897,114.9038721,20201029,10:17:00,"C.IO.39","South-west","Yes","Yes",0,3,37,40,0,0,0,0,0,0,0,0,0,1,0,0,19,0,0,0,0,0,0,0,0,3,0,1,0,0,0,24,2.20833333333333,0.414851116999053
"IO122",-34.11618897,114.8263721,20201015,12:35:00,"C.IO.59","South-west","Yes","Yes",0,2,38,40,0,0,0,0,0,0,0,0,0,0,0,1,10,0,8,0,0,3,0,3,0,0,0,0,0,0,0,25,2.48,0.509901951359279
"IO123",-34.10618897,114.8188721,20201015,12:42:00,"C.IO.59","South-west","Yes","Yes",0,0,40,40,0,0,1,0,6,0,0,0,0,0,0,0,8,0,9,0,0,0,0,3,0,1,0,0,0,0,0,28,2.42857142857143,0.50395263067897
"IO125",-34.10868897,114.8263721,20201015,12:38:00,"C.IO.59","South-west","Yes","Yes",0,0,40,40,0,0,0,0,6,0,0,0,2,0,0,0,5,0,10,0,0,0,0,0,0,1,0,0,1,0,0,25,2.44,0.506622805119022
"IO126",-34.11368897,114.8188721,20201015,12:31:00,"C.IO.59","South-west","Yes","Yes",0,0,40,40,0,0,0,0,4,0,0,0,0,2,0,0,6,0,6,0,0,1,0,7,0,0,0,0,0,0,0,26,2.5,0.509901951359279
"IO130",-33.98118897,114.8763721,20201013,12:24:00,"C.IO.37","South-west","Yes","No (stopped working )",NA,NA,NA,NA,NA,NA,NA,NA,NA,NA,NA,NA,NA,NA,NA,NA,NA,NA,NA,NA,NA,NA,NA,NA,NA,NA,NA,NA,NA,NA,NA,NA,NA,NA
"IO132",-33.99118897,114.8713721,20201013,12:47:00,"C.IO.37","South-west","Yes","Yes",0,0,40,40,0,0,0,0,0,0,0,0,0,0,0,7,4,0,0,0,0,0,0,5,0,3,0,1,0,0,0,20,2.45,0.51041778553404
"IO133",-33.99118897,114.8663721,20201013,12:50:00,"C.IO.37","South-west","Yes","Yes",0,0,40,40,0,0,0,0,0,0,0,0,0,0,0,0,2,0,7,0,0,0,0,17,0,0,0,0,0,0,0,26,2.92307692307692,0.271746488194703
"IO134",-33.98368897,114.8613721,20201013,12:14:00,"C.IO.37","South-west","Yes","Yes",0,0,40,40,0,0,0,0,0,0,0,0,0,0,0,0,8,0,5,0,0,0,0,11,0,0,0,0,0,0,1,25,2.6,0.577350269189626
"IO145",-33.98618897,114.8238721,20201013,10:24:00,"C.IO.22","South-west","Yes","Yes",0,5,35,40,0,0,0,0,2,0,0,0,3,0,3,4,5,0,5,0,0,0,0,2,0,0,0,0,0,0,0,24,2.54166666666667,0.508977377704051
"IO146",-33.97618897,114.8213721,20201013,10:17:00,"C.IO.33","South-west","Yes","Yes",0,3,37,40,0,0,0,0,13,0,0,0,0,0,0,0,0,0,6,0,0,0,0,3,0,0,0,0,0,0,5,27,2.14814814814815,0.718101326881879
"IO147",-33.98118897,114.8313721,20201013,10:28:00,"C.IO.33","South-west","Yes","Yes",0,0,40,40,0,0,0,0,1,0,0,0,12,0,0,4,5,0,2,0,0,0,0,2,0,0,0,0,0,0,0,26,2.57692307692308,0.503831473655779
"IO148",-34.01118897,114.5963721,20201123,10:31:00,"C.IO.46","South-west","Yes","Yes",0,0,40,40,0,0,0,0,0,0,0,0,0,0,0,0,0,0,0,0,0,0,0,0,0,0,0,1,0,0,24,25,0.8,0.645497224367903
"IO15",-34.06118897,114.8663721,20201016,07:59:00,"C.IO.35","South-west","Yes","Yes",0,0,40,40,0,0,0,0,1,0,0,0,1,0,0,1,0,0,1,0,0,0,0,18,0,0,0,0,1,0,0,23,2.83333333333333,0.380693493813441
"IO152",-33.98118897,114.8688721,20201013,12:18:00,"C.IO.37","South-west","Yes","Yes",0,4,36,40,0,0,5,0,4,0,0,0,7,0,0,0,0,0,0,0,0,0,0,3,0,0,0,1,0,0,4,24,2.08333333333333,0.653862548158294
"IO153",-34.04618897,114.8888721,20201016,07:36:00,"C.IO.65","South-west","Yes","Yes",0,0,40,40,0,0,0,0,1,0,0,0,0,0,0,1,15,0,0,0,1,0,0,0,0,0,0,3,0,0,2,23,2.03703703703704,0.436901809201096
"IO155",-34.04368897,114.8838721,20201016,07:42:00,"C.IO.65","South-west","Yes","Yes",0,4,36,40,0,0,0,0,0,0,0,0,4,0,0,0,8,0,2,0,1,1,0,6,0,1,0,1,0,0,1,25,2.45833333333333,0.588229965875272
"IO157",-33.97118897,114.8238721,20201013,10:14:00,"C.IO.33","South-west","Yes","Yes",0,0,20,20,0,0,0,0,0,0,0,0,0,0,0,0,2,0,7,0,0,0,0,0,0,0,0,0,1,0,0,10,2.7,0.483045891539648
"IO158",-33.98118897,114.8188721,20201013,10:21:00,"C.IO.33","South-west","Yes","No",0,0,20,20,0,0,0,0,0,0,0,0,1,0,0,0,0,0,0,0,0,0,0,0,0,0,0,1,0,0,8,10,1.3,0.674948557710553
"IO16",-34.07368897,114.8688721,20201016,09:43:00,"C.IO.35","South-west","Yes","Yes",0,0,20,20,0,0,0,0,0,0,0,0,0,0,0,0,6,0,1,0,0,3,0,0,0,0,0,0,0,0,9,19,1.42105263157895,1.1697953037312
"IO164",-34.03368897,114.9038721,20201016,07:14:00,"C.IO.62","South-west","Yes","Yes",0,0,40,40,0,0,0,0,2,0,0,0,6,0,0,0,7,0,4,0,0,0,0,5,0,0,0,0,0,0,3,27,2.22222222222222,0.640512615220349
"IO165",-34.04368897,114.8988721,20201016,07:23:00,"C.IO.62","South-west","Yes","Yes",0,0,40,40,0,0,0,0,0,0,0,0,0,0,0,0,13,0,0,0,0,0,0,2,0,3,0,1,2,0,0,21,2.33333333333333,0.483045891539648
"IO17",-34.06368897,114.8763721,20201016,08:07:00,"C.IO.35","South-west","Yes","Yes",0,0,20,20,0,0,0,0,0,0,0,0,0,0,0,0,2,0,0,0,0,14,0,0,0,0,0,0,0,0,3,19,1.89473684210526,0.458831467741124
"IO180",-33.99618897,114.7038721,20201123,12:36:00,"C.IO.41","South-west","Yes","Yes",0,0,40,40,0,0,0,0,0,0,0,0,0,0,0,0,0,0,0,0,0,0,0,0,0,0,0,0,0,0,25,25,0,0
"IO184",-34.04118897,114.9038721,20201016,07:19:00,"C.IO.62","South-west","Yes","Yes",0,0,40,40,0,0,0,0,0,0,0,0,9,0,0,1,6,0,0,0,0,0,0,0,0,1,0,6,0,0,2,25,2.12,0.525991127935317
"IO189",-33.98868897,114.6638721,20201023,12:31:00,"C.IO.40","South-west","Yes","Yes",0,0,20,20,0,0,0,0,0,0,0,0,0,0,0,0,0,0,0,0,0,0,0,0,0,1,0,0,0,0,10,11,0.454545454545455,0.934198732993827
"IO191",-33.99868897,114.6713721,20201023,12:20:00,"C.IO.40","South-west","Yes","Yes",0,0,40,40,0,0,0,0,0,0,0,0,0,0,0,0,0,0,0,0,0,0,0,0,0,0,0,0,0,0,21,21,0.652173913043478,0.647280721183483
"IO192",-33.98618897,114.6688721,20201023,12:36:00,"C.IO.40","South-west","Yes","Yes",0,0,40,40,0,0,0,0,0,0,0,0,0,0,0,0,0,0,0,0,0,0,0,0,0,0,0,0,0,0,22,22,0.227272727272727,0.611930449037204
"IO194",-33.99618897,114.6638721,20201023,12:24:00,"C.IO.40","South-west","Yes","Yes",0,2,18,20,0,0,0,0,0,0,0,0,0,0,0,0,0,0,0,0,0,0,0,0,0,0,0,0,0,0,12,12,0.666666666666667,0.492365963917331
"IO195",-34.09368897,114.8588721,20201016,09:57:00,"C.IO.6","South-west","Yes","Yes",0,0,40,40,0,0,0,0,0,0,0,0,4,0,0,0,9,0,4,0,0,0,0,7,0,0,0,0,0,0,3,27,2.33333333333333,0.679366220486757
"IO199",-34.08618897,114.8613721,20201016,09:51:00,"C.IO.6","South-west","Yes","Yes",0,2,38,40,0,0,0,1,0,0,0,0,0,0,0,0,12,0,1,0,0,0,0,6,0,0,0,0,0,0,0,20,2.6,0.502624689950035
"IO201",-34.05618897,114.8338721,20201015,14:46:00,"C.IO.5","South-west","Yes","Yes",0,0,40,40,9,0,5,0,1,0,0,0,2,0,0,0,0,0,2,0,0,0,0,1,0,0,0,1,0,0,0,21,1.95238095238095,0.589592272353571
"IO204",-34.06618897,114.7863721,20201015,10:35:00,"C.IO.7","South-west","Yes","Yes",0,0,40,40,0,0,0,0,0,0,0,0,0,0,0,0,8,0,1,0,0,0,0,0,0,4,0,0,0,0,10,23,1.64,0.907377172587747
"IO206",-34.06368897,114.7913721,20201015,10:28:00,"C.IO.7","South-west","Yes","Yes",0,0,20,20,0,0,0,0,0,0,0,0,0,0,0,0,0,0,0,0,0,0,0,0,0,0,0,1,0,0,3,4,1.8,0.632455532033676
"IO207",-34.06118897,114.7863721,20201015,10:23:00,"C.IO.7","South-west","Yes","Yes",0,0,40,40,0,0,0,0,0,0,0,0,0,1,0,0,2,0,0,0,0,0,0,0,0,1,0,3,1,0,11,19,1.63157894736842,0.83069758608784
"IO210",-34.09118897,114.8738721,20201016,10:09:00,"C.IO.6","South-west","Yes","Yes",0,3,37,40,0,0,0,0,0,0,0,0,2,0,0,2,7,0,2,0,0,4,0,5,0,0,0,0,1,0,1,24,2.29166666666667,0.550032937090187
"IO211",-34.05618897,114.9063721,20201029,10:42:00,"C.IO.3","South-west","Yes","Yes",0,0,40,40,0,0,0,0,0,0,0,0,0,1,0,0,2,0,0,0,0,0,0,23,0,1,0,0,0,0,0,27,2.88888888888889,0.320256307610174
"IO215",-34.06868897,114.9263721,20201016,12:34:00,"C.IO.2","South-west","Yes","Yes",0,0,40,40,0,0,0,0,0,0,0,0,0,0,0,0,0,0,0,0,0,0,0,0,0,0,0,0,0,0,25,25,0,0
"IO216",-34.06118897,114.9163721,20201029,10:33:00,"C.IO.3","South-west","Yes","Yes",0,5,35,40,0,0,0,0,3,0,0,0,3,0,0,0,10,0,0,0,0,0,0,0,0,1,0,6,1,0,2,26,2.34615384615385,0.628796163621102
"IO217",-34.06618897,114.9188721,20201016,12:43:00,"C.IO.2","South-west","Yes","Yes",0,2,38,40,0,0,0,1,0,0,0,0,1,0,0,0,0,0,0,0,0,0,0,0,0,0,0,0,0,0,23,25,1,0.288675134594813
"IO218",-34.07368897,114.9213721,20201016,12:28:00,"C.IO.2","South-west","Yes","Yes",0,4,36,40,0,0,0,0,0,0,0,0,0,0,0,0,0,0,0,0,0,0,0,0,0,0,0,0,0,0,25,25,0.96,0.2
"IO220",-34.05618897,114.8438721,20201015,14:39:00,"C.IO.5","South-west","Yes","Yes",0,0,40,40,0,0,0,0,1,0,0,0,10,0,0,1,3,0,9,0,0,0,0,0,1,0,0,0,0,0,0,25,2.36,0.489897948556636
"IO222",-34.06618897,114.8313721,20201015,14:54:00,"C.IO.4","South-west","Yes","Yes",0,0,40,40,0,0,0,0,0,0,0,0,11,0,0,0,5,0,1,0,0,0,0,0,0,0,0,0,0,0,3,20,2.05,0.604805318829299
"IO223",-34.07118897,114.8463721,20201015,14:25:00,"C.IO.4","South-west","Yes","Yes",0,0,40,40,0,0,0,0,0,0,0,0,10,0,0,0,3,0,0,0,0,0,0,0,0,0,0,0,0,0,14,27,1.37037037037037,0.966681402775979
"IO224",-34.06118897,114.8388721,20201015,14:35:00,"C.IO.4","South-west","Yes","Yes",0,4,36,40,0,0,2,0,4,0,0,0,2,0,0,0,7,0,3,0,0,0,0,4,0,0,0,0,0,0,0,22,2.31818181818182,0.476731294622796
"IO225",-34.07118897,114.8338721,20201015,14:20:00,"C.IO.4","South-west","Yes","Yes",0,0,40,40,0,0,0,0,2,0,0,0,0,0,0,0,10,0,0,0,0,11,0,0,0,0,0,0,0,0,2,25,1.92,0.276887462097269
"IO226",-34.06368897,114.8438721,20201015,14:32:00,"C.IO.4","South-west","Yes","Yes",0,0,40,40,0,0,0,0,0,0,0,0,8,0,0,0,3,0,8,0,0,1,0,0,0,0,0,0,0,0,3,23,2.26086956521739,0.688700443150182
"IO227",-33.99868897,114.7838721,20201019,06:37:00,"C.IO.42","South-west","Yes","Yes",0,0,40,40,0,0,0,0,0,0,0,0,2,1,0,0,0,0,12,0,0,0,0,0,0,1,0,0,2,0,6,24,2.29166666666667,0.806450444131925
"IO228",-34.00368897,114.7938721,20201019,06:46:00,"C.IO.42","South-west","Yes","Yes",0,0,40,40,0,0,0,0,5,0,0,1,0,0,0,0,7,0,1,0,0,0,0,2,0,4,0,4,0,1,0,25,2.44,0.506622805119022
"IO229",-33.99368897,114.7863721,20201019,06:31:00,"C.IO.42","South-west","Yes","Yes",0,0,40,40,0,0,2,0,3,0,0,0,0,0,0,0,0,0,15,0,0,0,0,0,0,2,0,4,0,0,1,27,2.7037037037037,0.608580619450185
"IO235",-34.06618897,114.9138721,20201016,12:49:00,"C.IO.2","South-west","Yes","Yes",0,0,20,20,0,0,0,0,1,0,0,0,0,0,0,0,2,0,1,0,0,0,0,0,0,3,0,2,0,0,6,15,2.06666666666667,0.961150104723255
"IO236",-34.08118897,114.9238721,20201016,12:22:00,"C.IO.1","South-west","Yes","Yes",0,0,40,40,0,0,0,0,1,0,0,0,0,0,0,1,7,0,0,0,0,4,0,0,3,2,0,3,3,0,1,25,2.16,0.472581562625261
"IO237",-34.08118897,114.9363721,20201016,12:15:00,"C.IO.1","South-west","Yes","No",0,0,20,20,0,0,0,0,0,0,0,0,0,0,0,0,0,0,0,0,0,0,0,0,0,0,0,0,0,0,5,5,0,0
"IO239",-34.09118897,114.9313721,20201016,12:05:00,"C.IO.1","South-west","Yes","Yes",0,0,40,40,0,0,0,0,0,0,0,0,0,0,0,0,0,0,0,0,0,0,0,0,0,0,0,0,0,0,24,24,0.0416666666666667,0.204124145231932
"IO241",-33.99368897,114.7913721,20201019,06:26:00,"C.IO.42","South-west","Yes","Yes",0,1,39,40,0,0,0,0,0,0,0,0,0,0,0,0,1,0,19,0,0,0,0,0,0,0,0,5,0,0,0,25,2.96,0.2
"IO244",-34.00368897,114.9063721,20201019,11:35:00,"C.IO.47","South-west","Yes","Yes",0,0,40,40,0,0,2,0,3,0,0,0,8,0,0,0,1,0,0,0,0,3,0,0,0,1,0,0,2,0,5,25,1.88,0.525991127935317
"IO245",-34.00868897,114.9013721,20201019,11:30:00,"C.IO.47","South-west","Yes","Yes",20,0,20,40,0,0,0,0,3,0,0,0,0,0,0,0,4,0,0,0,0,1,0,6,1,0,0,0,0,0,0,15,2.53333333333333,0.516397779494322
"IO253",-34.01368897,114.7038721,20201123,12:15:00,"C.IO.49","South-west","Yes","No",5,0,15,20,0,0,0,0,0,0,0,0,0,0,0,0,0,0,0,0,0,0,0,0,0,0,0,0,0,0,15,15,0.533333333333333,0.516397779494322
"IO254",-34.01868897,114.6963721,20201029,08:51:00,"C.IO.49","South-west","No","Yes",0,0,40,40,0,0,0,0,0,0,0,0,0,0,0,0,0,0,0,0,0,0,0,0,0,0,0,1,0,0,22,23,1.12,0.665832811847939
"IO254",-34.01868897,114.6963721,20201123,12:10:00,"C.IO.49","South-west","Yes","Yes",0,0,40,40,0,0,0,0,0,0,0,0,0,0,0,0,0,0,0,0,0,0,0,0,0,0,0,1,0,0,22,23,1.12,0.665832811847939
"IO258",-33.96618897,114.9138721,20201019,12:05:00,"C.IO.20","South-west","Yes","Yes",0,0,20,20,0,0,0,0,0,0,0,0,0,3,0,0,2,0,0,0,0,0,0,0,0,1,0,6,1,0,0,13,3,0
"IO259",-33.96868897,114.9213721,20201019,12:00:00,"C.IO.20","South-west","Yes","Yes",0,2,38,40,0,0,0,0,0,0,0,0,0,0,0,0,5,0,0,0,0,1,0,0,0,7,0,6,6,0,0,25,2.64,0.489897948556636
"IO260",-33.97118897,114.9163721,20201019,11:55:00,"C.IO.20","South-west","Yes","Yes",0,0,40,40,0,0,0,0,0,0,0,0,0,0,0,0,10,0,0,0,0,0,0,9,0,2,0,1,2,0,0,24,2.46153846153846,0.508391127441794
"IO261",-33.97618897,114.9213721,20201019,11:46:00,"C.IO.20","South-west","Yes","Yes",0,3,37,40,0,0,0,0,0,0,0,0,0,0,0,0,0,0,0,0,0,0,0,1,0,6,0,4,5,0,1,17,2.63157894736842,0.83069758608784
"IO262",-34.01368897,114.8738721,20201019,09:46:00,"C.IO.19","South-west","Yes","Yes",0,0,40,40,0,0,0,0,0,0,0,0,10,0,0,3,7,0,0,0,0,0,0,0,0,0,0,0,0,0,0,20,2.3,0.470162345981627
"IO263",-34.00868897,114.8788721,20201019,09:52:00,"C.IO.19","South-west","Yes","Yes",0,0,40,40,0,0,0,0,0,0,0,0,0,0,0,1,11,0,0,0,0,0,0,13,0,0,0,0,0,0,0,25,2.56,0.506622805119022
"IO264",-34.01868897,114.8738721,20201019,09:31:00,"C.IO.19","South-west","Yes","Yes",0,3,37,40,0,0,17,0,0,0,0,0,0,0,0,0,0,0,0,0,0,0,0,3,0,0,0,0,0,0,2,22,1.63636363636364,0.726731400270092
"IO266",-34.02118897,114.7588721,20201015,08:06:00,"C.IO.23","South-west","Yes","Yes",0,4,36,40,0,0,0,0,0,0,0,0,0,0,0,0,0,0,0,0,0,0,0,0,0,2,0,0,0,0,17,19,0.684210526315789,0.671038298207203
"IO267",-34.02618897,114.7638721,20201015,08:11:00,"C.IO.23","South-west","Yes","Yes",0,0,20,20,0,0,0,0,0,0,0,0,0,0,0,0,0,0,1,0,0,0,0,0,0,0,0,2,0,0,4,7,1.8,1.03279555898864
"IO269",-33.98868897,114.8138721,20201019,07:18:00,"C.IO.22","South-west","Yes","Yes",0,0,40,40,0,0,0,0,1,0,0,0,0,0,0,0,8,0,13,0,0,0,0,0,0,1,0,1,0,0,0,24,2.79166666666667,0.414851116999053
"IO272",-34.00868897,114.8138721,20201019,06:56:00,"C.IO.21","South-west","Yes","Yes",0,4,16,20,0,0,0,0,0,0,0,0,1,0,0,0,1,0,3,0,0,4,0,0,0,0,0,0,0,0,0,9,2.81818181818182,0.404519917477945
"IO273",-33.99868897,114.8213721,20201019,07:07:00,"C.IO.22","South-west","Yes","Yes",0,0,20,20,0,0,0,0,0,0,0,0,0,0,0,3,5,0,0,0,0,0,0,2,0,0,0,0,0,0,0,10,2.5,0.52704627669473
"IO275",-34.09868897,114.6463721,20201123,14:38:00,"C.IO.15","South-west","Yes","Yes",0,0,20,20,0,0,0,0,0,0,0,0,0,0,0,0,0,0,0,0,0,0,0,0,0,0,0,2,0,0,10,12,1.125,1.5
"IO276",-34.10118897,114.6363721,20201123,07:34:00,"C.IO.15","South-west","Yes","Yes",0,4,36,40,0,0,0,0,0,0,0,0,0,0,0,0,0,0,0,0,0,0,0,0,0,0,0,1,0,0,19,20,1,0.561951486949016
"IO277",-34.10618897,114.6463721,20201123,07:53:00,"C.IO.15","South-west","Yes","Yes",0,5,35,40,0,0,0,0,0,0,0,0,0,0,0,0,0,0,0,0,0,0,3,0,0,0,0,3,0,0,19,25,1.36,0.99498743710662
"IO278",-34.11118897,114.6388721,20201123,07:45:00,"C.IO.15","South-west","Yes","Yes",0,0,40,40,0,0,0,0,0,0,0,0,0,0,0,0,0,0,0,0,0,0,0,0,0,0,0,1,0,0,22,23,0.91304347826087,0.596432079365658
"IO280",-34.08868897,114.6738721,20201023,09:24:00,"C.IO.14","South-west","Yes","Yes",0,0,40,40,0,0,0,0,0,0,0,0,0,0,0,0,0,0,0,0,0,0,0,0,0,0,0,0,0,0,22,22,0.454545454545455,0.509647191437625
"IO282",-34.14618897,114.5438721,20201029,07:20:00,"C.IO.18","South-west","No","No (No folder for this camera no)",NA,NA,NA,NA,NA,NA,NA,NA,NA,NA,NA,NA,NA,NA,NA,NA,NA,NA,NA,NA,NA,NA,NA,NA,NA,NA,NA,NA,NA,NA,NA,NA,NA,NA
"IO290",-34.06868897,114.7188721,20201023,07:07:00,"C.IO.13","South-west","Yes","Yes",0,5,35,40,0,0,0,0,0,0,0,0,0,0,0,0,0,0,0,0,0,0,0,0,0,0,0,1,0,0,21,22,0.956521739130435,0.638055345958271
"IO291",-34.08368897,114.7488721,20201022,13:09:00,"C.IO.12","South-west","Yes","Yes",0,0,40,40,0,0,0,0,0,0,0,0,0,0,0,0,0,0,0,0,0,0,0,0,0,0,0,0,0,0,25,25,0,0
"IO293",-34.08868897,114.7588721,20201022,12:55:00,"C.IO.12","South-west","Yes","Yes",0,0,40,40,0,0,0,0,0,0,0,0,0,0,0,0,0,0,0,0,0,0,2,0,0,0,0,0,0,0,20,22,0.615384615384615,1.1688258408137
"IO294",-34.08368897,114.7538721,20201022,13:04:00,"C.IO.12","South-west","Yes","Yes",0,0,40,40,0,0,0,0,0,0,0,0,0,0,0,0,0,0,0,0,0,0,0,0,0,1,0,0,0,0,25,26,1.15151515151515,0.712443511849015
"IO295",-34.10368897,114.7538721,20201022,12:25:00,"C.IO.11","South-west","Yes","Yes",0,0,40,40,0,0,0,0,0,0,0,0,0,0,0,0,0,0,0,0,0,0,0,0,0,0,0,0,0,0,20,20,0,0
"IO297",-34.10618897,114.7488721,20201022,12:21:00,"C.IO.11","South-west","Yes","Yes",0,0,40,40,0,0,0,0,0,0,0,0,0,0,0,0,0,0,0,0,0,0,0,0,0,0,0,0,0,0,20,20,0,0
"IO298",-34.07618897,114.6713721,20201023,09:39:00,"C.IO.14","South-west","Yes","Yes",0,0,40,40,0,0,0,0,0,0,0,0,0,0,0,0,0,0,0,0,0,0,0,0,0,0,0,0,0,0,20,20,0.3,0.470162345981627
"IO299",-34.08118897,114.6763721,20201023,09:32:00,"C.IO.14","South-west","Yes","Yes",0,3,37,40,0,0,0,0,0,0,0,0,0,0,0,0,0,0,0,0,0,0,0,0,0,0,0,0,0,0,21,21,0.333333333333333,0.483045891539648
"IO3",-34.07618897,114.7838721,20201015,12:03:00,"C.IO.43","South-west","Yes","Yes",0,0,40,40,0,0,0,0,0,0,0,0,0,0,0,0,9,0,0,0,0,0,0,0,0,6,0,3,0,0,0,18,2.72727272727273,0.455842305838552
"IO300",-34.08618897,114.6688721,20201123,07:18:00,"C.IO.14","South-west","Yes","Yes",0,0,40,40,0,0,0,0,0,0,0,0,0,0,0,0,0,0,0,0,0,0,0,0,0,0,0,0,0,0,23,23,0.739130434782609,0.44897775854488
"IO302",-34.07118897,114.7238721,20201023,07:13:00,"C.IO.13","South-west","Yes","Yes",0,0,40,40,0,0,0,0,0,0,0,0,0,0,0,0,0,0,0,0,0,0,0,0,0,0,0,0,0,0,21,21,0,0
"IO306",-34.10118897,114.7338721,20201022,10:29:00,"C.IO.10","South-west","Yes","Yes",0,3,37,40,0,0,0,0,0,0,0,0,0,0,0,0,0,0,0,0,0,0,0,0,0,0,0,0,0,0,22,22,0.0454545454545455,0.21320071635561
"IO307",-34.11868897,114.7263721,20201022,09:56:00,"C.IO.9","South-west","Yes","Yes",0,0,40,40,0,0,0,0,0,0,0,0,0,0,0,0,0,0,0,0,0,0,0,0,0,1,0,0,0,0,19,20,0.8,0.695852373938459
"IO308",-34.11118897,114.7288721,20201022,10:06:00,"C.IO.9","South-west","Yes","Yes",0,0,40,40,0,0,0,0,0,0,0,0,0,0,0,0,0,0,0,0,0,0,0,0,0,0,0,0,0,0,33,33,0.454545454545455,0.505649896847432
"IO310",-34.05868897,114.7738721,20201015,10:06:00,"C.IO.8","South-west","Yes","Yes",0,0,40,40,0,0,0,0,0,0,0,0,0,1,0,0,0,0,0,0,0,0,0,0,0,8,0,1,0,0,15,25,1.44444444444444,0.847318545736323
"IO311",-34.05618897,114.7688721,20201015,10:03:00,"C.IO.8","South-west","Yes","Yes",0,3,37,40,0,0,0,0,0,0,0,0,0,4,0,0,0,0,0,0,0,0,0,0,0,1,0,1,5,0,0,11,2.36,0.489897948556636
"IO312",-34.05868897,114.7788721,20201015,10:17:00,"C.IO.8","South-west","Yes","Yes",0,4,36,40,0,0,0,0,0,1,0,0,0,0,0,0,2,0,2,0,0,0,0,0,0,5,0,0,0,0,3,13,2.2,0.523148363780597
"IO313",-34.09618897,114.7563721,20201022,12:47:00,"C.IO.11","South-west","Yes","Yes",0,0,40,40,0,0,0,0,0,0,0,0,0,0,0,0,0,0,0,0,0,0,0,0,0,0,0,0,0,0,25,25,0.16,0.374165738677394
"IO319",-34.09368897,114.7313721,20201022,10:37:00,"C.IO.10","South-west","Yes","Yes",0,0,40,40,0,0,0,0,0,0,0,0,0,0,0,0,0,0,0,0,0,0,0,0,0,1,0,1,0,0,18,20,1.07692307692308,1.16354894776548
"IO323",-34.03103333,114.6001,20201123,09:48:00,"C.IO.27","South-west","Yes","Yes",0,5,35,40,0,0,0,0,0,0,0,0,0,0,0,0,0,0,0,0,0,0,0,0,0,2,0,0,0,0,18,20,1.2,0.615587011251092
"IO324",-34.00006,114.639778,20201023,11:59:00,"C.IO.26","South-west","Yes","Yes",0,0,40,40,0,0,0,0,0,0,0,0,0,0,0,0,0,0,0,0,0,0,0,0,0,0,0,0,0,0,24,24,0.75,0.442325868464691
"IO325",-33.991557,114.743378,20201015,07:44:00,"C.IO.25","South-west","Yes","Yes",0,0,40,40,0,0,0,0,0,0,0,0,0,0,0,0,0,0,0,0,0,0,1,0,0,2,0,1,0,0,13,17,1.76,0.597215762238964
"IO326",-34.00425,114.6892833,20201123,12:26:00,"C.IO.24","South-west","Yes","Yes",0,0,20,20,0,0,0,0,0,0,0,0,0,0,0,0,0,0,0,0,0,0,0,0,0,0,0,1,0,0,10,11,1.18181818181818,0.603022689155527
"IO327",-34.02946667,114.7623833,20201015,08:17:00,"C.IO.23","South-west","Yes","Yes",0,0,40,40,0,0,0,0,0,0,0,0,0,0,0,0,0,0,0,0,0,0,5,0,0,7,0,3,0,0,2,17,2.28,0.678232998312527
"IO328",-33.99356667,114.8213667,20201019,07:13:00,"C.IO.22","South-west","Yes","Yes",0,3,37,40,0,0,0,0,0,0,0,0,0,0,0,0,5,0,15,0,0,0,0,4,0,0,0,0,0,0,0,24,2.875,0.337831962346088
"IO329",-34.06481667,114.7266333,20201023,07:18:00,"C.IO.13","South-west","Yes","Yes",0,0,40,40,0,0,0,0,0,0,0,0,0,0,0,0,0,0,0,0,0,0,0,0,0,0,0,0,0,0,21,21,0,0
"IO330",-34.08833333,114.7545,20201022,13:00:00,"C.IO.12","South-west","Yes","Yes",0,5,35,40,0,0,0,0,0,0,0,0,0,0,0,0,0,0,0,0,0,0,10,0,0,2,0,0,0,0,5,17,2.14285714285714,0.705233647349938
"IO331",-34.0984,114.75005,20201022,12:30:00,"C.IO.11","South-west","Yes","Yes",0,3,37,40,0,0,0,0,0,0,0,0,0,0,0,0,0,0,0,0,0,0,0,0,0,0,0,0,0,0,24,24,0,0
"IO332",-34.09718333,114.7344833,20201022,10:33:00,"C.IO.10","South-west","Yes","Yes",0,0,40,40,0,0,0,0,0,0,0,0,0,0,0,0,0,0,0,0,0,0,0,0,0,0,0,0,0,0,25,25,0,0
"IO333",-34.11301667,114.7251333,20201022,10:01:00,"C.IO.9","South-west","Yes","Yes",0,0,60,60,0,0,0,0,0,0,0,0,0,0,0,0,0,0,0,0,0,0,0,0,0,0,0,0,0,0,31,31,0.529411764705882,0.861123090404092
"IO334",-34.06155,114.7753667,20201015,10:11:00,"C.IO.8","South-west","Yes","Yes",0,0,40,40,0,0,0,0,0,0,0,0,0,0,0,0,0,0,0,0,0,0,0,0,0,0,0,0,0,0,24,24,0.12,0.439696865275764
"IO335",-34.06686667,114.7939833,20201015,10:31:00,"C.IO.7","South-west","Yes","Yes",0,0,40,40,0,0,0,0,3,0,0,0,0,0,0,0,2,0,11,0,0,0,0,4,0,2,0,4,0,0,0,26,2.75,0.440958551844098
"IO336",-34.0924,114.8663667,20201016,10:03:00,"C.IO.6","South-west","Yes","Yes",0,0,20,20,0,0,0,0,1,0,0,0,1,0,0,0,5,0,0,0,0,0,0,5,0,0,0,0,0,0,0,12,2.41666666666667,0.514928650544437
"IO337",-34.00536667,114.8202333,20201019,07:02:00,"C.IO.21","South-west","Yes","Yes",0,0,40,40,0,0,0,0,0,0,0,0,0,0,0,0,0,0,30,0,0,0,0,0,0,0,0,0,0,0,0,30,3,0
"IO338",-33.97231667,114.92245,20201019,11:50:00,"C.IO.20","South-west","Yes","Yes",0,0,40,40,0,0,0,0,0,0,0,0,6,0,0,0,0,0,0,0,0,0,0,0,0,1,0,0,1,0,18,26,1.07692307692308,0.744208407535251
"IO339",-34.01461667,114.8785,20201019,09:41:00,"C.IO.19","South-west","Yes","Yes",0,0,40,40,0,0,0,0,4,0,1,0,5,0,0,1,2,0,9,0,0,0,0,5,0,2,0,1,0,0,0,30,2.8,0.484234198111502
"IO34",-34.06118897,114.8713721,20201016,08:02:00,"C.IO.35","South-west","Yes","Yes",0,2,38,40,0,0,0,0,0,0,0,0,3,0,0,0,6,0,4,0,0,0,0,10,0,0,0,0,0,0,0,23,2.65217391304348,0.486984753557674
"IO343",-34.10261667,114.6407167,20201123,07:38:00,"C.IO.15","South-west","Yes","Yes",0,0,40,40,0,0,0,0,0,0,0,0,0,0,0,0,0,0,0,0,0,0,0,0,0,0,0,3,0,0,22,25,0.64,1.113552872566
"IO344",-34.0844,114.6744,20201023,09:28:00,"C.IO.14","South-west","Yes","Yes",0,0,20,20,0,0,0,0,0,0,0,0,0,0,0,0,0,0,0,0,0,0,0,0,0,0,0,0,0,0,12,12,0.769230769230769,0.832050294337844
"IO349",-34.02368897,114.5963721,20201123,10:03:00,"C.IO.27","South-west","Yes","Yes",0,3,37,40,0,0,0,0,0,0,0,0,0,0,0,0,0,0,0,0,0,0,0,0,0,0,0,0,1,0,19,20,0.95,0.394034462826206
"IO350",-34.02618897,114.6038721,20201123,09:56:00,"C.IO.27","South-west","Yes","Yes",0,0,40,40,0,0,0,0,0,0,0,0,0,0,0,0,0,0,0,0,0,0,0,0,0,1,0,0,0,0,23,24,1,0.408248290463863
"IO351",-34.03118897,114.5963721,20201123,10:13:00,"C.IO.27","South-west","Yes","Yes",0,0,40,40,0,0,0,0,0,0,0,0,0,0,0,0,0,0,0,0,0,0,0,0,0,0,0,0,0,0,23,23,0.541666666666667,0.588229965875272
"IO352",-34.03618897,114.5988721,20201123,09:43:00,"C.IO.27","South-west","Yes","Yes",0,0,40,40,0,0,0,0,0,0,0,0,0,0,0,0,0,0,0,0,0,0,1,0,1,2,0,4,0,0,16,24,1.4,1.1017227888395
"IO353",-34.05436667,114.8390667,20201015,14:43:00,"C.IO.5","South-west","Yes","Yes",0,0,40,40,0,0,0,0,0,0,0,0,3,0,0,0,0,0,11,10,0,0,0,0,0,0,0,0,0,0,0,24,2.83333333333333,0.380693493813441
"IO354",-34.06605,114.84,20201015,14:29:00,"C.IO.4","South-west","Yes","Yes",0,3,37,40,0,0,0,0,2,0,0,0,0,0,0,0,1,0,18,0,0,0,0,12,0,0,0,0,0,0,0,33,2.90909090909091,0.291937104060571
"IO355",-34.05473333,114.9111,20201029,10:38:00,"C.IO.3","South-west","Yes","Yes",0,0,40,40,0,0,0,2,0,0,0,0,11,0,0,0,2,0,0,0,0,0,0,0,0,1,0,1,0,0,7,24,1.70833333333333,0.750603621828092
"IO356",-34.06956667,114.9184667,20201016,12:39:00,"C.IO.2","South-west","Yes","Yes",0,0,40,40,0,0,0,0,1,0,0,0,0,0,0,0,10,0,1,0,0,0,0,0,0,11,0,1,1,0,6,31,2.2258064516129,0.804556914057041
"IO357",-34.08496667,114.928,20201016,12:08:00,"C.IO.1","South-west","Yes","Yes",0,0,40,40,0,0,0,0,1,0,0,0,1,0,0,0,0,0,2,0,0,0,0,0,0,6,0,4,1,0,6,21,2.40909090909091,0.959121170610586
"IO36",-34.10368897,114.7188721,20201022,10:23:00,"C.IO.55","South-west","Yes","Yes",0,0,40,40,0,0,0,0,0,0,0,0,0,0,0,0,0,0,0,0,0,0,0,0,0,0,0,0,0,0,25,25,0.12,0.33166247903554
"IO361",-33.98868897,114.7413721,20201015,07:35:00,"C.IO.25","South-west","Yes","Yes",0,5,35,40,0,0,0,0,0,0,0,0,0,0,0,0,0,0,0,0,0,0,0,0,0,2,0,3,0,0,13,18,1.52173913043478,1.08164711172743
"IO363",-33.98618897,114.7513721,20201015,07:26:00,"C.IO.25","South-west","Yes","Yes",0,0,40,40,0,0,0,0,0,0,0,0,0,4,0,0,0,0,0,0,0,0,4,0,0,12,0,4,2,0,2,28,2.9,0.959525744924238
"IO364",-34.00868897,114.6888721,20201123,12:21:00,"C.IO.24","South-west","Yes","Yes",0,0,40,40,0,0,0,0,0,0,0,0,0,0,0,0,0,0,0,0,0,0,0,0,0,0,0,1,0,0,21,22,0.608695652173913,0.782718481539738
"IO365",-34.02368897,114.7538721,20201015,08:23:00,"C.IO.23","South-west","Yes","Yes",0,3,37,40,0,0,0,0,0,0,0,0,0,0,0,0,0,0,0,0,0,0,0,0,0,1,0,1,6,0,0,8,2.35,0.489360484929593
"IO369",-34.02868897,114.5913721,20201123,10:08:00,"C.IO.27","South-west","Yes","Yes",0,0,40,40,0,0,0,0,0,0,0,0,0,0,0,0,0,0,0,0,0,0,0,0,0,1,0,0,0,0,18,19,1.05,0.604805318829299
"IO37",-34.10868897,114.7188721,20201022,10:12:00,"C.IO.55","South-west","Yes","Yes",0,5,35,40,0,0,0,0,0,0,0,0,0,0,0,0,0,0,0,0,0,0,0,0,0,0,0,0,1,0,19,20,0.8,0.523148363780597
"IO370",-33.99618897,114.6463721,20201023,12:10:00,"C.IO.26","South-west","Yes","Yes",0,0,40,40,0,0,0,0,0,0,0,0,0,0,0,0,0,0,0,0,0,0,0,0,0,0,0,5,0,0,20,25,0.923076923076923,1.16354894776548
"IO372",-34.00618897,114.6438721,20201023,11:53:00,"C.IO.26","South-west","Yes","Yes",0,0,20,20,0,0,0,0,0,0,0,0,0,0,0,0,0,0,0,0,0,0,0,0,0,0,0,4,0,0,9,13,1.38461538461538,1.38675049056307
"IO374",-33.98618897,114.7463721,20201015,07:31:00,"C.IO.25","South-west","Yes","Yes",0,0,40,40,0,0,0,0,0,0,0,0,0,0,0,0,0,0,0,0,0,0,11,0,0,4,0,2,0,0,0,17,2.42105263157895,0.507257273501788
"IO377",-34.13868897,114.7588721,20201022,07:40:00,"C.IO.69","South-west","Yes","Yes",0,0,40,40,0,0,0,0,0,0,0,0,0,0,0,0,0,0,0,0,0,0,0,0,0,0,0,0,0,0,20,20,0,0
"IO378",-33.99368897,114.6388721,20201023,12:04:00,"C.IO.26","South-west","Yes","Yes",0,5,35,40,0,0,0,0,0,0,0,0,0,0,0,0,0,0,0,0,0,0,0,0,0,0,0,0,0,0,22,22,0.636363636363636,0.492365963917331
"IO379",-34.08368897,114.6813721,20201123,06:58:00,"C.IO.14","South-west","Yes","Yes",0,0,40,40,0,0,0,0,0,0,0,0,0,0,0,0,0,0,0,0,0,0,0,0,0,1,0,0,0,0,20,21,0.285714285714286,0.560611910581388
"IO4",-34.09118897,114.7813721,20201015,12:17:00,"C.IO.43","South-west","Yes","Yes",0,4,36,40,0,0,0,0,0,0,0,0,0,0,0,0,0,0,0,0,0,0,0,0,0,1,0,0,6,0,15,22,1.15384615384615,1.40548376560692
"IO40",-34.10368897,114.7138721,20201022,10:17:00,"C.IO.55","South-west","Yes","Yes",0,0,40,40,0,0,0,0,0,0,0,0,0,0,0,0,0,0,0,0,0,0,0,0,0,0,0,1,0,0,25,26,0.5,0.707106781186548
"IO46",-34.06868897,114.7113721,20201023,06:44:00,"C.IO.34","South-west","Yes","Yes",0,0,40,40,0,0,0,0,0,0,0,0,0,0,0,0,0,0,0,0,0,0,0,0,0,0,0,0,0,0,20,20,0.05,0.223606797749979
"IO47",-34.06368897,114.7113721,20201023,06:53:00,"C.IO.34","South-west","Yes","Yes",0,0,40,40,0,0,0,0,0,0,0,0,0,0,0,0,0,0,0,0,0,0,0,0,0,0,0,0,0,0,20,20,0.25,0.444261658319319
"IO49",-34.06118897,114.7063721,20201023,06:59:00,"C.IO.34","South-west","Yes","Yes",0,0,40,40,0,0,0,0,0,0,0,0,0,0,0,0,0,0,0,0,0,0,0,0,0,0,0,0,0,0,20,20,0.4,0.502624689950035
"IO5",-34.08868897,114.7763721,20201015,12:12:00,"C.IO.43","South-west","Yes","Yes",0,0,40,40,0,0,0,0,0,0,0,0,0,0,0,0,0,0,0,0,0,0,0,0,0,0,0,1,0,0,19,20,1.04166666666667,0.750603621828092
"IO58",-34.13618897,114.7738721,20201022,07:21:00,"C.IO.69","South-west","Yes","Yes",0,0,40,40,0,0,0,0,0,0,0,0,0,0,0,0,0,0,0,0,0,0,2,0,0,0,0,2,0,0,3,7,2,0.510753918455249
"IO59",-34.14118897,114.7663721,20201022,07:33:00,"C.IO.69","South-west","Yes","Yes",0,3,17,20,0,0,0,0,0,0,0,0,0,0,0,0,0,0,0,0,0,0,0,0,0,0,0,0,0,0,11,11,0.181818181818182,0.404519917477945
"IO62",-34.13368897,114.7663721,20201022,07:45:00,"C.IO.69","South-west","Yes","Yes",0,0,40,40,0,0,0,0,0,0,0,0,0,0,0,0,0,0,0,0,0,0,0,0,0,0,0,0,0,0,26,26,0.642857142857143,0.826159598709403
"IO64",-34.01368897,114.8963721,20201019,11:26:00,"C.IO.47","South-west","Yes","Yes",0,0,40,40,0,0,0,0,0,0,0,0,4,0,0,0,13,0,0,0,0,1,0,0,0,0,0,1,0,0,1,20,2,0.324442842261525
"IO65",-34.01118897,114.8888721,20201019,11:20:00,"C.IO.53","South-west","Yes","Yes",0,0,40,40,0,0,0,0,7,0,0,0,8,0,0,0,0,0,0,0,0,0,0,0,0,0,0,0,0,0,10,25,1.56,0.711805216802087
"IO66",-34.01618897,114.8813721,20201019,09:36:00,"C.IO.19","South-west","Yes","Yes",0,0,40,40,0,0,0,0,0,0,0,0,1,1,0,0,9,0,3,0,0,0,0,9,0,0,0,0,1,0,2,26,2.42307692307692,0.643308754678618
"IO71",-34.00368897,114.6988721,20201123,12:31:00,"C.IO.41","South-west","Yes","Yes",0,3,37,40,0,0,0,0,0,0,0,0,0,0,0,0,0,0,0,0,0,0,0,0,0,0,0,0,0,0,22,22,0.0454545454545455,0.21320071635561
"IO72",-34.03618897,114.8463721,20201019,09:05:00,"C.IO.60","South-west","Yes","Yes",0,0,40,40,0,0,0,0,0,0,0,0,0,0,0,11,13,0,0,0,0,0,0,1,0,0,0,0,0,0,0,25,2.48,0.509901951359279
"IO73",-34.02868897,114.8588721,20201019,09:22:00,"C.IO.60","South-west","Yes","Yes",0,0,40,40,0,0,0,0,0,0,0,0,0,0,0,6,3,0,1,0,0,0,0,10,1,0,0,2,0,0,0,23,2.47826086956522,0.510753918455249
"IO74",-34.02868897,114.8513721,20201019,09:14:00,"C.IO.60","South-west","Yes","Yes",0,0,40,40,0,0,0,0,0,0,0,0,0,0,0,0,5,1,0,0,0,0,0,19,0,0,0,0,0,0,0,25,2.8,0.408248290463863
"IO75",-34.03368897,114.8538721,20201019,09:10:00,"C.IO.60","South-west","Yes","Yes",0,2,38,40,0,0,0,0,1,0,0,0,0,0,0,0,9,0,0,0,0,0,0,12,0,0,0,1,0,1,0,24,2.54166666666667,0.508977377704051
"IO80",-34.09368897,114.8888721,20201016,10:30:00,"C.IO.52","South-west","Yes","Yes",0,0,40,40,0,0,0,0,0,0,0,0,0,0,0,0,9,0,5,0,0,0,0,10,0,0,0,0,1,0,1,26,2.65384615384615,0.561591146105969
"IO81",-34.09868897,114.8913721,20201016,10:20:00,"C.IO.52","South-west","Yes","No",0,0,20,20,0,0,0,0,0,0,0,0,0,0,0,0,7,0,2,0,0,0,0,0,0,0,0,1,0,0,3,13,2,0.707106781186548
"IO91",-34.09368897,114.8938721,20201016,10:25:00,"C.IO.52","South-west","Yes","Yes",0,0,40,40,0,0,0,0,0,0,0,0,5,0,0,0,6,0,0,0,0,0,0,0,0,3,0,3,0,0,3,20,2.18181818181818,0.664498639244989
"IO92",-34.09868897,114.8863721,20201016,10:16:00,"C.IO.52","South-west","Yes","Yes",0,0,40,40,0,0,0,0,0,0,0,0,2,0,0,0,16,0,1,0,0,1,0,3,0,0,0,0,0,0,0,23,2.34782608695652,0.486984753557674
"IO95",-34.12618897,114.7338721,20201022,08:21:00,"C.IO.68","South-west","Yes","Yes",0,0,40,40,0,0,0,0,0,0,0,0,0,0,0,0,0,0,0,0,0,0,0,0,0,0,0,0,0,0,21,21,0.0952380952380952,0.300792603759119
"IO96",-34.13618897,114.7363721,20201022,08:06:00,"C.IO.68","South-west","Yes","Yes",0,0,40,40,0,0,0,0,0,0,0,0,0,0,0,0,0,0,0,0,0,0,0,0,0,0,0,0,0,0,25,25,0.16,0.374165738677394
"IO98",-34.13368897,114.7313721,20201022,08:13:00,"C.IO.68","South-west","Yes","Yes",0,0,40,40,0,0,0,0,0,0,0,0,0,0,0,0,0,0,0,0,0,0,0,0,0,0,0,1,0,0,19,20,0.45,0.759154654516248
"IOC04",-34.08755,114.749265,20201022,13:16:00,"C.IO.12","South-west","Yes","Yes",0,0,40,40,0,0,0,0,0,0,0,0,0,0,0,0,0,0,0,0,0,0,0,0,0,0,0,0,0,0,35,35,0.0857142857142857,0.284028640998691
"IOC05",-34.05394,114.899843,20201029,10:46:00,"C.IO.3","South-west","Yes","Yes",0,0,40,40,0,0,0,0,0,0,0,0,12,0,0,0,8,0,0,0,0,0,0,0,0,0,0,0,0,0,1,21,1.95238095238095,0.218217890235992
"IOC06",-34.048689,114.876372,20201016,07:48:00,"C.IO.65","South-west","Yes","Yes",0,0,20,20,0,0,0,0,0,0,0,0,2,0,0,0,0,0,0,0,0,0,0,12,0,0,0,1,0,0,0,15,2.8,0.414039335605413
"IOCP11-1",-33.992845,114.696642,20201123,12:39:00,"C.IO.41","South-west","Yes","Yes",0,5,35,40,0,0,0,0,0,0,0,0,0,0,0,0,0,0,0,0,0,0,0,0,0,0,0,0,0,0,23,23,0.0869565217391304,0.28810406552003
"IOCP11-2",-33.974332,114.692773,20201123,12:47:00,"C.IO.41","South-west","Yes","Yes",0,0,40,40,0,0,0,0,0,0,0,0,0,0,0,0,0,0,0,0,0,0,3,0,0,16,2,1,0,0,2,24,2.51515151515152,0.667139983493538
"IOCP2311",-34.01858,114.601465,20201123,10:19:00,"C.IO.46","South-west","Yes","No",0,0,20,20,0,0,0,0,0,0,0,0,0,0,0,0,0,0,0,0,0,0,0,0,0,0,0,0,0,0,15,15,0.933333333333333,0.258198889747161
"IOREDO344",-34.0844,114.6744,20201123,07:12:00,"C.IO.14","South-west","Yes","No",0,0,20,20,0,0,0,0,0,0,0,0,0,0,0,0,0,0,0,0,0,0,0,0,0,0,0,0,0,0,10,10,0.3,0.483045891539648
