X,Y,class,BRUVid,BRUV,BRUV.date,BOSS,BOSS.date,ObjectId,GlobalID,x2,y2
114.7788721,-34.07868897,MBH,1,Y,15/10/2020,Y,8/11/2020,1,d8332e71-32b8-44ac-9717-36dbe453180c,114.7788721,-34.07868897
114.7863721,-34.08618897,MBH,2,,,,,2,a8548884-6aa5-4eb5-8ad4-92361c6338b8,114.7863721,-34.08618897
114.7838721,-34.07618897,MBH,3,Y,15/10/2020,Y,8/11/2020,3,34c748bc-32aa-41d7-91e0-9d6295f2ea3a,114.7838721,-34.07618897
114.7813721,-34.09118897,MBH,4,Y,15/10/2020,Y,8/11/2020,4,d3dcc7ca-2c0f-46e2-9978-d9f89a4ed232,114.7813721,-34.09118897
114.7763721,-34.08868897,MBH,5,Y,15/10/2020,Y,8/11/2020,5,02a02525-ed9b-4faf-b864-cffc53404145,114.7763721,-34.08868897
114.4938721,-34.14868897,MBH,6,,,,,6,72f20546-32ef-416c-b39e-409b8bbee5db,114.4938721,-34.14868897
114.4888721,-34.13868897,MBH,7,,,,,7,b7cdb984-cd25-45ac-a67a-dd865b2df6cf,114.4888721,-34.13868897
114.4863721,-34.14618897,MBH,8,,,,,8,9f9ec66c-27dd-4d67-aec4-0f173ad072b2,114.4863721,-34.14618897
114.4838721,-34.13868897,MBH,9,,,,,9,a38c48d7-3d08-4879-b515-315b5471a647,114.4838721,-34.13868897
114.7738721,-34.14368897,MBH,10,,,,,10,4b60f700-37c3-4426-93da-66ec8fe83e66,114.7738721,-34.14368897
114.4863721,-34.10118897,MBH,11,,,,,11,ef1e51cb-294c-4f18-842b-db93d19f2d10,114.4863721,-34.10118897
114.4738721,-34.10368897,MBH,12,,,,,12,076ca7eb-d9ea-4949-b799-8a2edff1735a,114.4738721,-34.10368897
114.4788721,-34.10118897,MBH,13,,,,,13,e026ecda-35c1-4544-851c-b3c0db78d2f8,114.4788721,-34.10118897
114.8738721,-34.07118897,MBH,14,,,,,14,4eaeb040-2c1d-4d4c-8a0f-2ef0021165ee,114.8738721,-34.07118897
114.8663721,-34.06118897,MBH,15,Y,16/10/2020,Y,31/10/2020,15,c355af87-a441-4807-a3f2-6c689f71bb70,114.8663721,-34.06118897
114.8688721,-34.07368897,MBH,16,F,16/10/2020,Y,31/10/2020,16,d1803fb4-6be3-47ff-b873-7151d46bb0bb,114.8688721,-34.07368897
114.8763721,-34.06368897,MBH,17,F,16/10/2020,Y,31/10/2020,17,c63fbc65-7d16-4e77-b2de-2ed0c6a26e61,114.8763721,-34.06368897
114.8688721,-34.06868897,MBH,18,,,,,18,c61121cf-d468-47f3-ba5b-d7df328956f1,114.8688721,-34.06868897
114.5288721,-34.12868897,MBH,19,,,,,19,022e67ab-da80-4044-b21b-8136242c05d3,114.5288721,-34.12868897
114.5163721,-34.13118897,MBH,20,,,,,20,8c5e6c4f-568b-4058-b164-738dcf985430,114.5163721,-34.13118897
114.5288721,-34.13868897,MBH,21,,,,,21,08fa931a-4aea-4de2-8f37-c5c2cec2c760,114.5288721,-34.13868897
114.5213721,-34.12868897,MBH,22,,,,,22,17564b35-e72d-4e42-b5cb-eac8b0326e9a,114.5213721,-34.12868897
114.5188721,-34.13618897,MBH,23,,,,,23,da8ef9da-da03-4bba-ab42-a4fce464f979,114.5188721,-34.13618897
114.5213721,-34.14118897,MBH,24,,,,,24,2572c84b-dc8b-4466-a633-d6ac31d16ccd,114.5213721,-34.14118897
114.4788721,-34.11118897,MBH,25,,,,,25,ded24da8-e2e1-4d5a-be67-d83ae5603b58,114.4788721,-34.11118897
114.4838721,-34.11118897,MBH,26,,,,,26,c925850b-40f8-485a-9f93-6bce39b5b5c3,114.4838721,-34.11118897
114.5063721,-34.08868897,MBH,27,,,,,27,87fdbc7c-b870-49f1-9685-f0562a43db03,114.5063721,-34.08868897
114.5013721,-34.09118897,MBH,28,,,,,28,4953664c-371f-417e-b243-2bf802a3fc4a,114.5013721,-34.09118897
114.5088721,-34.09868897,MBH,28,,,,,29,10673b5d-350b-4bf9-98fe-aa9c3a9eeb2c,114.5088721,-34.09868897
114.8988721,-34.13368897,MBH,29,,,,,30,53cdfaf8-f7ef-412d-8058-40cbb9194285,114.8988721,-34.13368897
114.9063721,-34.12618897,MBH,30,,,,,31,53772978-6cbb-47df-a80b-258e14f756ff,114.9063721,-34.12618897
114.9088721,-34.13118897,MBH,31,,,,,32,132b6769-7d49-4cda-a04a-c7610a7123a2,114.9088721,-34.13118897
114.5888721,-34.08618897,MBH,32,,,,,33,0c516fae-dc7e-4d94-943c-4f471354f686,114.5888721,-34.08618897
114.6038721,-34.09118897,MBH,33,,,,,34,10729064-714e-4267-8efe-f2fe03c61415,114.6038721,-34.09118897
114.8713721,-34.06118897,MBH,34,Y,16/10/2020,Y,31/10/2020,35,ad25f0b3-2453-45ec-8af2-a9339bdd818f,114.8713721,-34.06118897
114.8638721,-34.06618897,MBH,35,,,,,36,396a5e7b-d2ef-4730-8bd0-88d0fd63371b,114.8638721,-34.06618897
114.7188721,-34.10368897,MBH,36,Y,22/10/2020,Y,4/11/2020,37,e6ed1261-409d-48c7-8098-b97c1df91166,114.7188721,-34.10368897
114.7188721,-34.10868897,MBH,37,Y,22/10/2020,Y,4/11/2020,38,db494fec-d888-4a89-afc7-e4fedc94250e,114.7188721,-34.10868897
114.7113721,-34.09618897,MBH,38,,,,,39,2544bb20-6136-4134-beea-7adba3074673,114.7113721,-34.09618897
114.7213721,-34.09868897,MBH,39,,,,,40,d1d5e574-b54b-4078-a7a2-2a42b3ed4700,114.7213721,-34.09868897
114.7138721,-34.10368897,MBH,40,Y,22/10/2020,Y,4/11/2020,41,d20495d6-9950-4921-90a0-9216f92f5c66,114.7138721,-34.10368897
114.5063721,-34.09368897,MBH,41,,,,,42,f3b63305-265d-410d-99be-b1da562f4993,114.5063721,-34.09368897
114.4788721,-34.13118897,MBH,42,,,,,43,3fdecb5f-82b5-4c3a-aed4-dbd3b1773120,114.4788721,-34.13118897
114.4813721,-34.12118897,MBH,43,,,,,44,300a849f-a157-4064-9be9-556f4eefe08e,114.4813721,-34.12118897
114.4913721,-34.12618897,MBH,44,,,,,45,b5cbf6ac-4872-409e-8532-9bdb4f66ae52,114.4913721,-34.12618897
114.6963721,-34.06368897,MBH,45,,,,,46,d87be9dc-e07d-46c1-be26-421f78876924,114.6963721,-34.06368897
114.7113721,-34.06868897,MBH,46,Y,23/10/2020,Y,8/11/2020,47,8876194f-0a41-41fb-9462-0da69d20342a,114.7113721,-34.06868897
114.7113721,-34.06368897,MBH,47,Y,23/10/2020,Y,8/11/2020,48,d9ffbaf2-eb43-4d8d-a3d2-c1b23eeed700,114.7113721,-34.06368897
114.7038721,-34.06868897,MBH,48,,,,,49,fe1c74fd-ea0c-4c58-8e8d-f3650659f8be,114.7038721,-34.06868897
114.7063721,-34.06118897,MBH,49,Y,23/10/2020,Y,8/11/2020,50,5bb8ecb9-d077-4b7b-b949-e4a0b6855b18,114.7063721,-34.06118897
114.5963721,-34.08368897,MBH,50,,,,,51,982813a7-1cbb-4d0c-9708-0a5a22ed56d0,114.5963721,-34.08368897
114.5988721,-34.08868897,MBH,51,,,,,52,d12a8782-2d38-4758-95d1-0d5ec5c10a1b,114.5988721,-34.08868897
114.5913721,-34.09368897,MBH,52,,,,,53,9bc21214-fdd7-468e-83ff-f49b04c618fe,114.5913721,-34.09368897
114.6013721,-34.08368897,MBH,53,,,,,54,ffa08836-303e-4976-88e0-22fffb071e0a,114.6013721,-34.08368897
114.5938721,-34.08868897,MBH,54,,,,,55,bc45968c-e07a-4dac-8b19-1431a1b31fe3,114.5938721,-34.08868897
114.5988721,-34.09368897,MBH,55,,,,,56,0cac1670-9afd-460a-a183-1412e735316f,114.5988721,-34.09368897
114.4888721,-34.11868897,MBH,56,,,,,57,00dce266-3d6a-4eda-9dfd-ee1e8875abf4,114.4888721,-34.11868897
114.4863721,-34.12618897,MBH,57,,,,,58,18b3774c-4518-4a81-84c8-7549961cbefa,114.4863721,-34.12618897
114.7738721,-34.13618897,MBH,58,Y,22/10/2020,Y,4/11/2020,59,877a3702-aa09-4b07-b6c1-732c188c7181,114.7738721,-34.13618897
114.7663721,-34.14118897,MBH,59,Y,22/10/2020,Y,4/11/2020,60,b6b508ba-7533-4d6b-88b4-15b28706e04a,114.7663721,-34.14118897
114.7688721,-34.14618897,MBH,60,,,,,61,95780f9a-610f-40a8-a889-9647ce00ede0,114.7688721,-34.14618897
114.7638721,-34.14618897,MBH,61,,,,,62,4216de8d-4afa-49fe-89bc-7fb6f8138075,114.7638721,-34.14618897
114.7663721,-34.13368897,MBH,62,F,22/10/2020,Y,4/11/2020,63,72148c65-2cbe-44ef-8f67-1f3151181602,114.7663721,-34.13368897
114.4738721,-34.01118897,MBH,63,,,Y,7/11/2020,64,e99f7a66-d6cb-4346-9aa7-51fd3097b618,114.4738721,-34.01118897
114.8963721,-34.01368897,MBH,64,Y,19/10/2020,Y,30/10/2020,65,6524bbbc-02ab-4a09-b558-c939590160f3,114.8963721,-34.01368897
114.8888721,-34.01118897,MBH,65,Y,19/10/2020,Y,30/10/2020,66,4fed3c01-e918-4bfa-b478-fa3e61bd9f9d,114.8888721,-34.01118897
114.8813721,-34.01618897,MBH,66,Y,19/10/2020,Y,31/10/2020,67,f596be30-83cd-4730-861d-a0bb864b278b,114.8813721,-34.01618897
114.8963721,-34.02118897,MBH,67,,,,,68,a2bac71e-3958-41ee-b53b-1b2bb046f12b,114.8963721,-34.02118897
114.8913721,-34.01868897,MBH,68,,,,,69,62ba3e10-45c1-46c3-bc2e-b90bc1d7796f,114.8913721,-34.01868897
114.8838721,-34.02368897,MBH,69,,,,,70,92172aed-20ba-4ed9-b856-8c21b17bb176,114.8838721,-34.02368897
114.4888721,-34.00368897,MBH,70,,,,,71,56af4ae8-408a-46a7-8121-917cc59151ab,114.4888721,-34.00368897
114.6988721,-34.00368897,MBH,71,,,Y,11/11/2020,72,7703cbe0-06a6-4f42-ac21-75995df9f68f,114.6988721,-34.00368897
114.8463721,-34.03618897,MBH,72,Y,19/10/2020,Y,31/10/2020,73,7f0778cc-bf6c-4fb1-91a1-a14cdca2c7d8,114.8463721,-34.03618897
114.8588721,-34.02868897,MBH,73,F,19/10/2020,Y,31/10/2020,74,5acd2169-8803-42b1-8b2d-1b18b74b8100,114.8588721,-34.02868897
114.8513721,-34.02868897,MBH,74,Y,19/10/2020,Y,31/10/2020,75,6f25ce82-af94-46b5-b683-5edbf4ba06cb,114.8513721,-34.02868897
114.8538721,-34.03368897,MBH,75,Y,19/10/2020,Y,31/10/2020,76,fb65a828-dc4d-4fc3-8d25-4413a8103e31,114.8538721,-34.03368897
114.4688721,-34.02368897,MBH,76,,,Y,7/11/2020,77,56a42635-9c24-45fd-8d4b-f524e553c5ff,114.4688721,-34.02368897
114.4663721,-34.01118897,MBH,77,,,Y,7/11/2020,78,dc6dd44b-9994-424b-bbc9-7c8b217b9512,114.4663721,-34.01118897
114.4688721,-34.01618897,MBH,78,,,Y,7/11/2020,79,ace16c2b-b213-4049-8432-f753ab78ce2e,114.4688721,-34.01618897
114.8963721,-34.10118897,MBH,79,,,,,80,df87df6d-dffa-49c6-9018-f271abcdc01d,114.8963721,-34.10118897
114.8888721,-34.09368897,MBH,80,Y,16/10/2020,Y,31/10/2020,81,6c30cb3f-c09f-43e1-a5ad-3f96ab786fec,114.8888721,-34.09368897
114.8913721,-34.09868897,MBH,81,Y,16/10/2020,Y,31/10/2020,82,0425aa9d-daf0-4a44-9ebb-e681c51a15f6,114.8913721,-34.09868897
114.8838721,-34.10368897,MBH,82,,,,,83,430a612d-326c-4292-8e57-f3a883eb3bcf,114.8838721,-34.10368897
114.5188721,-34.11368897,MBH,83,,,,,84,1d8f3636-9f15-4f8c-86ca-2c2f8fa0cbb1,114.5188721,-34.11368897
114.5113721,-34.10618897,MBH,84,,,,,85,c4369ac7-6796-452b-b984-f2beba95bb06,114.5113721,-34.10618897
114.8188721,-34.11368897,MBH,126,Y,15/10/2020,,,86,9a35000e-f4f0-4e6d-8476-68b173bf431f,114.8188721,-34.11368897
114.5213721,-34.10868897,MBH,85,,,,,87,ef56a432-c64e-495b-9622-5de0d352f2a4,114.5213721,-34.10868897
114.5138721,-34.11368897,MBH,86,,,,,88,ad441e0c-1160-44c9-90a0-bb4dfff1d8da,114.5138721,-34.11368897
114.4838721,-34.01368897,MBH,87,,,,,89,515d33d5-0dcc-49bf-95a3-382a304c6fba,114.4838721,-34.01368897
114.4888721,-34.01118897,MBH,88,,,,,90,823037b9-246b-4474-938e-5eeb7f2fbc89,114.4888721,-34.01118897
114.9288721,-34.13118897,MBH,89,,,,,91,8f6ae754-e00e-4fff-970b-fd33868d5743,114.9288721,-34.13118897
114.9238721,-34.12368897,MBH,90,,,,,92,0797f1db-e478-44c0-8343-2ab8f4db2a4c,114.9238721,-34.12368897
114.8938721,-34.09368897,MBH,91,Y,16/10/2020,Y,31/10/2020,93,1be0ab8b-9e17-4472-b991-91f5de6e3aac,114.8938721,-34.09368897
114.8863721,-34.09868897,MBH,92,Y,16/10/2020,Y,31/10/2020,94,aac7dfdc-7a75-4ea8-8a4a-250b4d8e88b7,114.8863721,-34.09868897
114.8913721,-34.10368897,MBH,93,,,,,95,029d59df-eb65-4a94-aa93-4c2efd446510,114.8913721,-34.10368897
114.8813721,-34.09618897,MBH,94,Y,,,,96,8e452412-7994-4e74-b92c-a04ed89a9b7f,114.8813721,-34.09618897
114.7338721,-34.12618897,MBH,95,Y,22/10/2020,Y,4/11/2020,97,447dfc0a-ea64-421f-b33c-0e823bb2f25d,114.7338721,-34.12618897
114.7363721,-34.13618897,MBH,96,Y,22/10/2020,Y,4/11/2020,98,3003feb8-ffe1-43f8-92c0-fb3fc40ef682,114.7363721,-34.13618897
114.7288721,-34.12868897,MBH,97,,,,,99,ddfee1e3-87e9-4ae6-816b-2fe8082eef50,114.7288721,-34.12868897
114.7313721,-34.13368897,MBH,98,Y,22/10/2020,Y,4/11/2020,100,fe6d8beb-fba2-4eab-8b09-4512d39b456c,114.7313721,-34.13368897
114.9063721,-34.06618897,MBH,99,,,,,101,90afd5b7-2919-44b9-b2f6-f81c71cf44df,114.9063721,-34.06618897
114.9088721,-34.07618897,MBH,100,Y,29/10/2020,Y,31/10/2020,102,07dfdc5f-cbe4-421b-8464-660d287f8e11,114.9088721,-34.07618897
114.8963721,-34.07868897,MBH,101,Y,29/10/2020,Y,31/10/2020,103,2d833d39-4dd1-4807-8f71-2da1fe90b9b2,114.8963721,-34.07868897
114.9113721,-34.07118897,MBH,102,Y,29/10/2020,Y,31/10/2020,104,1c56a494-5127-4583-9986-073e540c27a4,114.9113721,-34.07118897
114.5163721,-34.10618897,MBH,103,,,,,105,3633696f-cd45-4455-a71e-3c7112101364,114.5163721,-34.10618897
114.5088721,-34.11118897,MBH,104,,,,,106,21bae0b6-d257-4055-82e7-0a564f218fcd,114.5088721,-34.11118897
114.6688721,-34.06368897,MBH,105,Y,23/10/2020,,,107,bdddcf2f-4f78-4b88-84d0-1c6a4eed5d53,114.6688721,-34.06368897
114.6638721,-34.05868897,MBH,106,,,,,108,1ef5b36b-1dd4-4f1f-ade0-b6105540197d,114.6638721,-34.05868897
114.6763721,-34.06368897,MBH,107,Y,23/10/2020,,,109,5f9e0392-08f2-4115-8301-b0005bc46974,114.6763721,-34.06368897
114.6688721,-34.05118897,MBH,108,Y,23/10/2020,,,110,c3364c96-ccfd-48bd-aea2-7a7edf1363c0,114.6688721,-34.05118897
114.6738721,-34.05618897,MBH,109,Y,23/10/2020,,,111,5fcca8df-6092-448c-856c-f707167b64df,114.6738721,-34.05618897
114.7288721,-34.14118897,MBH,110,Y,22/10/2020,Y,4/11/2020,112,24361f37-5d31-4fc5-9e99-8728c3249ccb,114.7288721,-34.14118897
114.7413721,-34.05118897,MBH,111,,,,,113,e5ff1ed9-ec2b-4fa8-880b-c1821117b547,114.7413721,-34.05118897
114.7463721,-34.05368897,MBH,112,,,,,114,b72a5e3c-d26a-4a99-a6dc-f16833abc58e,114.7463721,-34.05368897
114.7388721,-34.05868897,MBH,113,Y,23/10/2020,Y,8/11/2020,115,780acd90-b0ea-474d-b149-a3e13268973f,114.7388721,-34.05868897
114.7438721,-34.06368897,MBH,114,,,,,116,5fec63a7-e2ab-44dd-9032-a4d937e0c8f0,114.7438721,-34.06368897
114.7363721,-34.05368897,MBH,115,Y,23/10/2020,Y,8/11/2020,117,7503ab08-b17e-4a43-851b-124ab90343d8,114.7363721,-34.05368897
114.7463721,-34.05868897,MBH,116,,,,,118,9ff18634-ddd4-42b3-afbf-80689799b1a6,114.7463721,-34.05868897
114.7388721,-34.06368897,MBH,117,Y,23/10/2020,Y,8/11/2020,119,f2a13022-5e6a-4399-85fb-01d6836b8c5d,114.7388721,-34.06368897
114.5138721,-34.13618897,MBH,118,,,,,120,bbcf6b1e-288f-4791-b446-146960463c89,114.5138721,-34.13618897
114.9038721,-34.07618897,MBH,119,Y,29/10/2020,Y,31/10/2020,121,dd71eeea-85e1-4832-9875-ce7910bc4413,114.9038721,-34.07618897
114.9063721,-34.08118897,MBH,120,,,,,122,2ebd352a-c3dd-408a-a0d5-193c254b72b1,114.9063721,-34.08118897
114.8988721,-34.06868897,MBH,121,,,,,123,dfce4f89-9f8e-4d5b-a1d2-a50fcb2deda2,114.8988721,-34.06868897
114.8263721,-34.11618897,MBH,122,Y,15/10/2020,,,124,a49d387c-7083-440a-ae29-5103a91e1a1e,114.8263721,-34.11618897
114.8188721,-34.10618897,MBH,123,Y,15/10/2020,,,125,55f784c8-8658-4b6f-8198-dc0ada86ad26,114.8188721,-34.10618897
114.8188721,-34.11868897,MBH,124,,,,,126,8f1c5543-7960-480a-9afe-b61ca55ab3d1,114.8188721,-34.11868897
114.8263721,-34.10868897,MBH,125,Y,15/10/2020,,,127,2adad0df-6ba6-4c68-b9bf-7a13c0d5ca75,114.8263721,-34.10868897
114.6888721,-33.97118897,MBH,127,,,,,128,8fbea5f4-9a77-4e58-8905-f373bc96c84a,114.6888721,-33.97118897
114.6913721,-33.97618897,MBH,128,,,,,129,4f9cfe37-f3d5-4275-bb2b-90d7510fdede,114.6913721,-33.97618897
114.6963721,-33.97368897,MBH,129,,,,,130,0329d827-1145-4557-b729-2b916e14827b,114.6963721,-33.97368897
114.8763721,-33.98118897,MBH,130,Y,13/10/2020,Y,30/10/2020,131,34240485-82e5-40cb-8360-5723e6de1d02,114.8763721,-33.98118897
114.8688721,-33.98618897,MBH,131,,,,,132,4cf7f0c0-53ae-444b-81fd-c3569a6f7bbc,114.8688721,-33.98618897
114.8713721,-33.99118897,MBH,132,Y,13/10/2020,Y,30/10/2020,133,75f382f2-3f0c-4215-800d-142aa477d694,114.8713721,-33.99118897
114.8663721,-33.99118897,MBH,133,Y,13/10/2020,Y,30/10/2020,134,39a1b7ee-484f-4ff4-91bd-bd70e5863a15,114.8663721,-33.99118897
114.8613721,-33.98368897,MBH,134,Y,13/10/2020,Y,30/10/2020,135,327d7ea4-b79b-4728-b66e-ab9aeaa08569,114.8613721,-33.98368897
114.4838721,-34.03368897,MBH,135,,,Y,7/11/2020,136,24e54658-c9d6-4da1-8bbc-4b93a83f6dd0,114.4838721,-34.03368897
114.4788721,-34.02868897,MBH,136,,,Y,7/11/2020,137,734620d5-e84d-4244-9350-c82dcb624c17,114.4788721,-34.02868897
114.4938721,-34.03368897,MBH,137,,,,,138,9468750a-0d8d-4679-911a-94ebd5b59320,114.4938721,-34.03368897
114.4863721,-34.02618897,MBH,138,,,,,139,39191f27-0f9f-434f-ba7e-28c0363d3778,114.4863721,-34.02618897
114.4888721,-34.03118897,MBH,139,,,,,140,ed22d7bf-7a80-4d75-8694-b68602944464,114.4888721,-34.03118897
114.6913721,-33.98368897,MBH,140,,,,,141,186dd273-bf79-4631-b003-6ff4bb2b2d1a,114.6913721,-33.98368897
114.6938721,-33.96868897,MBH,141,,,,,142,78872b69-230f-43e8-b794-f57e3a5f3841,114.6938721,-33.96868897
114.6963721,-33.97868897,MBH,142,,,,,143,f5f59621-7495-4336-8b6d-cbc21e546a0f,114.6963721,-33.97868897
114.8338721,-33.97368897,MBH,143,,,,,144,3749e1a9-31cf-4a1f-a99a-5e5be01e0229,114.8338721,-33.97368897
114.8263721,-33.97868897,MBH,144,,,,,145,62145d1b-29ae-487c-a28a-56c1c361f180,114.8263721,-33.97868897
114.8238721,-33.98618897,MBH,145,Y,13/10/2020,Y,30/10/2020,146,ada973d1-52c7-4cb2-9c59-8fa5364a09d5,114.8238721,-33.98618897
114.8213721,-33.97618897,MBH,146,Y,13/10/2020,Y,30/10/2020,147,7a50a508-ab2d-4611-a14b-58d1628cddf5,114.8213721,-33.97618897
114.8313721,-33.98118897,MBH,147,Y,13/10/2020,Y,30/10/2020,148,ec0e6424-e437-424e-a335-4dcd8f9b7414,114.8313721,-33.98118897
114.5963721,-34.01118897,MBH,148,,,,,149,663bcf25-81b8-4895-be52-1a32a7bf9404,114.5963721,-34.01118897
114.5813721,-34.00118897,MBH,149,,,,,150,9107ffda-a0a0-4c29-8353-23471a396f51,114.5813721,-34.00118897
114.5913721,-34.00368897,MBH,150,,,,,151,992e7d28-c8ba-42e2-a3a0-728831186d0c,114.5913721,-34.00368897
114.8763721,-33.98868897,MBH,151,,,,,152,5c84539e-0b9c-44dd-b667-133f6830682a,114.8763721,-33.98868897
114.8688721,-33.98118897,MBH,152,Y,13/10/2020,Y,30/10/2020,153,0abe8cbb-96c6-437a-aa31-68f770ce6c21,114.8688721,-33.98118897
114.8888721,-34.04618897,MBH,153,Y,16/10/2020,,,154,f61c85ef-2b8d-46a0-b5e4-9f6b7897ba5e,114.8888721,-34.04618897
114.8813721,-34.05118897,MBH,154,,,,,155,90c09ff9-9866-484c-8e52-23fb9e9736ef,114.8813721,-34.05118897
114.8838721,-34.04368897,MBH,155,Y,16/10/2020,,,156,ddc79b51-8243-4466-a61d-37b2dee3aac5,114.8838721,-34.04368897
114.8763721,-34.04868897,MBH,156,Y,16/10/2020,,,157,5b0bc51d-370f-4a4f-9c97-4ad03e555248,114.8763721,-34.04868897
114.8238721,-33.97118897,MBH,157,F,13/10/2020,Y,30/10/2020,158,524c39d1-20eb-4e3c-a686-7dc35eeade66,114.8238721,-33.97118897
114.8188721,-33.98118897,MBH,158,Y,13/10/2020,Y,30/10/2020,159,7a124bd8-a3a2-46bf-9d23-dfcba37f7370,114.8188721,-33.98118897
114.8338721,-34.00118897,MBH,159,,,,,160,ccaa9eb4-257e-4715-8f4c-1843eea6b0f2,114.8338721,-34.00118897
114.8388721,-34.00368897,MBH,160,,,,,161,ce531784-e829-4ad4-ae26-23e61af329a5,114.8388721,-34.00368897
114.8313721,-34.00868897,MBH,161,,,,,162,2784804f-1ae0-4296-a82c-6340ebd3ce7f,114.8313721,-34.00868897
114.8363721,-33.99618897,MBH,162,,,,,163,d417edeb-7ebe-4eef-98f1-51aaa8817e8c,114.8363721,-33.99618897
114.8288721,-34.00118897,MBH,163,,,,,164,1e731bd7-4546-45a1-a3e2-f3fac47e407f,114.8288721,-34.00118897
114.9038721,-34.03368897,MBH,164,Y,16/10/2020,,,165,345ef359-7675-4c48-acde-5669bc9c4c43,114.9038721,-34.03368897
114.8988721,-34.04368897,MBH,165,Y,16/10/2020,,,166,3f1fa6f1-decd-4ffb-aa75-d6bc36227ce8,114.8988721,-34.04368897
114.9088721,-34.04618897,MBH,166,,,,,167,4155c69e-8274-433a-9191-6264e6bd39d3,114.9088721,-34.04618897
114.5838721,-34.00868897,MBH,167,,,,,168,cb9bbd2d-4545-4846-bf85-547166da7d26,114.5838721,-34.00868897
114.4638721,-33.98118897,MBH,168,,,,,169,68d1be2b-20e7-4773-902a-89fef55ee959,114.4638721,-33.98118897
114.4763721,-33.98618897,MBH,169,,,,,170,7c1538b9-76f7-4614-aa09-09e8d0bc0730,114.4763721,-33.98618897
114.4763721,-33.99118897,MBH,170,,,,,171,1d413a4e-8028-4608-8714-a6d57e2161ef,114.4763721,-33.99118897
114.4713721,-33.98868897,MBH,171,,,,,172,4726a02c-436b-4ede-8de1-12bc57ebd027,114.4713721,-33.98868897
114.4713721,-33.98368897,MBH,172,,,,,173,2267c82f-d80b-4548-b566-6b172cb905bb,114.4713721,-33.98368897
114.8313721,-33.99368897,MBH,173,,,,,174,97be4114-3e1c-4152-88eb-127632e0d231,114.8313721,-33.99368897
114.8413721,-33.99618897,MBH,174,,,,,175,4043704a-3c7e-442f-b98e-42443fa9f484,114.8413721,-33.99618897
114.6763721,-33.98868897,MBH,175,,,,,176,bb764841-5ee2-4c6c-b300-949d08ac2f02,114.6763721,-33.98868897
114.7288721,-34.02868897,MBH,176,,,,,177,b86d10d1-9d1e-493d-9849-cd8c99c4150a,114.7288721,-34.02868897
114.7313721,-34.01368897,MBH,177,,,,,178,231d18cd-6404-4811-847b-c0ffde705817,114.7313721,-34.01368897
114.7238721,-34.01868897,MBH,178,,,Y,4/11/2020,179,a2002bfd-4d3c-467d-8e33-70950a62f7ef,114.7238721,-34.01868897
114.7338721,-34.02368897,MBH,179,,,,,180,e364aaf5-aa83-4037-b166-1cffdbcff5b1,114.7338721,-34.02368897
114.7038721,-33.99618897,MBH,180,,,Y,11/11/2020,181,e001900c-46d2-4bd7-ac57-f9ab29b47cab,114.7038721,-33.99618897
114.6988721,-33.98868897,MBH,181,,,Y,11/11/2020,182,7df8cee8-6ce7-4d27-a3f8-0982e2eec62c,114.6988721,-33.98868897
114.6938721,-33.99368897,MBH,182,,,,,183,98acd4d8-d426-4a78-90d6-29ebadc8b6fe,114.6938721,-33.99368897
114.9113721,-34.03618897,MBH,183,,,,,184,e488fec2-64d9-4033-8291-c3ab918fefbf,114.9113721,-34.03618897
114.9038721,-34.04118897,MBH,184,Y,16/10/2020,,,185,d23d5b31-29f9-40f9-b720-60670a991945,114.9038721,-34.04118897
114.6638721,-33.98868897,MBH,189,F,23/10/2020,Y,11/11/2020,186,ff4b1505-83bd-41a8-88f8-6a36c6fb42cf,114.6638721,-33.98868897
114.6788721,-33.99368897,MBH,190,,,,,187,c0b72a84-8797-41ab-b9a9-fd777fe593db,114.6788721,-33.99368897
114.6713721,-33.99868897,MBH,191,Y,23/10/2020,Y,11/11/2020,188,d63de5f2-e6f2-4883-bcf2-0a35b77a56ec,114.6713721,-33.99868897
114.6688721,-33.98618897,MBH,192,Y,23/10/2020,Y,11/11/2020,189,c54e9a0f-f462-4980-8739-c51f9f8efe12,114.6688721,-33.98618897
114.6713721,-33.99118897,MBH,193,,,,,190,6f76e393-83bf-41fb-bf6c-431faacc7676,114.6713721,-33.99118897
114.6638721,-33.99618897,MBH,194,Y,23/10/2020,Y,11/11/2020,191,759de8bb-75a4-453b-951c-1077694cf527,114.6638721,-33.99618897
114.8588721,-34.09368897,Legacy,195,Y,16/10/2020,Y,31/10/2020,192,244090f1-a5b8-4835-b36d-ccb50c653dc4,114.8588721,-34.09368897
114.8713721,-34.08618897,Legacy,196,,,,,193,60e04f75-703b-4912-b5c9-77b2ea6dfba4,114.8713721,-34.08618897
114.8638721,-34.09118897,Legacy,197,,,,,194,5fb5fd0d-3beb-41a7-a906-f2be791d47a2,114.8638721,-34.09118897
114.8688721,-34.09618897,Legacy,198,,,,,195,0b30bd23-8076-4782-a613-6e9267caf2fc,114.8688721,-34.09618897
114.8613721,-34.08618897,Legacy,199,Y,16/10/2020,Y,31/10/2020,196,6106c74a-99f5-46d1-8d48-ed25d5df9822,114.8613721,-34.08618897
114.8388721,-34.04618897,Legacy,200,,,,,197,0cf835fe-6280-4fe9-b1d6-c271d3c59477,114.8388721,-34.04618897
114.8338721,-34.05618897,Legacy,201,Y,15/10/2020,Y,31/10/2020,198,d5cbfe03-37cd-483f-9ce0-ca9c314686a2,114.8338721,-34.05618897
114.8438721,-34.04868897,Legacy,202,,,,,199,fc4ead32-1d66-4be0-a7d3-5f76a612967a,114.8438721,-34.04868897
114.7713721,-34.06368897,Legacy,203,,,,,200,2914e51a-e2f4-498a-8b61-65a47cdaffb4,114.7713721,-34.06368897
114.7863721,-34.06618897,Legacy,204,Y,15/10/2020,Y,8/11/2020,201,6bcc6d03-182c-45ce-9a79-117ea9870ef3,114.7863721,-34.06618897
114.8013721,-34.07118897,Legacy,205,,,,,202,c15572cb-e290-41c0-8b77-40108f7c3d1a,114.8013721,-34.07118897
114.7913721,-34.06368897,Legacy,206,Y,15/10/2020,Y,8/11/2020,203,8ebf40a3-99f0-4a8b-8251-e6f86ef15a32,114.7913721,-34.06368897
114.7863721,-34.06118897,Legacy,207,Y,15/10/2020,Y,8/11/2020,204,08af265e-2c6a-465c-8f3f-025dd52354f5,114.7863721,-34.06118897
114.7988721,-34.06618897,Legacy,208,,,,,205,8cb4be8b-a550-4f86-aca9-a8ec0cd83752,114.7988721,-34.06618897
114.7913721,-34.07118897,Legacy,209,,,,,206,000bd077-e56e-416b-8746-9e73ea597dfe,114.7913721,-34.07118897
114.8738721,-34.09118897,Legacy,210,Y,16/10/2020,Y,31/10/2020,207,4dfce223-df23-45bb-a29e-aafde3d58cfb,114.8738721,-34.09118897
114.9063721,-34.05618897,Legacy,211,Y,29/10/2020,,,208,ed2eccec-526b-45da-ab7f-7ed355bd7679,114.9063721,-34.05618897
114.9163721,-34.04868897,Legacy,212,,,,,209,3d635476-5a8f-4dfa-af78-2329883d5ad3,114.9163721,-34.04868897
114.9113721,-34.05868897,Legacy,213,,,,,210,9e09987e-127b-45ba-8a0d-5babb5675bea,114.9113721,-34.05868897
114.9113721,-34.05368897,Legacy,214,,,,,211,d5a73075-b23a-43f4-8e0a-8e7c6ff32cc5,114.9113721,-34.05368897
114.9263721,-34.06868897,Legacy,215,Y,16/10/2020,Y,31/10/2020,212,38d1487b-210d-474a-8c18-73e1b138df8d,114.9263721,-34.06868897
114.9163721,-34.06118897,Legacy,216,Y,29/10/2020,Y,31/10/2020,213,37d4ac2e-0ebe-4045-86f3-e169259fcd63,114.9163721,-34.06118897
114.9188721,-34.06618897,Legacy,217,Y,16/10/2020,Y,31/10/2020,214,fb1d4a93-cf0c-40a8-a080-422f20491751,114.9188721,-34.06618897
114.9213721,-34.07368897,Legacy,218,Y,16/10/2020,Y,31/10/2020,215,d6accbb9-d01c-45e4-9286-d14c20537949,114.9213721,-34.07368897
114.8338721,-34.05118897,Legacy,219,,,,,216,f2a2ef74-f036-45c1-9131-62557feef8e2,114.8338721,-34.05118897
114.8438721,-34.05618897,Legacy,220,Y,15/10/2020,,,217,7e12636b-6e4f-4975-9b37-5b6c05871774,114.8438721,-34.05618897
114.8363721,-34.06618897,Legacy,221,,,,,218,cf7b928d-871e-4b12-b156-64f6faac0fc6,114.8363721,-34.06618897
114.8313721,-34.06618897,Legacy,222,Y,15/10/2020,Y,31/10/2020,219,618ef2f9-5183-4b2c-bb2f-50ffb1e7c2a7,114.8313721,-34.06618897
114.8463721,-34.07118897,Legacy,223,Y,15/10/2020,Y,31/10/2020,220,6b8d3ac7-6732-42fd-be0b-11454e952c40,114.8463721,-34.07118897
114.8388721,-34.06118897,Legacy,224,Y,15/10/2020,Y,31/10/2020,221,555e5b41-fde8-4383-84e4-ce107195fb3c,114.8388721,-34.06118897
114.8338721,-34.07118897,Legacy,225,Y,15/10/2020,Y,31/10/2020,222,fe47b21d-1905-4f85-817c-02ffa44bac9b,114.8338721,-34.07118897
114.8438721,-34.06368897,Legacy,226,Y,15/10/2020,Y,31/10/2020,223,65d8bf0b-15b2-4830-85ea-715193f1f7b4,114.8438721,-34.06368897
114.7838721,-33.99868897,MBH,227,Y,19/10/2020,Y,8/11/2020,224,60ad92d8-0935-4f03-81df-79fa95b4eba3,114.7838721,-33.99868897
114.7938721,-34.00368897,MBH,228,Y,19/10/2020,Y,8/11/2020,225,6b2218e8-28e4-4cb8-91db-8e6fba7e9e32,114.7938721,-34.00368897
114.7863721,-33.99368897,MBH,229,Y,19/10/2020,Y,8/11/2020,226,53b950d6-6edb-4dad-bb9d-276ecfd87778,114.7863721,-33.99368897
114.4888721,-33.98618897,MBH,230,,,,,227,92b134e6-5c46-4bd4-959d-096876b2ecf7,114.4888721,-33.98618897
114.4988721,-33.99118897,MBH,231,,,,,228,40659638-a81c-4b6b-94e2-32cff31e3fdf,114.4988721,-33.99118897
114.4913721,-33.99618897,MBH,232,,,,,229,3dd14c74-0516-4906-9a6d-e7f8f23b6025,114.4913721,-33.99618897
114.4938721,-33.98868897,MBH,233,,,,,230,217923ad-5266-45b8-a0de-7038e8593018,114.4938721,-33.98868897
114.4863721,-33.99368897,MBH,234,,,,,231,0c47e722-1785-450a-acf7-9b4726b0bb60,114.4863721,-33.99368897
114.9363721,-34.09118897,Legacy,235,F,16/10/2020,Y,31/10/2020,232,0b0d1af7-61d9-42a7-8779-05d4ac1d1480,114.9363721,-34.09118897
114.9238721,-34.08118897,Legacy,236,Y,16/10/2020,Y,31/10/2020,234,f23fe2d1-48b0-411a-b051-b31410511e3b,114.9238721,-34.08118897
114.9363721,-34.08118897,Legacy,237,Y,16/10/2020,Y,31/10/2020,235,6e04e9df-789b-4d58-966b-25c9841123e5,114.9363721,-34.08118897
114.9288721,-34.08618897,Legacy,238,,,,,236,ec882c82-a7f8-486c-8ff3-444cdf51b92b,114.9288721,-34.08618897
114.9313721,-34.09118897,Legacy,239,Y,16/10/2020,Y,31/10/2020,237,34ac068b-de10-4a16-bc73-b81f827888e3,114.9313721,-34.09118897
114.7813721,-34.00368897,MBH,240,,,,,238,bce6a898-449b-4d68-bf3f-6f0647fab8c1,114.7813721,-34.00368897
114.7913721,-33.99368897,MBH,241,Y,19/10/2020,Y,8/11/2020,239,dd10bcae-950c-4b0d-9838-64945a8bb604,114.7913721,-33.99368897
114.5363721,-34.03868897,MBH,242,,,,,240,883e8291-2c96-4417-aa0b-d61f8c45184c,114.5363721,-34.03868897
114.5288721,-34.04368897,MBH,243,,,,,241,7aa5ea8b-9a55-46ca-ad21-842bacd54f37,114.5288721,-34.04368897
114.9063721,-34.00368897,MBH,244,Y,19/10/2020,Y,30/10/2020,242,fd393492-c2de-451a-8c66-ad2b02b12f99,114.9063721,-34.00368897
114.9013721,-34.00868897,MBH,245,F,19/10/2020,Y,30/10/2020,243,8b6f61fc-74b0-4359-afa6-b5e1fc5e5753,114.9013721,-34.00868897
114.8938721,-34.00118897,MBH,246,,,,,244,605e119e-73b1-40c7-a8a4-29d215175373,114.8938721,-34.00118897
114.4788721,-34.03368897,MBH,247,,,Y,7/11/2020,245,c9defa03-8bf9-45d2-9fb5-8382935163c7,114.4788721,-34.03368897
114.4888721,-34.03618897,MBH,248,,,Y,7/11/2020,246,8bfb107b-957f-44f8-9991-686ced24e66b,114.4888721,-34.03618897
114.4813721,-34.02368897,MBH,249,,,,,247,5940e276-73b9-42fd-9e32-dff618617896,114.4813721,-34.02368897
114.6938721,-34.01368897,MBH,250,,,Y,11/11/2020,248,3e2f12fa-68c2-46cd-a146-b00450d887d8,114.6938721,-34.01368897
114.6988721,-34.01118897,MBH,251,,,Y,11/11/2020,249,7939b573-b954-4b27-85ce-b123e0990a8f,114.6988721,-34.01118897
114.6938721,-34.00868897,MBH,252,,,Y,11/11/2020,250,87eb8161-b67d-495c-afcc-18de3c652692,114.6938721,-34.00868897
114.7038721,-34.01368897,MBH,253,,,Y,11/11/2020,251,e73353b6-58b7-47bd-869b-c530c9d5f717,114.7038721,-34.01368897
114.6963721,-34.01868897,MBH,254,F,29/10/2020,Y,11/11/2020,252,9b30d2ba-2265-4e24-8d18-098f88a4a745,114.6963721,-34.01868897
114.5238721,-34.03868897,MBH,255,,,,,253,7afaa9dd-92fd-4a72-af2b-2ec840173f66,114.5238721,-34.03868897
114.5388721,-34.04368897,MBH,256,,,,,254,6802273f-87d9-4e59-8c07-5a29d27b0ffe,114.5388721,-34.04368897
114.5263721,-34.03368897,MBH,257,,,,,255,aa7f6e14-c126-4f1b-8a06-d27833da53ae,114.5263721,-34.03368897
114.9138721,-33.96618897,Legacy,258,Y,19/10/2020,Y,30/10/2020,256,51a403cc-8bc0-43b0-8a98-71cfc536d634,114.9138721,-33.96618897
114.9213721,-33.96868897,Legacy,259,Y,19/10/2020,Y,30/10/2020,257,6a3a0953-03e2-46da-9b49-651d8f2fa52c,114.9213721,-33.96868897
114.9163721,-33.97118897,Legacy,260,Y,19/10/2020,Y,30/10/2020,258,773479ee-7c35-4490-aec9-c0cf040e38d2,114.9163721,-33.97118897
114.9213721,-33.97618897,Legacy,261,Y,19/10/2020,Y,30/10/2020,259,5e1eb433-e7e9-4122-8d5c-010dc515934d,114.9213721,-33.97618897
114.8738721,-34.01368897,Legacy,262,Y,19/10/2020,Y,31/10/2020,260,211c5ead-709a-49b5-81b2-f9bb909788e6,114.8738721,-34.01368897
114.8788721,-34.00868897,Legacy,263,Y,19/10/2020,Y,31/10/2020,261,2537fda9-21db-44a6-a4cf-73135fef92f8,114.8788721,-34.00868897
114.8738721,-34.01868897,Legacy,264,Y,19/10/2020,Y,31/10/2020,262,24a9ba96-55d7-460d-9ae2-9d65724ece1a,114.8738721,-34.01868897
114.5363721,-34.14868897,Legacy,265,,,Y,7/11/2020,263,d6178f5a-c4f5-4e37-98c0-4fb9cbfc5811,114.5363721,-34.14868897
114.7588721,-34.02118897,Legacy,266,Y,15/10/2020,Y,8/11/2020,264,81ad2170-7f08-41a1-9534-4cc2ae6d7072,114.7588721,-34.02118897
114.7638721,-34.02618897,Legacy,267,F,15/10/2020,Y,8/11/2020,265,9e768499-bdfa-4a71-9944-9681357cf150,114.7638721,-34.02618897
114.7563721,-34.03118897,Legacy,268,,,,,266,93797f30-0c7b-4aa2-9a70-9bbdd180611a,114.7563721,-34.03118897
114.8138721,-33.98868897,Legacy,269,Y,19/10/2020,Y,30/10/2020,267,5e985f57-3859-4867-8d6c-2403e373a769,114.8138721,-33.98868897
114.8288721,-33.98868897,Legacy,270,,,,,268,b4ac6e31-552f-4735-aeec-11df1b02219a,114.8288721,-33.98868897
114.8213721,-33.99368897,Legacy,271,,,,,269,41a6d3b7-19f0-4d9b-88fd-d5b3a67fa644,114.8213721,-33.99368897
114.8138721,-34.00868897,Legacy,272,F,19/10/2020,Y,30/10/2020,270,53717b53-a332-48a9-acd2-f6de7b216d0a,114.8138721,-34.00868897
114.8213721,-33.99868897,Legacy,273,Y,19/10/2020,Y,30/10/2020,271,54fa8360-c295-4628-b3a2-0f4b6bd20fdb,114.8213721,-33.99868897
114.4763721,-34.09118897,Legacy,274,,,Y,7/11/2020,272,840390ed-f5d1-4f15-a3a8-1fca70423087,114.4763721,-34.09118897
114.6463721,-34.09868897,Legacy,275,,,Y,11/11/2020,273,cd41cba8-f892-45b0-93dd-d22936154cd9,114.6463721,-34.09868897
114.6363721,-34.10118897,Legacy,276,,,Y,11/11/2020,274,78f759fa-b2e9-4986-9816-189eb8943b8d,114.6363721,-34.10118897
114.6463721,-34.10618897,Legacy,277,,,Y,11/11/2020,275,1ca3a87a-812a-4a03-a13e-3f72a4fa6d4e,114.6463721,-34.10618897
114.6388721,-34.11118897,Legacy,278,,,Y,11/11/2020,276,ee8025ba-28e2-45d0-84ff-375d15165958,114.6388721,-34.11118897
114.6663721,-34.07868897,Legacy,279,,,,,277,d773167e-5470-4ec1-93a3-0d8f933c0bbb,114.6663721,-34.07868897
114.6738721,-34.08868897,Legacy,280,Y,23/10/2020,Y,11/11/2020,278,300d0f5b-05f5-492b-94ec-3f002649967f,114.6738721,-34.08868897
114.5413721,-34.13868897,Legacy,281,,,Y,7/11/2020,279,718ac1ce-6b81-46f0-86b3-c600101ea4d1,114.5413721,-34.13868897
114.5438721,-34.14618897,Legacy,282,F,29/10/2020,Y,7/11/2020,280,a4678656-c7d6-45e6-8327-9791170a29d4,114.5438721,-34.14618897
114.5363721,-34.13868897,Legacy,283,,,Y,7/11/2020,281,6580d468-e6ba-42a3-ba93-7e856e3bb7c8,114.5363721,-34.13868897
114.4763721,-34.06618897,Legacy,284,,,Y,7/11/2020,282,d52fa0de-0020-4c43-905e-4806cf9e7468,114.4763721,-34.06618897
114.4763721,-34.07368897,Legacy,285,,,Y,7/11/2020,283,c82cdb32-ecba-4c9e-87f6-2cae94698fba,114.4763721,-34.07368897
114.4788721,-34.07868897,Legacy,286,,,Y,7/11/2020,284,bfb19d24-3b1e-4ebd-9a11-bfa88de19913,114.4788721,-34.07868897
114.4738721,-34.07868897,Legacy,287,,,Y,7/11/2020,285,bf555c47-ed98-43c3-a25d-f6cca11a7907,114.4738721,-34.07868897
114.4813721,-34.09118897,Legacy,288,,,Y,7/11/2020,286,c93ad6c3-1fc6-4992-bc08-c066942d19ed,114.4813721,-34.09118897
114.7263721,-34.06368897,Legacy,289,,,,,287,d5535f52-28c1-472f-9217-ddd6225cc9a2,114.7263721,-34.06368897
114.7188721,-34.06868897,Legacy,290,Y,23/10/2020,Y,8/11/2020,288,ffd6f3b9-caf5-4dae-b065-d0d9f53107cf,114.7188721,-34.06868897
114.7488721,-34.08368897,Legacy,291,Y,22/10/2020,,,289,d0922167-c6b0-4712-a84f-33ed0a05a894,114.7488721,-34.08368897
114.7588721,-34.08868897,Legacy,293,Y,22/10/2020,,,290,431d0486-dc4a-4297-b151-38b7fdacf1c8,114.7588721,-34.08868897
114.7538721,-34.08368897,Legacy,294,Y,22/10/2020,,,291,c4ea45d1-baa2-405b-9d3e-85d0eaf3554a,114.7538721,-34.08368897
114.7538721,-34.10368897,Legacy,295,Y,22/10/2020,Y,4/11/2020,292,7b75ce32-d224-4e0c-84b4-30d016021016,114.7538721,-34.10368897
114.7463721,-34.09368897,Legacy,296,,,,,293,18956c91-86a9-45e1-a532-e72c12d63574,114.7463721,-34.09368897
114.7488721,-34.10618897,Legacy,297,Y,22/10/2020,Y,4/11/2020,294,9b578d1d-6ba6-4fc8-8f27-f6857faf6d92,114.7488721,-34.10618897
114.6713721,-34.07618897,Legacy,298,Y,23/10/2020,Y,11/11/2020,295,c2b76658-1393-41bc-995f-0a9be790f31d,114.6713721,-34.07618897
114.6763721,-34.08118897,Legacy,299,Y,23/10/2020,Y,11/11/2020,296,6e0a6b4e-6ebb-4959-b9ca-b2b59bd29ebe,114.6763721,-34.08118897
114.6688721,-34.08618897,Legacy,300,,,,,297,9b2a49f0-9e54-4438-bb3a-ff56a8ed99c0,114.6688721,-34.08618897
114.6813721,-34.07868897,Legacy,301,,,,,298,c1b0fa07-5485-4b80-b087-22a4bab36528,114.6813721,-34.07868897
114.7238721,-34.07118897,Legacy,302,Y,23/10/2020,Y,8/11/2020,299,8c543c30-66ce-4d34-8e9c-1cd17f2b9ae7,114.7238721,-34.07118897
114.7288721,-34.05618897,Legacy,303,,,,,300,b90207d8-0cef-4ab0-a4db-7d5d8c829a4a,114.7288721,-34.05618897
114.7313721,-34.06618897,Legacy,304,,,,,301,7b23116d-5886-45d3-9426-5cc1815e93ea,114.7313721,-34.06618897
114.7238721,-34.05868897,Legacy,305,,,,,302,824797d0-3135-4381-b3ec-37de814caecd,114.7238721,-34.05868897
114.7338721,-34.10118897,Legacy,306,Y,22/10/2020,,,303,d28fc3c6-617f-4bf3-95cb-e6d99a7ee7b6,114.7338721,-34.10118897
114.7263721,-34.11868897,Legacy,307,Y,22/10/2020,Y,4/11/2020,304,82f7a698-d18c-4706-9bb0-dee9b29a1acd,114.7263721,-34.11868897
114.7288721,-34.11118897,Legacy,308,Y,22/10/2020,Y,4/11/2020,305,5609493f-bf84-43e7-a7ac-6269b6ac1658,114.7288721,-34.11118897
114.7213721,-34.11618897,Legacy,309,,,,,306,f578e65c-d449-4f2b-b78f-201416ee4f04,114.7213721,-34.11618897
114.7738721,-34.05868897,Legacy,310,Y,15/10/2020,Y,8/11/2020,307,34d5742a-29ec-4712-860a-932fd345b4ed,114.7738721,-34.05868897
114.7688721,-34.05618897,Legacy,311,Y,15/10/2020,Y,8/11/2020,308,4c77f247-49c7-4f8d-a0e5-0078003d8993,114.7688721,-34.05618897
114.7763721,-34.06618897,Legacy,312,Y,15/10/2020,Y,8/11/2020,310,b826d37b-3305-4ea1-9155-d1aa62a975e1,114.7763721,-34.06618897
114.7563721,-34.09618897,Legacy,313,Y,22/10/2020,Y,4/11/2020,311,f4887b5a-3d99-486e-8d5d-fe5eddce3fd0,114.7563721,-34.09618897
114.7488721,-34.10118897,Legacy,314,,,,,312,15696a80-3710-473f-b72e-cf7615f5836b,114.7488721,-34.10118897
114.7513721,-34.09368897,Legacy,315,,,,,313,2c7cdc8c-83da-4d63-aa94-87aba25a0e47,114.7513721,-34.09368897
114.7363721,-34.09118897,Legacy,316,,,,,314,3f53c602-b598-4528-83d2-f3f695bb3d28,114.7363721,-34.09118897
114.7263721,-34.09118897,Legacy,317,,,,,315,f9611ce5-f234-4a1f-a113-117f7bcc9e3a,114.7263721,-34.09118897
114.7413721,-34.09368897,Legacy,318,,,,,316,125ffb26-4169-4fc8-9d1f-70a93ebe8ff8,114.7413721,-34.09368897
114.7313721,-34.09368897,Legacy,319,Y,22/10/2020,,,317,33bf5c30-bb2e-4df6-a690-0f823ff860da,114.7313721,-34.09368897
114.7263721,-34.09868897,Legacy,320,,,,,318,b58a4788-5ff4-47a5-99d9-2aa4564f74af,114.7263721,-34.09868897
114.4680833,-34.04818333,Deans,321,,,Y,7/11/2020,319,4f35b6bf-ee78-4f87-a5d2-f1de602e4732,114.4680833,-34.04818333
114.5438833,-34.03273333,Deans,322,,,Y,7/11/2020,320,af11d5ea-7716-4177-8a9e-8928f0579b4a,114.5438833,-34.03273333
114.6001,-34.03103333,Deans,323,,,Y,11/11/2020,321,582c1826-e4c0-4179-ac9b-7fdfcb152d31,114.6001,-34.03103333
114.6406,-33.99836667,Deans,324,Y,23/10/2020,Y,11/11/2020,322,c350332b-7d79-4566-a3d3-9b2d2b711a39,114.6406,-33.99836667
114.7443,-33.99175,Deans,325,Y,15/10/2020,Y,8/11/2020,323,23740e5c-6805-4568-9e0a-41267ede25bc,114.7443,-33.99175
114.6892833,-34.00425,Deans,326,,,Y,11/11/2020,324,e18f9d60-1386-47a1-85c0-ab2ec02ff93f,114.6892833,-34.00425
114.7623833,-34.02946667,Deans,327,Y,15/10/2020,Y,8/11/2020,325,8aa3170d-ff07-49f6-b3d5-39e72e37e5ad,114.7623833,-34.02946667
114.8213667,-33.99356667,Deans,328,Y,19/10/2020,Y,30/10/2020,326,f8ebb668-f226-459f-b166-a725b4ba3d53,114.8213667,-33.99356667
114.7266333,-34.06481667,Deans,329,Y,23/10/2020,Y,8/11/2020,327,e5a6e36a-2a70-49ea-b438-c59bc1516705,114.7266333,-34.06481667
114.7545,-34.08833333,Deans,330,Y,22/10/2020,,,328,651bb525-ff35-4f70-bfe4-7657bb242547,114.7545,-34.08833333
114.75005,-34.0984,Deans,331,Y,22/10/2020,Y,4/11/2020,329,ebfaf995-7ee4-442f-bcae-8053cf644ebb,114.75005,-34.0984
114.7344833,-34.09718333,Deans,332,Y,22/10/2020,,,330,8f2bd9c2-f5db-47e0-b8c1-1492d76759b6,114.7344833,-34.09718333
114.7251333,-34.11301667,Deans,333,Y,22/10/2020,Y,4/11/2020,331,81c4ed3a-ccaf-40ae-bb17-860bbe2a8dd2,114.7251333,-34.11301667
114.7753667,-34.06155,Deans,334,Y,15/10/2020,Y,8/11/2020,332,b7e5b0a6-f05b-411e-906e-90a5940316a0,114.7753667,-34.06155
114.7939833,-34.06686667,Deans,335,Y,15/10/2020,Y,8/11/2020,333,72587c77-40b2-4f4a-979f-7fa95f76d735,114.7939833,-34.06686667
114.8663667,-34.0924,Deans,336,F,16/10/2020,Y,31/10/2020,334,0e574a83-16a7-4826-ad97-3ee85f0840d2,114.8663667,-34.0924
114.8202333,-34.00536667,Deans,337,Y,19/10/2020,Y,30/10/2020,335,d161e8a0-85a7-43e7-91c6-39c8c99c2f30,114.8202333,-34.00536667
114.92245,-33.97231667,Deans,338,Y,19/10/2020,Y,30/10/2020,336,1e17d07f-55ef-4f90-adba-22d2942304a9,114.92245,-33.97231667
114.8785,-34.01461667,Deans,339,Y,19/10/2020,Y,31/10/2020,337,c0320868-6dfb-48bb-bfa5-a10d525906d0,114.8785,-34.01461667
114.5377833,-34.14303333,Deans,340,,,Y,7/11/2020,338,8f2a4a96-049a-41d8-a638-d2b1195b84e2,114.5377833,-34.14303333
114.47755,-34.07246667,Deans,341,,,Y,7/11/2020,339,e9d05254-9503-4b0c-8a9e-48b9bd76e7ca,114.47755,-34.07246667
114.47515,-34.09581667,Deans,342,,,Y,7/11/2020,340,ebfcd5d2-8d56-4acc-8d79-795056abe91f,114.47515,-34.09581667
114.6407167,-34.10261667,Deans,343,,,Y,11/11/2020,341,0e73a97e-7d58-4464-8b4d-d6523be58ad8,114.6407167,-34.10261667
114.6744,-34.0844,Deans,344,F,23/10/2020,Y,11/11/2020,342,3544e54a-d3d5-4469-ab68-24fce42f26bc,114.6744,-34.0844
114.5513721,-34.02868897,Legacy,345,,,Y,7/11/2020,343,a8853c48-5a6e-4b93-a4dd-2a9b57c9df7e,114.5513721,-34.02868897
114.5463721,-34.02618897,Legacy,346,,,Y,7/11/2020,344,9edf3bd3-5df0-41a1-8f33-d0310ab5c659,114.5463721,-34.02618897
114.5413721,-34.02868897,Legacy,347,,,Y,7/11/2020,345,3cfe98fd-ef1e-4353-8990-5fdb5fbd8e6c,114.5413721,-34.02868897
114.5463721,-34.03368897,Legacy,348,,,,,346,d15271fb-8824-43b9-be14-41c376bd1971,114.5463721,-34.03368897
114.5963721,-34.02368897,Legacy,349,,,Y,11/11/2020,347,caa448ae-0b4a-4cfa-8b53-49bcf16696c6,114.5963721,-34.02368897
114.6038721,-34.02618897,Legacy,350,,,Y,11/11/2020,348,ce504b40-0723-4b8c-8ca4-67503016cc04,114.6038721,-34.02618897
114.5963721,-34.03118897,Legacy,351,,,Y,11/11/2020,349,ffe4f5c9-c1e2-4570-ae0c-532dbbe0ffa9,114.5963721,-34.03118897
114.5988721,-34.03618897,Legacy,352,,,Y,11/11/2020,350,4efb34e1-eb1a-4ade-b4c9-a6d9d62d3a36,114.5988721,-34.03618897
114.8390667,-34.05436667,Deans,353,Y,15/10/2020,Y,31/10/2020,351,052d040e-dcf2-419b-939d-053431b4edd6,114.8390667,-34.05436667
114.84,-34.06605,Deans,354,Y,15/10/2020,,,352,45ba57b2-9b9d-43d1-b6e2-dfaadc975861,114.84,-34.06605
114.9111,-34.05473333,Deans,355,Y,29/10/2020,,,353,3301b0a8-ad04-4876-91cf-b3a54afd0b30,114.9111,-34.05473333
114.9184667,-34.06956667,Deans,356,Y,16/10/2020,Y,31/10/2020,354,9021d92c-b1f1-478e-803e-8f77f10971f5,114.9184667,-34.06956667
114.928,-34.08496667,Deans,357,Y,16/10/2020,,,355,590dfbc4-3508-4a83-89f1-b9bedf8f8678,114.928,-34.08496667
114.4763721,-34.04618897,Legacy,358,,,Y,7/11/2020,356,6d1a331a-fc06-49f1-a76f-fc60d4691742,114.4763721,-34.04618897
114.4688721,-34.05368897,Legacy,359,,,,,357,f57cbbd1-2a3a-4178-a775-c0f813489e5e,114.4688721,-34.05368897
114.4713721,-34.04368897,Legacy,360,,,Y,7/11/2020,358,5c1ff7fd-f851-4b90-bcd1-93459a50a361,114.4713721,-34.04368897
114.7413721,-33.98868897,Legacy,361,Y,15/10/2020,Y,8/11/2020,359,37acbc21-9a2d-43f8-aae7-3497bd1cf449,114.7413721,-33.98868897
114.7438721,-33.99368897,Legacy,362,,,,,360,7a6e07a5-9233-4cf4-97c2-98cdba7681da,114.7438721,-33.99368897
114.7513721,-33.98618897,Legacy,363,Y,15/10/2020,Y,8/11/2020,361,b68536b8-38b1-4d7a-ad7c-a9890626ca32,114.7513721,-33.98618897
114.6888721,-34.00868897,Legacy,364,,,Y,11/11/2020,362,2ad7c1be-b02e-46a6-ba2a-bf07c838cf03,114.6888721,-34.00868897
114.7538721,-34.02368897,Legacy,365,Y,15/10/2020,Y,8/11/2020,363,7072ff1b-6314-4cde-807e-1c06d0e5a156,114.7538721,-34.02368897
114.7688721,-34.02868897,Legacy,366,,,,,364,61c3e2c6-8a23-496f-8de2-5865133fa561,114.7688721,-34.02868897
114.7613721,-34.03368897,Legacy,367,,,,,365,59939e41-9d0f-4816-8115-ca9a8a44deda,114.7613721,-34.03368897
114.7663721,-34.03368897,Legacy,368,,,,,366,5f6f81d8-0280-4e3a-a0a9-1130a2d0ba2c,114.7663721,-34.03368897
114.5913721,-34.02868897,Legacy,369,,,Y,11/11/2020,367,394d4070-ff79-4a8c-a73c-a85066dd09f3,114.5913721,-34.02868897
114.6463721,-33.99618897,Legacy,370,Y,23/10/2020,Y,11/11/2020,368,ee3292e5-7983-42dd-bbdf-53ea1ecdb09a,114.6463721,-33.99618897
114.6388721,-34.00118897,Legacy,371,,,,,369,75305375-fed9-4068-a851-4b1828ed67e5,114.6388721,-34.00118897
114.6438721,-34.00618897,Legacy,372,F,23/10/2020,Y,11/11/2020,370,c0163b7a-19ee-4b88-bc35-5ef556a86174,114.6438721,-34.00618897
114.7388721,-33.99618897,Legacy,373,,,,,371,bf6c9159-4679-4dc3-80d2-c1a011555e3b,114.7388721,-33.99618897
114.7463721,-33.98618897,Legacy,374,Y,15/10/2020,Y,8/11/2020,372,8ac67da4-bda1-42c6-bb92-ff64c398d2f3,114.7463721,-33.98618897
114.7488721,-33.99618897,Legacy,375,,,,,373,5a31d3e8-783f-416b-a757-30f34a6cb011,114.7488721,-33.99618897
114.7588721,-34.13868897,MBH,377,Y,22/10/2020,Y,4/11/2020,374,5bfbea85-1811-4e10-8b08-6c963c5334a6,114.7588721,-34.13868897
114.6388721,-33.99368897,Legacy,378,Y,23/10/2020,Y,11/11/2020,375,d6c03576-ad47-4093-b4e2-3b91a356506a,114.6388721,-33.99368897
114.6813721,-34.08368897,Legacy,379,,,,,376,d098d4c4-0754-486b-b5d2-d60e17caa9a5,114.6813721,-34.08368897
